# IGS14 COORDINATES OF GAGE GPS NETWORK MONUMENTS 
#
# 1838 active stations analyzed by GAGE: Created on 01-JUL-2026 22:49:29
# WGS84 ellipsoid.  Position epoch specified for each site.
#
# ID, Station Name, Latitude (deg), Longitude (deg), Ellipsoidal Elevation (m), X (m), Y (m), Z (m), Epoch Date (YYYYMMDD)
1LSU, Louisiana_St,       30.4074245990,  -91.1802641795,   -6.61861,  -113403.10894, -5504361.27925,  3209404.15986, 20260630
1NSU, Northwestern,       31.7508004354,  -93.0976060235,   28.01886,  -293349.75159, -5420742.30309,  3336980.80282, 20260630
1ULM, U_Of_La_At_M,       32.5290337232,  -92.0759089686,   15.93655,  -194982.31661, -5379221.89685,  3410046.78369, 20260630
7ODM, Seven_Oaks_SCIGN,   34.1164088465, -117.0931992850,  762.07883, -2407751.42550, -4706536.31379,  3557571.57537, 20260630
AB02, Nikolski__AK2007,   52.9706018583, -168.8546722426,  192.81689, -3776808.51149,  -744083.76495,  5068727.86500, 20260630
AB04, Savoonga__AK2007,   63.6568606362, -170.5674434061,  136.54732, -2799600.88554,  -465105.46148,  5692966.16579, 20260630
AB06, FalsePass_AK2005,   54.8853186230, -163.4234559012,  500.44846, -3524499.91678, -1049128.15154,  5194459.80075, 20260630
AB07, SandPoint_AK2004,   55.3492704544, -160.4767572722,   89.50002, -3425750.52364, -1214686.07529,  5223662.38265, 20260630
AB08, Mekoryuk__AK2008,   60.3848279521, -166.2008569138,   26.50294, -3068712.48889,  -753699.41712,  5521813.22412, 20260630
AB09, Razorback_AK2007,   65.6149774997, -168.0621257157,  162.08038, -2583615.02827,  -546237.02276,  5786501.60328, 20260630
AB11, Nome_AnvilAK2006,   64.5644921431, -165.3734593368,  349.44392, -2658010.69460,  -693674.87436,  5737338.36268, 20260630
AB14, DillinghamAK2007,   59.1081620001, -159.0915334018,  657.65353, -3066909.90078, -1171658.32035,  5450696.41102, 20260630
AB15, Nyac_Gold_AK2006,   61.0397486539, -159.8783626092,  560.32895, -2907528.50694, -1065249.56396,  5557978.83118, 20260630
AB17, UnalakleetAK2008,   63.8863554774, -160.6947325158,  117.43249, -2656728.29405,  -930647.22544,  5704255.50395, 20260630
AB18, Kotzebue__AK2007,   66.8583592989, -162.6135093991,   37.09991, -2398929.46696,  -751157.79392,  5842257.54751, 20260630
AB21, AdakIAleutAK2006,   51.8641478657, -176.6626506168,   59.41162, -3940203.84921,  -229767.86058,  4993529.78910, 20260630
AB22, IlliamnaHPAK2006,   59.8993157907, -154.6982603651,  199.86743, -2899273.75308, -1370588.12432,  5495032.82967, 20260630
AB25, Tatalina__AK2008,   62.9293064388, -156.0233928280,  961.05152, -2659626.58292, -1182841.15410,  5657252.30272, 20260630
AB28, Rainy_PassAK2006,   62.0938110131, -152.8149204243, 1582.76918, -2663005.56113, -1367722.43715,  5614814.66336, 20260630
AB33, Coldfoot__AK2006,   67.2510088335, -150.1725471975,  334.77316, -2145891.52447, -1230329.46130,  5859603.48889, 20260630
AB37, Paxson2___AK2004,   62.9673211693, -145.4518865048, 1136.68777, -2394434.12174, -1648611.15245,  5659336.07266, 20260630
AB41, EagleAirptAK2006,   64.7773227706, -141.1580706926,  285.91168, -2122882.52063, -1709400.69103,  5747432.66829, 20260630
AB43, CapeSpenceAK2007,   58.1988411228, -136.6408139713,   27.27950, -2449678.97408, -2313242.99078,  5397464.31251, 20260630
AB44, SkagwayUSCAK2005,   59.5280371251, -135.2283016293,  304.50929, -2302043.68493, -2283770.88216,  5474262.05433, 20260630
AB45, SagRivrDOTAK2007,   68.7604912971, -148.8711551588,  507.02222, -1983815.81653, -1198076.78454,  5922819.02298, 20260630
AB46, ArcticVilgAK2007,   68.1206683960, -145.5679052231,  647.87074, -1966278.15276, -1347957.18754,  5896722.87482, 20260630
AB48, PortAlexanAK2005,   56.2450593214, -134.6470020048,    5.33782, -2496256.35870, -2527206.18886,  5279656.33172, 20260630
AB49, KlawockAirAK2006,   55.5800996281, -133.0684898939,   17.52743, -2467568.26668, -2639809.40496,  5238172.15381, 20260630
AB50, MendenhallAK2005,   58.4167730778, -134.5453053918,   51.89293, -2348976.77417, -2386558.38182,  5410237.77367, 20260630
AB51, PetersburgAK2005,   56.7976205732, -132.9135658660,   76.09761, -2383749.94609, -2564002.76227,  5313656.11749, 20260630
ABMF, Les_Abymes,_Guad,   16.2623076915,  -61.5275347602,  -25.57492,  2919785.83571, -5383744.88788,  1774604.95446, 20260630
AC02, AkhiokCorpAK2005,   56.9505853943, -154.1830511906,  126.88489, -3138667.80550, -1518436.89637,  5323007.43483, 20260630
AC03, AnchorPnt_AK2007,   59.7706336950, -151.8645354576,   19.77900, -2838820.59697, -1518047.90344,  5487673.07335, 20260630
AC06, BradleyLakAK2005,   59.7636347486, -150.8905623145,  631.59218, -2813464.10317, -1566561.08548,  5487809.03970, 20260630
AC07, Buckland__AK2007,   65.9612892533, -161.2866174045,  176.31814, -2467774.39840,  -835938.03759,  5802351.56263, 20260630
AC08, CapDouglasAK2007,   58.9287714568, -153.6447026192,  644.29854, -2957192.73852, -1465088.57144,  5440397.28282, 20260630
AC09, KayakIsl__AK2007,   59.8684792101, -144.5238561705,  368.93532, -2614063.21839, -1862951.47507,  5493455.21643, 20260630
AC10, CpSarichefAK2008,   54.5225781556, -164.8867311267,  170.53453, -3581775.88916,  -967327.23809,  5170857.97665, 20260630
AC11, ChickaloonAK2005,   61.8070776342, -148.3317554811,  790.95663, -2571637.99311, -1586307.69728,  5599086.75122, 20260630
AC13, ChirikofIsAK2008,   55.8218944593, -155.6224010602,  222.72046, -3271200.36509, -1482340.45013,  5253511.98992, 20260630
AC14, EstherIsleAK2007,   60.8487034523, -147.9995889397,  748.75964, -2641852.15585, -1650838.79882,  5547803.83325, 20260630
AC15, CooperLndgAK2005,   60.4813321249, -149.7240129690,  151.58766, -2720900.48121, -1588436.50533,  5527227.78402, 20260630
AC17, DriftRiverAK2006,   60.6638980619, -152.4038481644,  882.74991, -2776807.45405, -1451442.39319,  5537859.77775, 20260630
AC18, Ushagat_IsAK2008,   58.9259545125, -152.2495338362,  214.83810, -2920685.97168, -1536677.56640,  5439867.47835, 20260630
AC19, FarewellMTAK2008,   62.5192097934, -153.6073353086,  546.54981, -2643624.43863, -1311884.74389,  5635934.59568, 20260630
AC20, Girdwood__AK2005,   60.9292065677, -149.3525100373,   43.79347, -2673055.29680, -1583832.44453,  5551552.24682, 20260630
AC21, PerryvilleAK2006,   55.9210822272, -159.1277197263,  170.85407, -3347143.26360, -1276294.58499,  5259665.22153, 20260630
AC23, Soldotna__AK2007,   60.4750897107, -150.8779576761,   80.92239, -2752836.14019, -1533596.37166,  5526823.56049, 20260630
AC24, KingsalmonAK2006,   58.6815686551, -156.6527576718,   36.38028, -3051338.99115, -1317097.81764,  5425614.06654, 20260630
AC25, King_Cove_AK2005,   55.0889642106, -162.3140535779,  584.27503, -3485880.77874, -1111544.43265,  5207536.98604, 20260630
AC26, Cape_Gull_AK2008,   58.2145523550, -154.1502949046,  190.20510, -3030887.75860, -1468433.56272,  5398524.77327, 20260630
AC27, AC27MNeil_AK2004,   59.2525025342, -154.1628830535,  417.54700, -2942366.66654, -1424747.90688,  5458728.92539, 20260630
AC29, middleton_AK2014,   59.4295891890, -146.3399819142,   56.62051, -2706780.32462, -1802470.39595,  5468478.46879, 20260630
AC31, Bald_Head_AK2006,   64.6379721003, -162.2391273632,  228.33557, -2609009.08627,  -835696.25037,  5740742.80858, 20260630
AC32, Mt_SusitnaAK2006,   61.4731175026, -150.7369205420, 1347.78333, -2664748.91396, -1493130.28983,  5581895.69913, 20260630
AC33, TokoDenaliAK2007,   62.6711744866, -150.6850791511, 1521.16485, -2560583.77744, -1437809.54296,  5644596.87786, 20260630
AC34, OldHarbor_AK2006,   57.2200263616, -153.2791845029,  103.28899, -3091813.47634, -1556427.82148,  5339292.49097, 20260630
AC36, MoosePointAK2008,   60.9553143716, -150.6083518255,   46.53943, -2704911.28370, -1523619.74895,  5552967.60164, 20260630
AC38, Quartz_CrkAK2005,   57.7536830343, -153.3418772980,   43.92617, -3048695.71492, -1530543.28884,  5371187.28124, 20260630
AC39, ShuyakIsSPAK2006,   58.6097159439, -152.3940762120,  157.29610, -2951219.46820, -1543248.79213,  5421552.75254, 20260630
AC40, PortHeidenAK2007,   56.9303469437, -158.6185721014,   39.92547, -3248413.76940, -1271824.91983,  5321705.10521, 20260630
AC42, SanakIslndAK2007,   54.4717728422, -162.7836535458,  257.92348, -3548311.19925, -1099495.23067,  5167644.70035, 20260630
AC44, ArcticVly_AK2008,   61.2421714221, -149.5671308249,  832.19533, -2652975.46721, -1558537.97088,  5569105.04023, 20260630
AC45, SitkinakIsAK2006,   56.5644545649, -154.1809683303,  451.01075, -3171145.61779, -1534291.40182,  5299706.81401, 20260630
AC46, Skwentna_RAK2006,   61.9862650924, -151.5240051643,  619.82463, -2640427.03100, -1432202.84847,  5608343.65439, 20260630
AC48, NakedIsl__AK2007,   60.6458650216, -147.3430255199,  379.50876, -2639213.10658, -1691547.33499,  5536436.31685, 20260630
AC50, BaldyMtn__AK2007,   65.5538453216, -164.5665704599,  516.83912, -2551628.21749,  -704437.47975,  5784006.94630, 20260630
AC51, StrandlineAK2007,   61.4980791032, -151.8353504923,  957.50774, -2690563.15152, -1440530.71253,  5582880.90772, 20260630
AC52, PilotPointAK2007,   57.5672454464, -157.5742194673,   51.85683, -3169558.26025, -1308066.39377,  5360086.57758, 20260630
AC57, ThompsonPaAK2006,   61.1385978650, -145.7427117952,  826.53295, -2551471.81288, -1737710.37984,  5563537.53017, 20260630
AC58, StPaulIsldAK2008,   57.1560847319, -170.2178208931,   19.37927, -3416996.36917,  -589123.30802,  5335363.31704, 20260630
AC59, AC59Ursus_AK2004,   59.5671932040, -153.5852025960,  308.66687, -2900773.72303, -1440890.47167,  5476476.58679, 20260630
AC60, Westeast__AK2008,   52.7146188006,  174.0762632920,   18.32837, -3851330.44194,   399608.93687,  5051382.41332, 20260630
AC61, ChickenM61AK2006,   64.0292567213, -142.0758507099,  745.39580, -2209480.93532, -1721530.10466,  5711814.04449, 20260630
AC62, DenliHwy32AK2004,   63.0836043534, -146.3127040102, 1347.18690, -2409398.03144, -1606097.01197,  5665403.92567, 20260630
AC63, ATTPS_____AK2004,   63.5024231596, -145.8472485806,  815.17906, -2361555.86063, -1602066.42246,  5685913.35538, 20260630
AC64, MtnDrumVP_AK2004,   62.7140150960, -144.3039961406,  774.63740, -2381196.38065, -1710811.35817,  5646124.48152, 20260630
AC65, Mentasta__AK2004,   62.8315096695, -143.7042243061,  735.90989, -2353756.79554, -1728739.09288,  5652082.31301, 20260630
AC66, AmchitkaIsAK2006,   51.3781272051,  179.3013198441,  106.77667, -3989021.10110,    48645.60813,  4959993.82409, 20260630
AC67, PillarMtn_AK2006,   57.7907164706, -152.4254385928,  347.37082, -3020876.51738, -1577568.67668,  5373643.60992, 20260630
AC70, Brokebits_AK2003,   63.3047084057, -148.1883272250,  810.90053, -2441773.31174, -1514652.38098,  5676041.39819, 20260630
AC71, DeltaJunc_AK2003,   64.0493020526, -145.7136266529,  364.02322, -2312459.52900, -1576647.17593,  5712449.45201, 20260630
AC72, DonnellyC_AK2002,   63.6950553843, -145.8876993791,  558.88066, -2346666.21699, -1589547.31708,  5695232.85254, 20260630
AC74, Cantwello_AK2002,   63.4643537884, -148.8072640863,  668.62021, -2444326.89012, -1479913.45568,  5683887.42299, 20260630
AC75, Hurricane_AK2002,   62.9993017122, -149.6088263146,  608.69551, -2504694.02434, -1468976.64675,  5660485.13690, 20260630
AC76, LogCabin__AK2008,   63.0399957415, -143.2588182228, 1585.31573, -2323971.08765, -1734834.46483,  5663413.65797, 20260630
AC77, Sourdough_AK2003,   62.6880306873, -145.4262644163,  746.92894, -2416356.47074, -1665298.39838,  5644771.43284, 20260630
AC78, Tetlin_2__AK2009,   63.1134886979, -142.0279407432,  643.73298, -2280073.67517, -1779598.86611,  5666283.96799, 20260630
AC79, Montague2_AK2010,   59.9978718815, -147.4030530317,  287.73661, -2693794.40522, -1722551.15390,  5500607.76263, 20260630
AC80, YentnaRvr2AK2010,   62.3940743514, -151.7650452049, 1114.55274, -2611210.30845, -1402170.39854,  5629988.14745, 20260630
AC81, Willow_AirAK2025,   61.7613129141, -150.0536949248,   72.80665, -2621743.80491, -1510390.29454,  5596042.47112, 20260630
ACHO, Achotines___2011,    7.4147326687,  -80.1731032422,   35.56932,  1079533.41851, -6232387.05257,   817642.31690, 20260630
ACSB, AlisoCreekCA2013,   33.2742669099, -117.4448964452,  -12.32604, -2460183.94990, -4737087.13887,  3479422.88834, 20260630
ACSO, AlumCreek_OH2006,   40.2323611018,  -82.9815347570,  248.14714,   595827.92600, -4839733.90567,  4097876.60812, 20260630
ACSX, AlisoCreekCA2016,   33.2742669052, -117.4448964359,  -12.32372, -2460183.95016, -4737087.14124,  3479422.88918, 20260630
ADRI, Adrian,             41.9189896069,  -84.0242831837,  205.92929,   494837.87665, -4727340.11816,  4239050.32192, 20260630
AGMT, AGMT_SCGN_CS1999,   34.5942812753, -116.4293826992, 1337.82349, -2339956.65625, -4707748.65290,  3601666.03098, 20260630
AGNS, AgnessRR__OR2021,   42.5527648097, -124.0591143652,   51.35837, -2635435.85318, -3898512.00867,  4291069.04217, 20260630
AGPR, AGPR_PRSN_US2017,   18.4675343473,  -67.1112341241,   72.97171,  2353801.79060, -5575278.63512,  2007557.20425, 20260630
AHID, AHID_EBRY_ID2000,   42.7731177510, -111.0637441156, 1975.53234, -1685815.85236, -4377138.72562,  4310375.97058, 20260630
AIRS, AIR_Studios,        16.7408304101,  -62.2138545946,   84.43824,  2848125.73063, -5405118.77610,  1825410.37055, 20260630
AL30, ALDOT_3_DIV_OFF,    33.5323512119,  -86.8534164248,  148.45437,   292139.63509, -5314188.10928,  3503407.87833, 20260630
AL50, ALDOT_5_DIV_OFF,    33.1679743240,  -87.5015168567,   97.86725,   232977.55720, -5339307.04530,  3469621.17801, 20260630
AL60, ALDOT_6_DIV_OFF,    32.4113740984,  -86.2705498758,   44.68886,   350579.72098, -5378369.85699,  3399054.06077, 20260630
AL90, ALDOT_9_DIV_OFF,    30.6908306942,  -88.0317138301,  -17.38813,   188545.85006, -5486311.73098,  3236456.36062, 20260630
ALAM, Alamo,              37.3579565928, -115.1584622069, 1090.00182, -2158287.86761, -4595239.50619,  3849706.57432, 20260630
ALBH, Albert_Head,        48.3897796838, -123.4874726833,   31.77297, -2341333.17439, -3539049.54215,  4745791.23157, 20260630
ALGO, Algonquin,          45.9558008140,  -78.0713726573,  200.97947,   918129.03042, -4346071.35079,  4561977.93990, 20260630
ALPP, Alamo_PowerSCIGN,   34.8244919976, -118.6948055071,  918.09740, -2517070.26440, -4598512.59322,  3622424.67771, 20260630
ALUT, Alta,_Utah,         40.5839063584, -111.6202181496, 2824.00253, -1788072.37233, -4511503.42395,  4129277.63816, 20260630
ANA1, ANA1_SCGN_CS2002,   34.0150089168, -119.3634777067,   22.42098, -2595092.82152, -4612419.87436,  3547839.18830, 20260630
ANAT, Anatone_WA,         46.1328629990, -117.1354305480, 1087.26593, -2019789.99375, -3941004.34495,  4576277.84073, 20260630
AQUE, AQUE_NV_USA_2023,   37.2381187040, -116.1599137557, 1909.72500, -2242114.06896, -4564636.34832,  3839620.73014, 20260630
AR27, Area_27_CPCA2013,   33.3418505129, -117.3249360080,   32.28478, -2448388.13537, -4738603.87398,  3485711.77285, 20260630
AR53, Area_53_CPCA2013,   33.3811372942, -117.4765105586,  111.02264, -2459840.17843, -4730042.57846,  3489394.43426, 20260630
ARBT, BATESVILLE,         35.7098754376,  -91.6285496714,   91.97136,  -147354.26314, -5182834.61762,  3702154.37455, 20260630
ARCM, Camden,             33.5424044360,  -92.8827343791,   25.46014,  -267628.45185, -5314759.41283,  3504269.35669, 20260630
ARFY, FAYETTEVILLE,       36.1157980592,  -94.1800495841,  349.53972,  -376023.75470, -5144995.60427,  3738785.09011, 20260630
ARHP, Hope,               33.6960552712,  -93.6005550525,   84.43272,  -333601.29753, -5301621.21710,  3518493.82361, 20260630
ARHR, Harrison,           36.1842386093,  -93.0302133156,  332.30585,  -272465.42362, -5147017.53325,  3744907.44965, 20260630
ARLN, Arlington,          45.7082043138, -120.1832725672,  120.38034, -2243186.53744, -3856769.88449,  4542744.79114, 20260630
ARM1, Arvin_Main1SCIGN,   35.2012518553, -118.9104288869,   76.15252, -2522429.97267, -4567408.89163,  3656177.78713, 20260630
ARM2, Arvin_Main2SCIGN,   35.2012595493, -118.9105636776,   76.14976, -2522440.47871, -4567402.52478,  3656178.48306, 20260630
ARPG, Patagould,          36.0591140558,  -90.5187956431,   68.35318,   -46741.45542, -5161984.24039,  3733536.47997, 20260630
ASBU, Astronaut_Butte,    43.8205640298, -121.3685091224, 1508.85211, -2399895.45608, -3936523.46488,  4394773.04683, 20260630
ASUB, ASU-Boone,          36.2141313994,  -81.6818550835,  956.57891,   745448.81596, -5098561.75185,  3747953.11578, 20260630
AT01, StMichael_AK2018,   63.4840432473, -162.0064018502,   21.65965, -2715528.74417,  -881993.33929,  5684288.80351, 20260630
ATT3, ATTECO3_RDOM2019,   18.5069348241,  -69.9791714434,   29.52961,  2071412.36537, -5684727.88238,  2011679.48751, 20260630
ATW2, ATW2_AKDA_AK2000,   61.5977524093, -149.1322986558,   97.12760, -2610899.54054, -1560592.81882,  5587416.71802, 20260630
AV01, AV01AUGST_AK2004,   59.3585257618, -153.4608032484,  487.30255, -2915632.98369, -1456172.28224,  5464818.39522, 20260630
AV02, AV02AUGST_AK2004,   59.3329695324, -153.4283931622,  229.89584, -2916882.02276, -1458858.21451,  5463145.32055, 20260630
AV04, AV04AUGST_AK2004,   59.3625782760, -153.4446749411,  915.98058, -2915070.89967, -1456916.95056,  5465417.32844, 20260630
AV06, AKU_AkutPtAK2005,   54.1471756958, -165.7657224147,  463.15058, -3629267.50263,  -920656.46514,  5146731.05268, 20260630
AV07, AKU_NWSlopAK2005,   54.1629334591, -166.0385391629,  521.21446, -3632263.21792,  -903030.30080,  5147805.30876, 20260630
AV09, Haystack__AK2004,   53.8756309663, -166.5418383488,  105.73692, -3664985.95036,  -877055.28749,  5128680.52586, 20260630
AV10, AKU_SESlopAK2005,   54.0976056532, -165.9337665346,  329.61437, -3636213.08312,  -911075.77266,  5143389.08478, 20260630
AV11, Augs_MoundAK2006,   59.3706229314, -153.3546878829,  114.99435, -2911725.03996, -1460964.59169,  5465184.80615, 20260630
AV13, AKUFumarolAK2005,   54.1530776766, -165.8978165470,  494.88321, -3630881.95898,  -912161.60910,  5147141.54628, 20260629
AV14, AKU_HarborAK2005,   54.1188910255, -165.8415701303,  396.41152, -3632919.14519,  -916465.80215,  5144832.24168, 20260630
AV15, AKU_EastPtAK2005,   54.1001901331, -165.7101148237,  457.47910, -3632475.87573,  -925223.59025,  5143661.35588, 20260630
AV16, AugvLagoonAK2006,   59.3859061635, -153.5350471425,   25.46669, -2914957.07069, -1451118.38223,  5465975.01104, 20260630
AV17, AugustinNWAK2006,   59.4039418301, -153.4514474767,   29.47586, -2911291.50339, -1454597.99832,  5467001.38957, 20260630
AV18, AugvNorth_AK2006,   59.3804290609, -153.4368356494,  367.17412, -2913090.75087, -1456425.46245,  5465958.32195, 20260630
AV20, Augs_SouthAK2006,   59.3473767150, -153.4282078325,  542.25385, -2915784.90147, -1458321.28761,  5464232.50412, 20260630
AV24, WestdahlNWAK2008,   54.5899813951, -164.7548058267,  481.83908, -3573815.47687,  -974011.89425,  5175462.83464, 20260630
AV26, WestdahlNEAK2008,   54.5716516732, -164.5804654105,  577.73036, -3572491.83520,  -985338.74637,  5174358.36662, 20260630
AV27, WestdahlSWAK2008,   54.4923468467, -164.7231656600,  978.06490, -3582095.41851,  -978393.89477,  5169561.47110, 20260630
AV29, WestdahlSEAK2008,   54.4723491435, -164.5861506726,  972.01707, -3581489.03597,  -987437.88601,  5168263.13405, 20260630
AV34, IsanotskiSAK2008,   54.7249056641, -163.7129208220,  636.43945, -3543838.88549, -1035423.55734,  5184277.87581, 20260630
AV35, TugamakRngAK2007,   54.8466915560, -164.3869178296,  647.01500, -3545110.86115,  -990685.33801,  5192104.82857, 20260630
AV36, ShshldinNWAK2008,   54.7717910266, -164.1268053374,  648.43629, -3547132.51043, -1008633.36128,  5187300.35037, 20260630
AV37, ShshldinSWAK2008,   54.7093765085, -163.9972362266,  796.07617, -3550378.49571, -1018239.99477,  5183409.56837, 20260630
AV38, IsanotskiNAK2008,   54.8314655035, -163.7808752114,  492.33392, -3535678.96831, -1028489.61118,  5191002.19158, 20260630
AV40, BrownPeak_AK2008,   54.6445333592, -163.7429692888,  413.98609, -3551267.12831, -1035572.78514,  5178923.97303, 20260630
AVCA, Avoca,              43.0609144855,  -82.6877476687,  200.46729,   594061.77186, -4629522.45924,  4332585.39062, 20260630
AVRY, AVRY_SCGN_CS1998,   34.4683018891, -117.1539769507,  888.90584, -2402752.02859, -4684501.52973,  3589896.58461, 20260630
AZAM, Sopori_Elem_Sch,    31.7300313743, -111.0713624878,  928.93049, -1952484.69499, -5067522.26377,  3335496.10292, 20260630
AZFL, NAU_FLAGSTAFF,      35.1773091735, -111.6570409483, 2087.96527, -1926745.78714, -4852285.21070,  3655165.91712, 20260630
AZGB, Gila_County,        33.3953575652, -110.7714569041, 1097.80246, -1890728.19787, -4984856.37910,  3491254.48553, 20260630
AZPG, City_of_Page,       36.9086677615, -111.4626928280, 1301.94849, -1868674.08516, -4752978.95237,  3810075.39912, 20260630
AZRV, Round_Valley,       34.1319302466, -109.2810241281, 2110.63479, -1745713.53546, -4990272.97421,  3559753.69031, 20260630
AZRY, Anza_GravelSCIGN,   33.5400743586, -116.6297037527, 1265.68554, -2385740.88464, -4758051.71870,  3504739.19980, 20260630
AZSF, Safford,            32.8020353960, -109.7119163984,  896.96699, -1810293.16967, -5052641.32713,  3436011.08987, 20260630
AZSV, Star_Valley,        34.2649943429, -111.2405180062, 1465.25314, -1912125.10363, -4919431.51140,  3571602.52908, 20260630
AZTP, TEMPE,              33.4456874507, -111.9376455956,  360.37961, -1990411.77020, -4941919.76756,  3495508.03785, 20260630
AZU1, AZU1_SCGN_CS1996,   34.1260206882, -117.8964943091,  144.73279, -2472979.97845, -4671337.54468,  3558107.98865, 20260630
AZUP, Usery_Mountain_P,   33.4809242117, -111.6200139722,  591.60170, -1962261.72317, -4951053.83959,  3498896.15636, 20260630
AZVA, Sycamore_Elem_Sc,   31.9540764488, -110.7703017301, 1010.15087, -1921206.40382, -5065519.38191,  3356646.45135, 20260630
BACO, Baltimore_County,   39.3994639902,  -76.6067972245,  127.03107,  1143198.18279, -4801170.17245,  4026765.11434, 20260630
BAIE, BAIE_COMEAU,_Can,   49.1868275835,  -68.2633325604,   27.57954,  1546822.96332, -3879765.23174,  4804185.22153, 20260630
BAKE, Baker_Lake,_Cana,   64.3178192439,  -96.0023532665,    4.68567,  -289834.41814, -2756501.20598,  5725162.43294, 20260630
BALD, Bald_Mountain,      37.7834270117, -118.9013964354, 2749.55837, -2440377.40406, -4420481.39684,  3888158.12455, 20260630
BARA, Barahona,           18.2087000076,  -71.0982265486,    6.73457,  1963355.72380, -5733913.66057,  1980342.21908, 20260630
BARH, Bar_Harbor,         44.3950493071,  -68.2216944643,    6.76358,  1693644.50281, -4239067.60665,  4439567.35308, 20260630
BBDM, BBDM_SCGN_CS2000,   34.5822016740, -119.9815218857,  204.88579, -2627052.42386, -4553579.10545,  3599919.57576, 20260630
BBRY, BBRY_SCGN_CS1998,   34.2642794455, -116.8842466351, 2051.06690, -2386884.33809, -4708013.83503,  3571866.79507, 20260630
BBWY, biscuitbasin2025,   44.4858106830, -110.8551055460, 2213.60678, -1623170.57595, -4260678.02335,  4448314.58627, 20260630
BCWR, Bitter_CreeSCIGN,   34.9204634990, -119.4058562617, 1332.90262, -2571121.02589, -4561914.41890,  3631398.39693, 20260630
BDLA, Bahia_de_Los_Ang,   28.9720201523, -113.5472197113,  -30.33477, -2230959.98326, -5119314.96281,  3071173.80304, 20260630
BDRY, BDRY,               48.9866974486, -117.3499295130,  601.80427, -1926798.51956, -3725135.24340,  4790042.15847, 20260630
BELI, BellinghamWA,       48.7552671771, -122.4789748932,   10.57512, -2262309.12914, -3553991.30823,  4772667.52239, 20260630
BEMT, BEMT_SCGN_CS2001,   34.0005331703, -115.9981944639, 1373.63481, -2320746.48585, -4758616.02353,  3547263.73068, 20260630
BEPK, BEPK_SCGN_CS2000,   35.8783880255, -118.0740983706, 2471.08717, -2435855.91607, -4566920.50221,  3718714.77016, 20260630
BET1, Bethel_Waas,        60.7879124252, -161.8417257327,   51.72771, -2965385.12906,  -972576.60561,  5543892.33498, 20260630
BGGY, BGGY__AntiguaBGG,   17.0451214813,  -61.8611621845,  356.27435,  2876851.10433, -5379084.54748,  1857712.64221, 20260630
BGIS, Bell_GardenSCIGN,   33.9671205883, -118.1597044777,    2.76527, -2499014.96570, -4668524.12110,  3543423.97970, 20260630
BIGD, Grand_Coulee_WA,    47.9332924394, -118.9888358421,  493.31473, -2075010.55000, -3745138.93871,  4712276.27200, 20260630
BIJA, Bijagual,            9.7499760668,  -84.5768670212,  555.63031,   594201.42495, -6259021.08185,  1073098.00138, 20260630
BILL, BILL_SCGN_CS1997,   33.5782456079, -117.0646073235,  470.03431, -2420421.10640, -4737131.03690,  3507827.89105, 20260630
BILS, BILS,               47.5393441769, -124.2525266500,   38.37778, -2427910.96972, -3565526.87248,  4682480.20154, 20260630
BKAP, BKAP_SCGN_CS2000,   35.2870461490, -116.0804277649,  252.02705, -2291496.40690, -4681573.33119,  3664053.20222, 20260630
BKMS, BKMS_SCGN_CS1998,   33.9622608529, -118.0947062793,   11.00468, -2493862.27559, -4671627.78150,  3542981.50375, 20260630
BLA1, BlacksburgVA2006,   37.2113489873,  -80.4205105082,  605.69464,   846444.73276, -5015399.76976,  3836465.72110, 20260630
BLW2, BLW2_EBRY_WY2003,   42.7671258368, -109.5578050124, 2215.57966, -1570410.23378, -4420523.20205,  4310050.18655, 20260630
BLYT, Blythe_AirpSCIGN,   33.6104135024, -114.7148540279,   85.92606, -2223207.03112, -4830299.76987,  3510587.46935, 20260630
BMHL, BMHL_SCGN_CS1999,   34.2514440188, -116.0529813226,  722.63212, -2318200.03314, -4741880.60142,  3569941.95273, 20260630
BNZA, BNZA_KIVU_RW2022,   -1.8977884781,   29.2972924815, 1709.04421,  5560783.85775,  3120220.84470,  -209865.58583, 20260615
BOGT, Bogota_Colombia,     4.6400757158,  -74.0809395950, 2576.15670,  1744398.85870, -6116036.94076,   512731.99169, 20260630
BOMG, Bombay_Beach,       33.3646281964, -115.7297086393,  -84.22709, -2314878.98143, -4803587.60224,  3487757.90829, 20260630
BRAN, Brand_BasinSCIGN,   34.1848968390, -118.2770577479,  246.22675, -2502255.31832, -4651653.61987,  3563569.52754, 20260630
BREW, Brewster_VLBA,      48.1315220546, -119.6826374215,  238.59701, -2112007.46260, -3705351.82403,  4726826.99092, 20260630
BRI2, Briones_Reservoi,   37.9194700640, -122.1525285689,  265.12507, -2681170.31563, -4265459.65956,  3898559.42017, 20260630
BRSP, Barrett_Spur,       45.4015527756, -121.7085067698, 2061.28184, -2358553.54704, -3817555.73431,  4520261.24425, 20260630
BRTW, Bartow,             27.9496286665,  -81.7828404646,   12.03309,   805863.03698, -5580462.72499,  2971581.06131, 20260630
BSRY, BSRY_SCGN_CS1998,   34.9186123324, -117.0119972364,  613.48358, -2378118.09596, -4664904.54232,  3630818.16548, 20260630
BTDM, BTDM_SCGN_CS1999,   34.2928080135, -118.1882336343,  678.24290, -2492028.05392, -4649905.35235,  3573709.09804, 20260630
BUEG, Buellton_FS#31,     34.6128511634, -120.1964128534,   74.71360, -2643087.42699, -4541932.94036,  3602644.50987, 20260630
BURN, BURN_PNGA_OR1998,   42.7794997739, -117.8435333006, 1180.88515, -2190267.34558, -4146571.93130,  4310356.81517, 20260630
BVHS, Boothville,         29.3368079289,  -89.4064011007,  -15.72840,    57649.95627, -5564331.41521,  3106490.80359, 20260630
BVPP, BVPP_SCGN_CS2000,   35.1572768805, -119.3475129403,  123.02717, -2558595.37389, -4550517.21099,  3652217.06491, 20260630
BYAH, BYAH_KIVU_RW2022,   -1.6627023771,   29.2646141240, 1596.27981,  5563168.90261,  3117388.54646,  -183873.14248, 20260630
CA99, Casa-1999,          37.6445633787, -118.8966962026, 2391.51355, -2444435.74772, -4428691.26751,  3875741.64827, 20260630
CABA, Caballito,          10.2378742193,  -85.3435332059,   26.92798,   509597.12084, -6256557.65340,  1126154.97784, 20260630
CABL, CABL_PNGA_OR1997,   42.8360989539, -124.5633474591,   37.84666, -2657528.58396, -3857584.20292,  4314193.29359, 20260630
CACT, Cactus_CitySCIGN,   33.6551349319, -115.9899533837,  518.45021, -2329098.24512, -4777485.04989,  3514957.20507, 20260630
CAGS, Gatineau,           45.5850214293,  -75.8073323960,  235.02094,  1096348.71388, -4335060.69333,  4533255.30652, 20260630
CALU, Calumet_Harbor,     41.7298452135,  -87.5384430192,  147.94037,   204743.95541, -4762736.03482,  4223356.05103, 20260630
CARH, CARH_SCGN_CN2001,   35.8883870580, -120.4308285901,  480.27598, -2620445.98872, -4460940.95825,  3718446.98803, 20260630
CASE, CaseSpgsFSCA2013,   33.4553523167, -117.4039888453,  776.47819, -2452020.15437, -4729620.48388,  3496631.87655, 20260630
CAST, CAST_BRGN_UT1997,   39.1910207437, -110.6773166692, 2245.02889, -1748465.35736, -4632725.29923,  4010194.02623, 20260630
CAT3, CAT3_SCGN_CS2008,   33.4457648583, -118.4830136025,    5.11453, -2540623.44202, -4682556.30593,  3495319.39862, 20260630
CATH, CATH,               46.1973018946, -123.3672725497,   56.29926, -2432423.20322, -3693552.44979,  4580495.35718, 20260630
CBHS, CBHS_SCGN_CS1998,   34.1385641734, -118.6298130988,  284.61103, -2532244.82950, -4638720.91011,  3559338.22350, 20260630
CBMD, Brac_MajorDonald,   19.7379762549,  -79.7582592539,   18.72886,  1067825.85661, -5910019.54363,  2140423.11733, 20260630
CCCC, CCCC_SCGN_CS2000,   35.5653144620, -117.6711776216,  813.95740, -2412476.12551, -4600711.69274,  3689538.62210, 20260630
CEDA, CEDA_BRGN_UT1996,   40.6806939517, -112.8604852807, 1472.50668, -1882186.75779, -4464346.93010,  4136556.96264, 20260630
CGDM, CGDM_SCGN_CS2000,   34.2439946466, -117.9649527380,  704.69175, -2475328.67594, -4662293.89071,  3569248.72071, 20260630
CHCM, Chimacum_Schools,   48.0106164012, -122.7758694119,   20.37899, -2314210.02407, -3594274.57922,  4717681.26578, 20260630
CHEL, Chelan_WA,          47.8315539291, -119.9899072208,  345.51165, -2144270.48431, -3715496.75721,  4704579.62685, 20260630
CHIL, Chilao_____SCIGN,   34.3334246327, -118.0260062011, 1567.51378, -2478003.84609, -4655348.62452,  3577932.47403, 20260629
CHMS, CHMS_SCGN_CS1999,   34.6404632457, -117.8277066700,  760.31463, -2452561.99845, -4646250.32103,  3605554.80153, 20260630
CHUR, Churchill,          58.7590770501,  -94.0887347934,  -19.11844,  -236439.27567, -3307617.00377,  5430049.38600, 20260630
CHWK, Chilliwack,         49.1566062762, -122.0084301426,  174.03353, -2215260.12820, -3543996.85356,  4802098.59944, 20260630
CHZZ, CHZZ_PNGA_OR1999,   45.4865146556, -123.9781248809,   50.72771, -2503336.58954, -3714407.34525,  4525454.74413, 20260630
CIRX, CIRX_SCGN_CS2000,   34.1095566482, -118.9373036189,  488.19705, -2558057.94908, -4626791.60419,  3556788.62093, 20260630
CIT1, CaltechCampSCIGN,   34.1367109505, -118.1272927121,  215.35504, -2491490.79062, -4660802.79648,  3559129.20415, 20260630
CJMG, Cajon_Mountain,     34.2711958228, -117.4244675764, 1584.38501, -2430791.07048, -4684573.96029,  3572238.24414, 20260628
CJMS, Cajon_MaintSCIGN,   34.3138005656, -117.4793888199,  933.36317, -2433803.28999, -4679401.79657,  3575776.74671, 20260630
CJVG, Casa_Juvad,         34.5303221592, -118.1442347974, 1304.84575, -2481675.87908, -4639142.17835,  3595803.18270, 20260630
CLAR, Claremont__SCIGN,   34.1099302078, -117.7088168582,  373.60530, -2458218.97160, -4680467.02702,  3556758.67078, 20260630
CLBD, CarlCannonCA2011,   33.1353880961, -117.3109823515,   20.57967, -2452988.34100, -4750343.52710,  3466553.11210, 20260630
CLGO, CLGO_AKDA_AK1996,   64.8737701729, -147.8604905681,  196.12661, -2299609.98123, -1444753.31498,  5751925.61492, 20260630
CLHQ, Crater_Lake_Head,   42.8958767507, -122.1359999350, 1952.38511, -2490108.60551, -3964038.19591,  4320363.78471, 20260630
CLRS, CowichanLakeBC,     48.8203030584, -124.1308865306,  175.67786, -2360829.19622, -3482884.40320,  4777556.83087, 20260630
CLWZ, Wizard_Island,      42.9342512566, -122.1491612147, 1869.79854, -2489441.81956, -3960956.46432,  4323430.60294, 20260630
CMBB, Columbia_College,   38.0341758945, -120.3860454564,  695.72240, -2544617.32687, -4339616.46308,  3908861.17978, 20260630
CMOD, CMOD_374,           37.6413367399, -120.9999817417,   28.08014, -2604475.17452, -4334577.72405,  3874014.57971, 20260630
CMP9, Fire_Camp_9SCIGN,   34.3531820243, -118.4114318197, 1137.98923, -2508506.66542, -4637174.35640,  3579500.13528, 20260630
CN00, Barbuda__ATG2012,   17.6685259341,  -61.7855778199,  -21.95288,  2874042.96852, -5356829.30604,  1923453.74935, 20260630
CN01, Bethesda_ANT2015,   17.0484205978,  -61.7653668716,   16.61998,  2885636.34270, -5373886.70280,  1857962.15354, 20260630
CN03, VirgGordaBVI2013,   18.4904642570,  -64.4025200185,  288.34972,  2614391.16172, -5457271.24750,  2010032.69597, 20260630
CN04, Castries_LCA2014,   14.0235492321,  -60.9738973368,   24.39268,  3003090.57172, -5411902.71107,  1535515.68990, 20260630
CN05, PuntaCanaDOM2014,   18.5639027992,  -68.3593923016,  -33.26752,  2230512.05899, -5621985.79356,  2017638.02512, 20260630
CN06, ValleNuevDOM2012,   18.7898257812,  -70.6561097891, 2311.71549,  2001504.54761, -5701395.16645,  2042083.33753, 20260630
CN07, PuertPlt_DOM2012,   19.7576319643,  -70.5658520950,  -32.27953,  1997979.46664, -5662795.62723,  2142453.82266, 20260630
CN09, CaphaitianHAI013,   19.6877467699,  -72.1398186162,  -15.03880,  1842488.79503, -5718038.82385,  2135177.15592, 20260630
CN11, Pedro_Cay_CR2011,   17.0211807913,  -77.7841162503,  -10.71592,  1290838.33169, -5962360.88796,  1855071.78507, 20260630
CN12, UWI_mona__CR2011,   18.0044825045,  -76.7490509893,  169.91820,  1390866.73397, -5906361.32683,  1958908.83148, 20260630
CN13, SanSalvadorBaham,   24.0651861409,  -74.5337850769,  -34.61270,  1553880.16934, -5615968.08336,  2584863.37155, 20260630
CN14, GreatInaguaBaham,   20.9753294656,  -73.6779516690,  -34.23872,  1674415.94527, -5717887.07494,  2268832.52926, 20260630
CN18, SwanIslndHND2014,   17.4076736213,  -83.9443281647,    1.42245,   642235.72215, -6053874.43960,  1895932.94999, 20260630
CN19, ArubaNethARU2013,   12.6118497396,  -70.0484998370,   -0.37095,  2124203.60232, -5851608.56120,  1383532.67663, 20260630
CN20, Bocas_island_PAN,    9.3516768596,  -82.2562652341,   13.12666,   848061.43792, -6236541.28016,  1029562.93922, 20260630
CN21, SanLorenzHND2014,   13.4027405990,  -87.4270948034,   15.79743,   278571.10149, -6199302.82309,  1468787.40147, 20260616
CN23, BelmopanBZCR2012,   17.2606072505,  -88.7787584635,   55.26007,   129855.13967, -6091362.32936,  1880411.87345, 20260630
CN24, FelipeCarMEX2012,   19.5755621209,  -88.0539058295,    7.88905,   204154.35242, -6008282.82405,  2123487.93835, 20260630
CN25, ComitandDMEX2012,   16.2320431711,  -92.1352416633, 1649.24460,  -228284.81198, -6122820.07014,  1771857.76823, 20260630
CN27, FrancesVdDOM2012,   19.6671187618,  -69.9398100607,  -21.14435,  2060896.32415, -5643811.60411,  2133024.93025, 20260630
CN35, ProvidenciCR2012,   13.3754961803,  -81.3629193295,   47.84866,   932030.59648, -6135904.69490,  1465862.57909, 20260630
CN40, CuracaoMetCR2011,   12.1800451634,  -68.9580128591,   33.31432,  2238877.05283, -5819723.32934,  1336884.92114, 20260630
CN46, CarriacouCRU2014,   12.4868358564,  -61.4269869640,  -22.63011,  2978821.90186, -5469674.14477,  1370028.39799, 20260630
CN47, VieuxFortLCA2014,   13.7107883702,  -60.9404938529,  177.12254,  3010345.54883, -5417530.11958,  1501957.08592, 20260630
CN48, GrandSvneDMA2014,   15.4388140787,  -61.4216407487,  279.84690,  2941777.68218, -5400454.25908,  1687026.72695, 20260630
CN53, CN53_Pro_TCI2015,   21.7826522488,  -72.2538674565,  -15.67602,  1806075.39166, -5643489.87048,  2352075.81508, 20260630
CN57, CN_Toco_GPS_2021,   10.8370849420,  -60.9383098066,   -5.60530,  3043290.32116, -5476327.07786,  1191310.62351, 20260630
CN58, Sombrero_AIA2022,   18.5865659550,  -63.4265205178,  -35.20291,  2705318.55007, -5408647.90091,  2020015.23519, 20260630
CN60, ContadoraPan2023,    8.6272202366,  -79.0341065139,   28.08791,  1199646.40129, -6191320.14980,   950423.80352, 20260630
CN62, Montserrat_Airpo,   16.7902544878,  -62.1939777366,  145.86118,  2849292.12278, -5402786.82373,  1830665.28875, 20260630
CNC1, RANGELY,            40.0771064307, -108.7895782181, 1650.62429, -1574542.14244, -4627946.31976,  4085603.08978, 20260630
CNCR, CNCR,               48.5387049335, -121.7493039837,   55.69042, -2226394.42110, -3597910.96827,  4756790.19205, 20260630
CNG2, CerroNegrNIC2010,   12.5011774777,  -86.6993372446,  513.46657,   358603.67803, -6218067.44121,  1371693.42383, 20260630
CNPP, CNPP_SCGN_CS1999,   33.8576347047, -117.6089265632,  300.28518, -2457276.72950, -4698553.79095,  3533511.31111, 20260630
COAG, Coachella_GPS,      32.8634632622, -115.1233489017,    3.61359, -2276837.23281, -4855375.23687,  3441251.32992, 20260630
COFC, FORT_COLLINS,       40.5933681735, -105.1604513624, 1595.12441, -1268728.24808, -4682467.54443,  4129276.27733, 20260623
COKG, Cooks_Ranch,        32.8505140210, -115.7285056207,  -46.89364, -2328311.45992, -4831720.63981,  3440017.57196, 20260627
COLA, Columbia,           34.0809958483,  -81.1216786323,   81.56740,   816177.55422, -5224934.05055,  3553937.04983, 20260630
COLV, COLV,               48.5447633067, -117.9032692855,  486.09573, -1979945.49187, -3738950.39697,  4757558.81018, 20260630
COON, COON_BRGN_UT1996,   40.6525898688, -112.1210150631, 1609.99949, -1825219.18583, -4490247.42285,  4134278.75108, 20260630
COPR, COPR_SCGN_CS2001,   34.4149107085, -119.8795336271,  -22.85505, -2624085.61553, -4567199.23012,  3584496.11892, 20260630
CORB, Corbin,             38.2021832245,  -77.3734992385,   35.91333,  1097040.99958, -4897238.42966,  3923126.31100, 20260630
CORV, CORV_PNGA_OR1996,   44.5855345545, -123.3046066647,  105.59226, -2498423.46348, -3802819.87946,  4454736.67075, 20260630
COSO, China_Lake_SCIGN,   35.9823431290, -117.8088945360, 1455.08879, -2411148.62404, -4571429.99209,  3727461.40056, 20260630
COT1, CityTucsonAZUSA,    32.2244547252, -110.9718813028,  733.20076, -1933230.75059, -5043635.25286,  3381904.01670, 20260630
COT2, City_of_Tucson_2,   32.2374822542, -110.8309353878,  758.81596, -1920551.40534, -5047675.73578,  3383139.84468, 20260630
COUP, Coupeville,         48.2173095822, -122.6856072586,   21.00349, -2299305.10984, -3583515.55041,  4733026.22446, 20260630
COVG, Covington,          30.4759135939,  -90.0955438169,   -5.97263,    -9174.35024, -5501675.33922,  3215950.47841, 20260630
CPBN, CPBN_SCGN_CS2000,   35.0717353168, -117.5730272689,  835.82617, -2419255.48192, -4632919.70317,  3644863.46025, 20260630
CPCO, Central_Pumice_C,   43.7220997005, -121.2331583903, 2117.92978, -2394742.90729, -3949031.00090,  4387292.19128, 20260630
CPXX, CPXX_PNGA_WA2001,   46.8400839434, -122.2565214190,  533.59305, -2332869.85564, -3696442.60037,  4630011.48965, 20260630
CRBT, CRBT_SCGN_CN2001,   35.7916147415, -120.7507621078,  205.43796, -2648415.27478, -4451451.10008,  3709581.20699, 20260630
CRFP, CraftonHillSCIGN,   34.0390532955, -117.0996883645,  688.81152, -2410447.22176, -4710490.06998,  3550422.61212, 20260630
CRGG, Crocker_Grade,      35.2420919706, -119.7248272385, 1173.07123, -2586242.29302, -4529603.67826,  3660512.27781, 20260630
CRLR, LaRomana_DOM2015,   18.4166871553,  -68.9369047268,   -5.56139,  2175599.65860, -5649029.25345,  2002193.32150, 20260630
CRO1, St._Croix_VLBA,     17.7569007083,  -64.5843176207,  -31.97863,  2607771.37631, -5488076.49923,  1932768.04394, 20260630
CROK, CROK,               46.2745987515, -122.9125451810,    1.07407, -2399640.70227, -3707499.54977,  4586398.50474, 20260630
CROW, Crows_Landing,      37.4330193544, -121.1005845936,    3.80349, -2619348.56250, -4342043.56758,  3855666.02469, 20260630
CRRS, CRRS_SCGN_CS1998,   33.0698086362, -115.7350463041,  -81.90038, -2323104.96009, -4819509.16278,  3460404.47936, 20260630
CRSE, El_Seibo_DOM2015,   18.7680785775,  -69.0437090286,   86.57493,  2160661.57197, -5641575.83393,  2039087.54852, 20260630
CRST, Crestview,          30.7260762880,  -86.5061731591,   32.53593,   334419.70597, -5477398.68773,  3239841.42388, 20260630
CRU1, CRU1_SCGN_CS2000,   34.0292635323, -119.7848195008,  702.17012, -2628781.54348, -4592932.64259,  3549530.09232, 20260630
CSCI, CSCI_SCGN_CS2000,   34.1684061060, -119.0389885757,   70.84624, -2564319.24492, -4618739.36969,  3561957.61929, 20260625
CSDH, CSUDomingueSCIGN,   33.8614804422, -118.2567250946,   -9.16241, -2510007.23830, -4670035.87660,  3533693.13273, 20260630
CSKI, CSKI,               47.3805702557, -122.2358036274,   10.25164, -2307859.55456, -3659745.01442,  4670524.51843, 20260630
CSN1, CSUNorthridSCIGN,   34.2535527305, -118.5238193807,  261.41350, -2520226.58119, -4637081.72878,  3569875.71929, 20260630
CSST, CSST_SCGN_CS2000,   34.4080928543, -119.3712577406,  162.48405, -2583751.49801, -4590803.43580,  3583976.90282, 20260630
CTDM, CTDM_SCGN_CS2001,   34.5165512991, -118.6132175186,  406.07341, -2519625.10806, -4618783.83512,  3594035.03644, 20260630
CTGU, Guilford,           41.2893828113,  -72.6679078539,  -19.37452,  1429796.55927, -4581508.38673,  4186611.84978, 20260630
CTMC, CDOT_GOLDEN,        39.7215305228, -105.1928864459, 1818.96329, -1287788.78402, -4742177.05052,  4055414.45319, 20260630
CTMS, CTMS_SCGN_CS1999,   34.1241007007, -116.3704298067,  966.48735, -2348052.40748, -4736256.87594,  3558392.67545, 20260630
CUHS, CuyamaValHSSCIGN,   34.9426489832, -119.6739557659,  634.95251, -2591457.91750, -4548111.84806,  3633016.88162, 20260630
CUSH, Lake_Cushman,       47.4233430023, -123.2199259042,  217.05336, -2368535.31099, -3616755.49921,  4673895.51495, 20260630
CYTE, Coyote_Creek,       37.2035160748, -121.7139666875,   82.68639, -2673831.86571, -4326943.15365,  3835457.05711, 20260630
DAEX, daexREGNOMmx2011,   32.2245022088, -115.4192141344,  399.30931, -2318384.40787, -4878283.48811,  3381730.42799, 20260630
DAM2, Pacoima_DM2SCIGN,   34.3348377098, -118.3968716005,  583.41371, -2507656.44758, -4638418.89702,  3577506.88434, 20260630
DAM3, Pacoima_DM3SCIGN,   34.3339931468, -118.3974739926,  580.00542, -2507729.00871, -4638436.54307,  3577427.59274, 20260630
DDMN, Deadman_Creek,      37.7441824085, -118.9811945985, 2265.44810, -2447639.18519, -4419077.94670,  3884416.82133, 20260630
DDSN, DDSN_PNGA_OR1999,   43.1187900564, -123.2442446858,  953.09799, -2556649.79164, -3900393.38380,  4337795.44221, 20260630
DECH, Dechambeau_Ranch,   38.0514883113, -119.0906074272, 1947.56476, -2445761.52618, -4395861.82469,  3911146.32390, 20260630
DENE, Univ_of_Delaware,   39.6767452972,  -75.7430153662,    5.26644,  1210597.66603, -4764305.26052,  4050429.54420, 20260630
DHLG, Durmid_Hill,        33.3898056716, -115.7880331066,  -83.04893, -2319099.70545, -4799846.30497,  3490090.41915, 20260630
DIAB, Mt._Diablo,         37.8785754203, -121.9156334201,  990.39377, -2665288.23778, -4279361.48580,  3895422.81281, 20260630
DIXN, DixonCity_CA2012,   38.4687148239, -121.8286464360,   -9.20867, -2637021.02253, -4248335.31156,  3946305.20931, 20260630
DLUZ, DLuzHeightCA2011,   33.4305892737, -117.3072264133,  212.70835, -2444507.80391, -4734681.81570,  3494029.20265, 20260630
DNRC, Dover_Delaware,     39.1600884408,  -75.5236029752,  -15.22211,  1237934.58444, -4794885.56564,  4006103.62430, 20260630
DOBS, Dobson,             36.4254287692,  -80.7199277800,  339.30464,   828618.57509, -5071130.92413,  3766480.90949, 20260630
DRAO, Dominion_Radio_A,   49.3226169936, -119.6249861514,  541.87521, -2059165.13177, -3621108.40174,  4814432.18698, 20260630
DSL1, Drill_Site_L1,      70.3334337540, -148.4727524746,   17.02136, -1835148.54351, -1125781.27387,  5983677.14110, 20260630
DSSC, DSSC_SCGN_CS1998,   33.7333326463, -116.7120954092, 1660.86832, -2387389.91303, -4744301.14157,  3522808.60392, 20260630
DTPG, Desert_Tortoise,    35.2674647478, -117.8458803509,  910.22975, -2435476.07596, -4610339.06808,  3662659.64042, 20260628
DUBO, Lac_du_Bonnet,      50.2588081674,  -95.8661858882,  245.29411,  -417604.07810, -4064529.85081,  4881432.11977, 20260630
DVPB, DevilsPunchSCIGN,   34.4134142786, -117.8601344095, 1430.85465, -2462121.85461, -4657973.18965,  3585180.75355, 20260630
DVPT, DVPT,               47.6560692453, -118.1478168847,  727.55318, -2030662.08379, -3795465.12111,  4691740.96679, 20260630
DYH2, Downey_High_2,      33.9383162382, -118.1274664456,   10.81097, -2497232.17709, -4671509.07072,  3540778.20320, 20260630
EBMD, East_Bay_MUD_Hea,   37.8150099228, -122.2838121015,  -15.82225, -2694619.77718, -4265134.49207,  3889233.72400, 20260630
EC01, Eagle,              39.6518243079, -106.8477193199, 1986.83637, -1425667.83582, -4707865.36116,  4049564.04539, 20260630
ECFS, ECFS_SCGN_CS2001,   33.6476866255, -117.4117017287,  801.38985, -2447237.68620, -4718841.03413,  3514426.22478, 20260630
ECHO, ECHO_BRGN_NV1999,   37.9155320711, -114.2642512364, 1684.10260, -2070970.60792, -4594332.34113,  3899086.54179, 20260630
ECSD, EROS_USGS_SD2006,   43.7336991708,  -96.6140106182,  444.33983,  -531705.91365, -4585578.64748,  4387066.84885, 20260630
EDOC, East_Dock,          70.3102676156, -148.3184875486,   22.33220, -1834183.29417, -1131997.26840,  5982811.82593, 20260630
EDPP, EDPP_SCGN_CS1999,   34.9461952689, -118.8304143851,  379.84930, -2524010.06002, -4585389.87857,  3633193.28123, 20260630
ELDC, Eldred_Rock_Cont,   58.9718662210, -135.2222014114,   13.87189, -2339492.40559, -2321416.62817,  5442333.32337, 20260630
ELIZ, Eliza_Dome,         49.8730518862, -127.1226660328,  164.76270, -2485778.48766, -3284087.14291,  4853826.77579, 20260630
ELKO, ELKO_BRGN_NV1997,   40.9146887769, -115.8172022490, 2016.88631, -2102742.40096, -4346400.84595,  4156589.32974, 20260630
ELLY, LongBchBayCA2013,   33.5835003538, -118.1287925426,   -2.89928, -2507646.09529, -4690728.99393,  3508051.88151, 20260630
ELSC, EastLAScienSCIGN,   34.0297360050, -118.2084402090,   61.12378, -2501172.21924, -4663016.95455,  3549214.78594, 20260630
ELSG, Elsinore_2_GPS,     33.6491429777, -117.4260262655,  811.32259, -2448379.94592, -4718156.93628,  3514566.21408, 20260629
ELSR, ELSR,               47.4976030307, -122.7605865069,  115.17270, -2336134.83316, -3630453.86115,  4679402.61037, 20260630
ELVI, El_Viejo,           10.3946969090,  -85.4458055519,   81.83992,   498186.06209, -6254414.56750,  1143230.67924, 20260630
ENUM, ENUM,               47.2062057212, -121.9555866118,  227.03328, -2297550.55631, -3683199.52227,  4657535.63917, 20260630
EOCG, Emergency_Operat,   34.4508489791, -119.7697830341,   42.42984, -2614239.77770, -4570307.33122,  3587821.17654, 20260630
EPHR, EPHR,               47.3293342663, -119.5446824081,  375.40349, -2135671.40462, -3767927.24206,  4666934.00864, 20260630
EPZA, Esperanza,          10.1409395763,  -85.5680638119,  668.55281,   485270.45926, -6261027.38912,  1115715.15955, 20260630
ERRG, Elmore_Ranch_GPS,   33.1164461568, -115.8227367067,  -92.40516, -2329244.45399, -4813398.02264,  3464732.02772, 20260630
ESCU, Escuminac,_Canad,   47.0734056958,  -64.7987147724,  -16.01165,  1852954.16953, -3937498.78802,  4647314.77303, 20260630
ESRS, ESRS_NewMex_2024,   34.0736823712, -106.9188700497, 1415.85396, -1539439.73150, -5060899.76015,  3554012.65242, 20260630
EUCH, EuchreMtn_OR2021,   44.8347409708, -123.8708121833,  721.91641, -2525266.09525, -3762130.91249,  4474852.49436, 20260630
EWPP, EWPP_SCGN_CS1999,   34.1042001763, -117.5255918955,  330.46274, -2443387.07327, -4688588.57059,  3556208.17874, 20260630
FAI1, Fairbanks_WAAS,     64.8096275237, -147.8473427612,  149.56104, -2304741.93622, -1448715.25177,  5748843.22849, 20260630
FAIR, Gilmore_Creek_Ob,   64.9779946626, -147.4992428090,  319.02531, -2281622.11211, -1453595.98485,  5756961.63389, 20260630
FARI, Farallon_Islands,   37.6972638313, -123.0007299209,  -20.82493, -2752131.43495, -4237792.57827,  3878898.13932, 20260630
FCDE, FCDE_FCSM_US2020,   25.6172560417,  -80.3053514571,  -24.45919,   969086.28845, -5672578.39432,  2740878.62059, 20260630
FCI1, FCI1_FCSM_US2020,   25.9057046951,  -80.1374531676,  -22.75722,   983326.24458, -5656032.35881,  2769658.79040, 20260630
FCI2, FCI2_FCSM_US2020,   25.9058407438,  -80.1383593820,  -24.68404,   983235.36160, -5656039.71553,  2769671.50634, 20260630
FERN, FERN_BRGN_AZ1999,   35.3418706719, -112.4547401502, 1767.90643, -1989986.01642, -4815005.73139,  3669893.60051, 20260630
FGST, FGST_SCGN_CS2000,   34.7330126451, -120.0093896764,  904.08682, -2624795.82537, -4544559.60304,  3614079.99260, 20260630
FHOG, Forest_Home,        34.0935471760, -116.9358732036, 1588.66955, -2395773.16099, -4715007.97396,  3555934.89890, 20260630
FLIN, Flin_Flon,          54.7255828147, -101.9780400175,  311.59305,  -766174.97374, -3611375.40220,  5184056.20844, 20260630
FLNT, Flint_Hills,        36.8490816719, -121.4527746212,   44.90255, -2666422.95373, -4359267.93234,  3804031.00500, 20260630
FMTP, FillmoreTelSCIGN,   34.4098667415, -118.8941507747,  362.76353, -2545460.44791, -4612206.45536,  3584252.43261, 20260630
FMVT, FMVT_SCGN_CS2000,   34.3563390860, -118.8840392493,  616.98003, -2546367.64374, -4615775.59804,  3579495.28010, 20260630
FOOT, FOOT_BRGN_NV1997,   39.3693952487, -113.8053768489, 1547.37727, -1993377.94223, -4518444.34475,  4025085.80841, 20260630
FORE, FORE_BRGN_UT2007,   40.5118952193, -111.3803314869, 1796.65943, -1770779.14775, -4523065.66265,  4122531.33871, 20260630
FOXG, Fox_Airport_2_GP,   34.7339127312, -118.2405038334,  688.75924, -2483153.01183, -4623210.10464,  3614039.37719, 20260630
FRDN, Fredericton,_Can,   45.9335083751,  -66.6598845100,   94.85565,  1760542.40906, -4080068.03282,  4560178.67978, 20260630
FRED, FRED_BRGN_AZ1999,   36.9883305598, -112.4992205396, 1529.71918, -1952384.55237, -4713654.63793,  3817279.17056, 20260630
FS63, FS63_WAS_USA2019,   61.4696712596, -149.7232829896,   43.64338, -2637671.37863, -1539893.18475,  5580566.47356, 20260630
FS82, FS82_BIG_USA2019,   61.5486992733, -149.8160707675,   60.83085, -2633478.03433, -1531732.10627,  5584782.56078, 20260630
FSHB, Fort_Scotty_Hub,    32.9449896460, -115.7999461291,  134.99077, -2331923.82062, -4823827.68567,  3448913.84207, 20260630
FZHS, Frazier_MntSCIGN,   34.8001946640, -118.8933870631, 1273.72741, -2533877.84659, -4591364.21004,  3620414.26479, 20260630
GACC, Columbia_County,    33.5457589009,  -82.1338136592,   98.47496,   728279.59072, -5271276.98172,  3504619.80170, 20260624
GACR, Cochran,            32.3809611191,  -83.3462321794,   97.85293,   624725.07169, -5355320.03354,  3396234.80309, 20260630
GARF, Garfield_Hts,       41.4157813941,  -81.6148997778,  253.07491,   698557.98429, -4739152.98550,  4197329.72347, 20260630
GARL, GARL_BRGN_NV1996,   40.4165252465, -119.3554612033, 1640.22636, -2384509.43432, -4239524.82896,  4114370.48010, 20260630
GAST, Gaston,             35.3110609119,  -81.1887695513,  212.35690,   798177.08338, -5149234.20454,  3666204.85466, 20260630
GCEA, GC_Elgin_Ave2011,   19.2930205444,  -81.3780252161,   16.03384,   902810.09572, -5954107.75661,  2093996.05418, 20260630
GCFS, G_CAYMAN_CYM2014,   19.3128624350,  -81.1835347839,  -10.76454,   922900.90640, -5950266.40477,  2096060.13521, 20260630
GDEC, Goodwin_EduSCIGN,   35.1894173106, -119.8636879631,  566.25417, -2598643.93414, -4525815.36850,  3655387.25945, 20260630
GDMA, Grand_Marais,       47.7485515626,  -90.3412568049,  157.42162,   -25590.39206, -4296483.18260,  4698239.75806, 20260630
GHRP, GlenHelenReSCIGN,   34.2038907181, -117.3979007988,  628.58419, -2430188.34422, -4688729.02778,  3565527.23610, 20260630
GLRS, GLRS_SCGN_CS1999,   33.2748107478, -115.5213749602,  -48.66047, -2299767.75045, -4816937.85928,  3479453.38103, 20260630
GMAG, Goat_Mountain_As,   34.2914341996, -116.3825690776,  866.74434, -2344381.45553, -4726335.63010,  3573689.38259, 20260627
GMPK, GMPK_SCGN_CS2000,   33.0510837379, -114.8273481431,  591.17784, -2247176.98088, -4857246.40382,  3459031.12099, 20260630
GMRC, GMRC_SCGN_CS1999,   34.7839960504, -115.6602323324, 1298.19808, -2271347.96841, -4727907.48804,  3618952.16459, 20260630
GNPS, GNPS_SCGN_CS1999,   34.3085549103, -114.1894528955,  232.38692, -2161144.70800, -4811133.52850,  3574900.93681, 20260630
GNVL, Gainesville,        29.6865499028,  -82.2768783577,   22.43872,   745246.99269, -5495263.11574,  3140246.66026, 20260630
GOBS, GOBS_PNGA_WA1997,   45.8388170864, -120.8146793837,  621.45920, -2280401.29486, -3823181.36590,  4553230.14420, 20260630
GODE, GGAO_Greenbelt,     39.0217283279,  -76.8268337488,   14.48847,  1130773.42846, -4831253.58171,  3994200.47696, 20260630
GOL2, Goldstone_2SCIGN,   35.4251552544, -116.8892535089,  986.63811, -2353614.61024, -4641385.21834,  3676976.34619, 20260629
GOLD, GoldstoneDSSCIGN,   35.4251552481, -116.8892535054,  986.63979, -2353614.61076, -4641385.22006,  3676976.34659, 20260630
GOLY, GOLY,               45.8286965799, -120.8024602784,  500.17116, -2279955.85520, -3824288.15479,  4552359.32452, 20260630
GOSH, GOSH_BRGN_NV1996,   40.6401670192, -114.1797017405, 1560.18331, -1985697.52907, -4422567.12202,  4133199.33682, 20260630
GRCK, Grouse_Creek_WA,    48.1435840955, -117.6645726331,  669.72926, -1979884.86606, -3776797.23209,  4728043.19228, 20260630
GRIS, Grand_Isle,         29.2655281521,  -89.9573044931,  -17.14024,     4149.51528, -5568493.87081,  3099600.24860, 20260630
GRMD, Grand_Mound_WA,     46.7954849775, -123.0225996746,   30.71744, -2383866.21476, -3667664.09864,  4626251.82649, 20260630
GRNX, GRNX_AKDA_AK2004,   63.8354961434, -148.9781965631,  594.48892, -2416929.00404, -1453489.54410,  5702185.90099, 20260630
GRTN, Georgetown,         38.8595442567,  -83.8790961798,  251.98631,   530289.54223, -4944969.05333,  3980345.40116, 20260630
GRZA, Garza,               9.9155238382,  -85.6356150517,   39.65921,   478171.71120, -6265306.95720,  1091052.43996, 20260630
GSC1, GLENWOOD_SPRINGS,   39.5469628534, -107.3275378837, 1756.40768, -1467201.01363, -4702678.17204,  4040443.79046, 20260630
GTRG, GTRG_EBRY_ID1998,   43.2440901248, -113.2412170314, 1539.11790, -1836694.84824, -4276830.55017,  4348349.04650, 20260630
GV01, Galapagos_GV01,     -0.7824019325,  -91.1133729469, 1044.07617,  -123941.11751, -6377386.04390,   -86525.14930, 20260626
GV07, Galapagos_GV07,     -0.8405263220,  -91.1526113723, 1027.66070,  -128306.41394, -6377192.23980,   -92952.39795, 20260626
GV08, Galapagos_GV08,     -0.8420071506,  -91.1344045697,  905.70615,  -126277.47394, -6377108.36806,   -93114.35660, 20260625
GV10, Galapagos_GV10,     -0.8492581134,  -91.1510447333, 1046.30399,  -128132.13069, -6377200.14665,   -93918.23951, 20260625
GV12, GV12_Sierra_2024,   -0.8064459801,  -91.1703258504, 1066.95167,  -130279.99116, -6377245.70199,   -89184.31208, 20260626
GVRS, Garvey_ReseSCIGN,   34.0474491424, -118.1129013725,  154.47770, -2492911.52521, -4666279.26470,  3550895.21765, 20260630
GZKA, GaletzkaMCCA2022,   33.2601252231, -116.3772794314,  153.16195, -2371937.50428, -4782998.56828,  3478202.24189, 20260630
HAHD, Howard_Hansen_Da,   47.2907994692, -121.7880859826,  853.93788, -2283359.09707, -3684391.65758,  4664380.66325, 20260630
HAMM, Hammond_LAUSA,      30.5130752139,  -90.4676286103,    5.86735,   -44885.38226, -5499419.42130,  3219506.39937, 20260630
HAMP, Northampton,        42.3177526337,  -72.6395631787,   41.16611,  1409358.72973, -4508175.72273,  4271795.08310, 20260630
HARA, HARA_649,           35.0115407187, -117.2992152474,  590.26920, -2398754.15164, -4647657.21541,  3639254.28638, 20260630
HBCH, Harbor_Beach,       43.8462542879,  -82.6430834025,  145.64046,   589981.04446, -4569501.97733,  4395888.25669, 20260630
HBCO, Harbor_CollSCIGN,   33.7836490377, -118.2858025749,  -26.88096, -2514647.06416, -4672980.01976,  3526511.29742, 20260630
HCMN, HCMN_SCGN_CS1999,   34.7547729101, -116.4300788678,  568.74243, -2335223.19080, -4698082.19378,  3615872.70435, 20260630
HCRO, HCRO_BARD_CN2003,   40.8159162519, -121.4699033582, 1000.08694, -2523976.28303, -4123615.47809,  4147626.92328, 20260630
HIPT, High_Point,         35.9656987755,  -80.0136016018,  266.58216,   896283.71470, -5090143.27511,  3725268.43639, 20260630
HIVI, HIVI_SCGN_CS1999,   34.7599207490, -117.7994585490,  930.86483, -2446817.49430, -4640908.63095,  3616548.39196, 20260630
HLFX, HalifaxCandada,     44.6835511828,  -63.6112838329,    3.09036,  2018905.41485, -4069070.52386,  4462415.53968, 20260630
HMTG, Diamond_Valley_R,   33.7080979403, -117.0015076054,  577.00655, -2411620.03801, -4732762.95855,  3519878.44312, 20260627
HNPS, HNPS_SCGN_CS1999,   33.7050045884, -115.6353387463,  393.93757, -2298113.01739, -4788949.57199,  3519491.40274, 20260630
HNPT, Horn_Point_Envir,   38.5888173235,  -76.1303772451,  -28.01787,  1196626.01005, -4846358.48678,  3956723.14855, 20260630
HOFN, Hoefn_Iceland,      64.2672947463,  -15.1979141764,   82.96901,  2679689.90332,  -727950.88021,  5722789.67901, 20260630
HOGS, HOGS_SCGN_CN2001,   35.8667180217, -120.4795039594,  762.85622, -2625065.74456, -4460124.95419,  3716664.24917, 20260630
HOL3, Holcomb_RidSCIGN,   34.4581565670, -117.8451326907, 1239.41271, -2459517.21473, -4655995.88113,  3589166.86910, 20260630
HOLB, Holberg,            50.6403512424, -128.1350012189,  559.63948, -2503040.85965, -3188233.33675,  4908701.38268, 20260630
HOLM, Holman,             70.7363018053, -117.7612455046,    0.48081,  -983072.44583, -1867623.71464,  5998639.52077, 20260630
HOLP, Hollydale__SCIGN,   33.9245425760, -118.1681788178,   -6.75853, -2500946.65560, -4670472.40594,  3539500.77829, 20260630
HOPL, Hopland_Research,   38.9951868318, -123.0747081983,  354.72076, -2708981.09426, -4159581.05935,  3992124.96133, 20260630
HOTK, Hot_Creek,          37.6585874502, -118.8212543185, 2143.31853, -2438049.06715, -4430900.53822,  3876822.84311, 20260630
HOUM, Houma,              29.5922577467,  -90.7236176213,  -12.78065,   -70100.82046, -5550262.29785,  3131144.87655, 20260630
HUA2, Huacas,             10.0177322897,  -85.3516929236,  594.18078,   509098.35411, -6261454.60436,  1102283.38743, 20260630
HUNT, HUNT_SCGN_CN2001,   35.8808127645, -120.4023884526,  449.34274, -2618468.00380, -4462644.42281,  3717747.89909, 20260630
HUSB, Husband,            44.1195254792, -121.8493652709, 2038.52050, -2420875.76763, -3896971.88939,  4419054.58182, 20260630
HVWY, HVWY_EBRY_WY1999,   44.6135994685, -110.5359661232, 2406.79444, -1595965.84493, -4260449.71111,  4458573.49346, 20260630
HVYS, HVYS_SCGN_CS2000,   34.4412331610, -119.1875489460,  373.93544, -2568090.14904, -4597401.97594,  3587129.00373, 20260630
HWUT, HWUT_EBRY_UT2004,   41.6072393568, -111.5651193123, 1714.93195, -1755959.00105, -4442946.69288,  4214224.05377, 20260630
I40A, I40A_SCGN_CS2000,   34.7273233514, -115.9114518956,  765.30901, -2293431.21777, -4720733.62082,  3613482.15784, 20260625
ICT1, Wichita_ICT1,       37.5877206608,  -97.3088906323,  363.34136,  -643822.38545, -5019639.77985,  3869505.21945, 20260630
IDBY, Rexburg,            43.8203591553, -111.7835535136, 1493.11933, -1710924.14723, -4281179.09572,  4394745.72552, 20260630
IDDR, Driggs,             43.7461154201, -111.1102740309, 1863.93021, -1662651.99127, -4306563.91772,  4389045.20804, 20260630
IDIF, Idaho_Falls,        43.5185820441, -112.0520051005, 1438.06422, -1739643.51556, -4294541.93541,  4370449.31678, 20260630
IDIR, Irwin,              43.4094756423, -111.2967039139, 1614.31302, -1685957.00059, -4324991.23922,  4361770.28623, 20260630
IDNP, Grangeville_APT,    45.9397079990, -116.1212775058,  996.57266, -1956497.32719, -3989956.79305,  4561305.89771, 20260630
IDOG, Indio_Hills,        33.7967977132, -116.2215177174,  434.92836, -2344501.99110, -4760143.61883,  3527980.24670, 20260630
IDPO, POCATELLO,          42.8655580978, -112.4317648031, 1379.39714, -1787005.08543, -4328786.05380,  4317505.17746, 20260630
IDQG, Granite_Construc,   33.7679734392, -116.2389883384,   -1.32792, -2346579.02929, -4760697.89073,  3525080.25631, 20260630
IDSN, Salmon,             45.1920718438, -113.8969372090, 1184.58854, -1824256.76358, -4117263.55354,  4503257.16604, 20260630
IDTD, Idaho_DOT,          43.6529404261, -116.2834115228,  788.62321, -2047007.30726, -4144825.27136,  4380816.28778, 20260630
IID2, IID2_SCGN_CS1998,   32.7061675585, -115.0318055541,    9.72372, -2273075.62332, -4867570.03985,  3426589.11742, 20260630
ILSA, Springfield,        39.7786351239,  -89.6103038663,  152.87316,    33385.40571, -4908474.02175,  4059224.53680, 20260630
ILUC, Univ_Illinois_2,    40.0989981221,  -88.2203001488,  232.68552,   151736.86181, -4883455.80816,  4086549.94008, 20260630
IMPS, IMPS_SCGN_CS1999,   34.1575617729, -115.1451030099,  563.23082, -2245206.61013, -4783197.37227,  3561238.72651, 20260630
INAB, INDOT_Albany,       40.2982547702,  -85.2114552985,  265.92506,   406670.80671, -4854553.15518,  4103471.49162, 20260630
IND1, Punta_Indio,         9.8646261576,  -85.5021956823,   75.12847,   492838.41006, -6265175.30152,  1085512.50183, 20260630
INEG, Aguascalientes_F,   21.8561531228, -102.2842051344, 1887.09775, -1260435.72683, -5788546.43534,  2360339.70061, 20260630
INGG, INDOT_Greensburg,   39.3598455921,  -85.5149373089,  253.40222,   386169.87828, -4923162.55310,  4023445.29670, 20260630
INVK, Inuvik,             68.3061822851, -133.5269671476,   46.32701, -1628432.53532, -1714393.09272,  5903844.53948, 20260622
INWN, Winamac,            41.0794067079,  -86.6043012837,  188.03470,   285195.96059, -4806488.99455,  4169198.14380, 20260630
IQAL, Iqaluit,_Canada,    63.7559650023,  -68.5105038964,   91.75915,  1036000.70044, -2631455.61598,  5697819.79200, 20260630
ISCO, CocosIsl_CRI2011,    5.5443530599,  -87.0558243171,   10.34130,   326078.03160, -6340127.15526,   612126.62177, 20260630
ISLK, ISLK_SCGN_CS1999,   35.6622708371, -118.4743060870,  823.36010, -2473742.94372, -4560944.08762,  3698290.63815, 20260630
JASR, Jasper_Ridge,       37.4034133000, -122.2405221233,   93.80751, -2706315.56129, -4290823.19219,  3853111.00688, 20260630
JFWS, JewelFarm_WI2006,   42.9142713927,  -90.2481100713,  293.56945,   -20260.10680, -4678614.41706,  4320731.56219, 20260630
JME2, Jacmel_Haiti2013,   18.2350482471,  -72.5384057306,   -8.46080,  1818345.82953, -5780564.16798,  1983107.52310, 20260628
JNHG, Juniper_Hills,      34.4490652866, -117.9554436129, 1276.12827, -2468758.49728, -4651782.78832,  3588355.88146, 20260630
JPLM, JPL_Mesa___SCIGN,   34.2048224641, -118.1732345201,  423.97451, -2493305.04898, -4655214.73338,  3565497.70105, 20260630
JRO1, Johnston_Ridge_O,   46.2751235937, -122.2176184516, 1275.61249, -2354945.12765, -3737040.45135,  4587359.89615, 20260630
KBRC, KBRC_SCGN_CS2000,   34.3985301386, -119.0082055040,  370.49018, -2554984.28398, -4607757.28019,  3583219.15587, 20260630
KENI, KENI,               46.1978821695, -119.1586352122,  146.06527, -2154807.15665, -3862118.10684,  4580604.79040, 20260630
KIR0, runa,               67.8775787538,   21.0602486123,  498.20330,  2248122.84201,   865686.92198,  5886426.04570, 20260630
KLTS, KLTS,               46.6432056941, -118.5581718882,  257.23919, -2097107.48734, -3853057.37698,  4614810.97861, 20260630
KMBR, KMBR_KIVU_RW2022,   -1.8273599540,   29.2925867171, 1471.79489,  5561054.10982,  3119771.97711,  -202072.37011, 20260630
KNGS, Kingston,           44.2186913770,  -76.5172706071,   48.87091,  1067510.44613, -4452412.98596,  4425573.21943, 20260630
KNOL, Knoll,              37.6591173727, -118.9791781272, 2651.76873, -2450430.24103, -4424484.42106,  3877180.06523, 20260630
KNTN, Kenton,             40.6304639560,  -83.6148101987,  264.75172,   539113.17499, -4817543.43129,  4131537.90150, 20260630
KOKB, Kokee_Park_Geoph,   22.1262695247, -159.6649409225, 1167.36292, -5543838.39741, -2054585.39811,  2387810.65308, 20260630
KRAC, Krakatoa-USGS,      37.7133100633, -118.8804768011, 2377.74497, -2440923.28579, -4425288.17417,  3881774.42328, 20260630
KSU1, KSU1_KSUN_KS2006,   39.1007497566,  -96.6094836550,  325.57443,  -570504.80067, -4923591.01302,  4001208.44873, 20260630
KTBW, KTBW_PNGA_WA2001,   47.5473182607, -122.7954201159,  491.55848, -2336271.04326, -3625819.50867,  4683413.04128, 20260630
KVTX, KingsvilleTX2006,   27.5459502331,  -97.8928848271,   -2.64540,  -777125.00188, -5605551.21065,  2931984.62908, 20260630
KWBU, West_of_Kawak_Bu,   43.7523834037, -121.3120064250, 1762.53005, -2398832.37937, -3943524.32728,  4389478.30707, 20260630
KYBO, Boone_County,       39.0383505872,  -84.7236538818,  233.70756,   456195.33247, -4939808.12897,  3995772.04091, 20260630
KYMH, Morehead_State_U,   38.1841402188,  -83.4365337926,  221.54104,   573803.97242, -4987092.16308,  3921667.01229, 20260630
KYTB, KY_HWY_DIST_2,      37.3532247098,  -87.4967630119,  134.01128,   221716.47976, -5071567.27128,  3848709.03169, 20260630
KYTC, KY_HWY_DIST_3,      36.9891676163,  -86.4745082532,  115.61719,   313662.09275, -5091155.76278,  3816502.57384, 20260630
KYTD, KY_HWY_DIST_4,      37.6818018166,  -85.8506797202,  207.00372,   365706.09146, -5041011.75888,  3877679.36906, 20260630
KYTE, KY_HWY_DIST_5,      38.2766575695,  -85.5983990983,  156.60066,   384777.24892, -4998800.68501,  3929694.05420, 20260630
KYTG, KY_HWY_DIST_7,      38.0755535689,  -84.4922071369,  263.84043,   482542.24438, -5004258.52196,  3912211.71518, 20260630
KYTH, KY_HWY_DIST_8,      37.0703280953,  -84.6182055092,  263.46219,   477917.22246, -5073040.49933,  3823782.35393, 20260630
KYTK, KY_HWY_DIST_11,     37.1514559377,  -83.7595940029,  243.79978,   553291.03063, -5059893.29265,  3830950.82674, 20260630
KYTL, Ky_Hwy_Dist_12,     37.4833904194,  -82.5354799392,  185.68365,   658352.80906, -5024728.09153,  3860214.42673, 20260630
KYVW, Keys_View__SCIGN,   33.9253689468, -116.1733990580, 1498.19847, -2337387.47223, -4755770.97306,  3540416.77185, 20260629
LAFE, Finca_La_Fe,         9.8070631662,  -84.9602819154,   65.26625,   552167.32645, -6261307.53758,  1079237.48116, 20260630
LAND, LAND_SCGN_CN1999,   35.8997939040, -120.4732915341,  568.68358, -2623411.32312, -4458419.80076,  3719524.22682, 20260621
LANS, Lansing,            42.6738841204,  -84.6633121289,  241.09593,   436837.21638, -4676403.68137,  4301099.47594, 20260630
LAPC, LAPC_SCGN_CS1999,   34.1819247735, -118.5746583700,  207.80604, -2526456.05597, -4638728.69931,  3563275.20706, 20260630
LBC1, Long_Beach1SCIGN,   33.8320726229, -118.1371909125,  -21.98834, -2501110.59706, -4676854.94079,  3530976.88631, 20260630
LBC2, Long_Beach2SCIGN,   33.7916119525, -118.1732495480,  -28.45166, -2505229.99719, -4677476.68848,  3527244.48137, 20260630
LBCH, Long_Beach_SCIGN,   33.7877730356, -118.2033512757,  -27.58120, -2507799.33603, -4676369.19213,  3526891.08520, 20260630
LDES, LDES_SCGN_CS1998,   34.2673395607, -116.4328073926,  978.08727, -2349235.88445, -4725708.78103,  3571543.27217, 20260630
LDSW, LDSW_SCGN_CS1999,   34.6994254488, -116.2091455115,  640.95440, -2318661.14482, -4710243.59686,  3610867.04805, 20260625
LEBA, Lebanon,            39.4305047918,  -84.2831443187,  224.23683,   491416.56870, -4908746.61552,  4029489.37224, 20260630
LEPA, Lepanto,             9.9453753653,  -85.0311934735,   20.94553,   544186.60592, -6259328.50433,  1094301.55709, 20260630
LESV, Leesville,          31.1424711077,  -93.2689670225,   75.64666,  -311569.75444, -5455013.00499,  3279462.21303, 20260630
LEWI, LEWI_BRGN_NV1997,   40.4035107965, -116.8618767004, 2916.69003, -2198662.92835, -4340957.61758,  4114097.17858, 20260630
LFRS, LFRS_SCGN_CS1998,   34.0950729092, -118.4128330264,  146.89691, -2515893.08679, -4650556.97318,  3555266.87346, 20260630
LGWD, LagunaWoodCA2011,   33.6405979763, -117.7644564725,   88.68159, -2476170.30153, -4703545.17398,  3513376.77071, 20260630
LINC, Lincoln,            37.6371927308, -119.0172920587, 3056.99283, -2454249.87513, -4424434.31570,  3875499.99691, 20260630
LINH, Lind_HallR,         47.0003338022, -120.5385046777,  472.23269, -2214366.33168, -3753477.63366,  4642135.46796, 20260630
LINJ, LancasterInSCIGN,   34.6620231179, -118.1392062696,  721.20503, -2477129.27590, -4631620.22808,  3607500.29612, 20260630
LITT, Little_Skull_Mtn,   36.7458713476, -116.3082422075, 1056.46489, -2268192.89855, -4587677.98122,  3795464.52899, 20260630
LJRN, LoneJuniperSCIGN,   34.8075247158, -118.8677472967, 1422.47883, -2531657.80695, -4592198.07454,  3621167.01489, 20260630
LKCP, LKCP_PNGA_WA2001,   47.9443780463, -121.8308556395,  178.27572, -2257556.86429, -3636692.01115,  4712868.16819, 20260630
LKHG, Lake_Henshaw_GPS,   33.2360076595, -116.7587703267,  823.26268, -2404643.84698, -4768909.63065,  3476332.47167, 20260630
LKWY, LKWY_EBRY_WY1996,   44.5650747860, -110.4002240625, 2424.36124, -1587192.13156, -4267779.94304,  4454744.24559, 20260630
LL01, LlanoZero1_SCIGN,   34.4854593221, -117.8349613056, 1005.31676, -2457799.93886, -4654745.59209,  3591531.70296, 20260630
LLAS, LakeLosAngeSCIGN,   34.5859761981, -117.8379367244,  812.47285, -2455015.10595, -4648886.78002,  3600609.20798, 20260630
LMCN, Lumcon_LA2003,      29.2549784245,  -90.6613015780,  -16.25740,   -64276.13937, -5568696.79067,  3098580.54707, 20260630
LMHG, Lake_Mathews_Hil,   33.7442020010, -117.3912893926,  464.52146, -2442694.80677, -4714189.99487,  3523146.86591, 20260630
LMMF, Le_Lamentin,_Mar,   14.5948186736,  -60.9961747884,  -27.14041,  2993387.44807, -5399363.74570,  1596748.25200, 20260630
LMNL, Limonal___CR2007,   10.2675092811,  -85.0533314335,  102.95356,   541235.90738, -6253389.57856,  1129394.12015, 20260630
LMSG, Lake_Mathews_Sho,   33.8174012932, -117.4450767563,  413.09035, -2445018.73534, -4707850.27789,  3529867.13609, 20260630
LMUT, LMUT_EBRY_UT1997,   40.2614188083, -111.9283181021, 2311.98169, -1820835.68421, -4523010.19489,  4101673.23173, 20260630
LNMT, LNMT_SCGN_CS2000,   35.0902015547, -116.9396559449, 1345.29491, -2367549.84300, -4658701.36565,  3646833.07676, 20260630
LOLO, LOLO,               46.7628504037, -114.0968725406, 1109.33710, -1787326.64051, -3996203.94657,  4624553.20456, 20260630
LOMP, Lompoc_FS_#51,      34.6909240823, -120.4465873729,   63.52744, -2660393.80540, -4526095.56414,  3609762.91918, 20260630
LONG, LongdenYardSCIGN,   34.1119019993, -118.0034176713,   74.28730, -2482078.23096, -4667438.54822,  3556771.91041, 20260630
LORS, LORS_SCGN_CS1998,   34.1333289960, -117.7540770729,  448.88492, -2461266.46524, -4677290.33937,  3558949.71985, 20260630
LOWS, LOWS_SCGN_CN2001,   35.8287128493, -120.5942925654,  428.67487, -2635115.20816, -4456749.65523,  3713050.09464, 20260630
LPHS, La_Puente_H.S.,     34.0267716015, -117.9567274302,   68.48222, -2480751.62798, -4674128.03534,  3548946.38734, 20260630
LRRG, Little_Rock_Rese,   34.5270603838, -118.0299934856,  875.00467, -2472351.01075, -4643949.62002,  3595261.39437, 20260630
LSIG, Tolt_Reservoir,,    47.6951995585, -121.6895677523,  527.14670, -2259490.90875, -3659917.92761,  4694522.50598, 20260630
LSON, Lamberson_Butte,    45.3595321725, -121.6472287279, 1999.43030, -2356191.20927, -3822869.77771,  4516935.89338, 20260630
LSUA, Alexandria,         31.1787768856,  -92.4123257527,    4.66581,  -229888.69563, -5456919.78267,  3282870.03863, 20260630
LTAH, Latah_WA,           47.2824267597, -117.1638880607,  735.56783, -1979166.95578, -3857019.97131,  4663662.18800, 20260630
LTUT, LTUT_EBRY_UT2002,   41.5920968783, -112.2468416443, 1564.94562, -1809077.35266, -4422669.69749,  4212866.49178, 20260630
LUTZ, SCC_Communicatio,   37.2868535915, -121.8652329576,   94.94594, -2682296.00974, -4315123.02257,  3842827.25977, 20260630
LVEG, La_Vega,            19.2227165588,  -70.5310863446,   78.56215,  2008034.72463, -5680307.63591,  2086669.78040, 20260630
LVMS, LockwoodValSCIGN,   34.7336073901, -119.1036931210, 1543.08084, -2552870.41123, -4585907.24660,  3614498.29656, 20260630
LWCK, Lewis_and_Clark,    46.2781326500, -124.0538468589,   39.07331, -2472866.93786, -3658754.17884,  4586697.47414, 20260630
LWST, LWST,               46.3731768872, -117.0023101925,  427.11798, -2001658.41146, -3928084.27643,  4594274.08443, 20260630
MAR6, Maartsbo_Sweden,    60.5951465753,   17.2585335032,   75.62552,  2998189.13187,   931452.09067,  5533398.98952, 20260630
MAT2, MAT2_SCGN_CS2000,   33.8567629233, -117.4367056335,  398.29560, -2443204.95896, -4706038.74298,  3533485.61009, 20260630
MAUI, Haleakala_Maui,     20.7066611431, -156.2570368996, 3062.08612, -5466069.16942, -2404326.73880,  2242128.12413, 20260630
MAWY, MAWY_EBRY_WY1998,   44.9734264828, -110.6893048585, 1824.26095, -1597259.40196, -4229411.81875,  4486549.07733, 20260630
MC01, MESA_CNTY_COOP,     39.0912239897, -108.5281465085, 1437.17521, -1575526.12298, -4701075.18752,  4001088.59907, 20260630
MC02, Mesa_Cnty_02_Coo,   39.0146977468, -108.4900470044, 1490.41707, -1574110.76619, -4707238.48613,  3994523.19100, 20260630
MC03, Mesa_Cnty_03_Coo,   39.1899444883, -108.7306219902, 1379.15939, -1589892.73979, -4688882.39324,  4009554.24969, 20260630
MC04, Mesa_Cnty_04_Coo,   38.6841637919, -108.9738557940, 1400.86190, -1621265.01821, -4715484.24237,  3965883.81882, 20260630
MC05, DELTA_COUNTY_SHE,   38.7395552614, -108.0729835401, 1505.06201, -1545757.16671, -4736812.36038,  3970748.15758, 20260630
MC06, MACK,               39.2225295740, -108.8516562744, 1392.45333, -1599058.48425, -4683358.59066,  4012366.43632, 20260630
MC07, DEBEQUE,            39.3177764953, -108.2128808140, 1488.18872, -1544677.36343, -4694605.59123,  4020615.25123, 20260630
MC08, COLLBRAN,           39.2357150768, -107.9776588618, 1834.93384, -1527254.62566, -4706650.24605,  4013780.49301, 20260630
MC09, NUCLA,              38.2432301879, -108.5581499763, 1792.96065, -1596799.60824, -4756283.40841,  3927793.38231, 20260630
MCNE, Lake_Charles,       30.1805666677,  -93.2177445924,  -10.04820,  -309741.23988, -5509512.53131,  3187687.70914, 20260630
MCSO, MARION_CNTY_COOP,   44.9738096548, -122.9557514303,   52.81497, -2458669.24920, -3792427.42454,  4485327.18135, 20260630
MDMT, MDMT_PNGA_OR1999,   42.4183400737, -121.2216047266, 1710.52097, -2445076.77120, -4033868.06735,  4281176.36100, 20260630
MDO1, McDonald_Observa,   30.6805100627, -104.0149958724, 2004.47073, -1329999.04890, -5328393.34974,  3236504.03949, 20260630
MERC, Mercury,            36.6325104753, -115.9790193901, 1256.91391, -2245158.09334, -4607537.65267,  3785494.81256, 20260630
MFLD, Marshfield_2,       44.6368420644,  -90.1349805781,  341.71318,   -10710.36933, -4546267.56790,  4458961.47723, 20260630
MHC2, Mount_Hamilton,     37.3415328313, -121.6425836827, 1261.89146, -2664064.20357, -4323171.75180,  3848361.57602, 20260630
MHMS, MarkhamMidSSCIGN,   33.9390574318, -118.2441397706,   -2.50166, -2506712.79597, -4666364.02539,  3540838.97850, 20260630
MIAR, Standish,           43.9826525064,  -83.9798774086,  163.22911,   482115.89048, -4571581.04499,  4406818.22362, 20260630
MICW, Coldwater,          41.9397103494,  -84.9798614075,  266.35616,   415799.55340, -4733447.91981,  4240803.00337, 20260630
MIDS, Davison,            43.0499662311,  -83.5197261241,  212.86545,   526872.04680, -4638494.40811,  4331705.09578, 20260630
MIG1, MIG1_SCGN_CS2000,   34.0382628496, -120.3513997254,  130.91461, -2673548.82563, -4565822.62792,  3550037.66761, 20260624
MIGD, Gaylord,            45.0265843741,  -84.6447332073,  367.94240,   421460.56198, -4496050.70232,  4489697.27835, 20260630
MIHO, Holland,            42.8141542295,  -86.0839937147,  158.83709,   320034.28486, -4675184.71762,  4312487.53255, 20260630
MIHT, Hart,               43.6880563329,  -86.3645763424,  188.84954,   292918.87689, -4610325.66642,  4383224.45730, 20260630
MILK, Millikan_Library,   34.1368337605, -118.1262630140,  243.32244, -2491414.33673, -4660861.24475,  3559156.17453, 20260630
MILP, Milpitas_-_Starb,   37.4490414537, -121.8340864174,  336.27325, -2674288.34064, -4307461.51138,  3857280.06177, 20260630
MIMN, Manistee,           44.3724759989,  -86.1628695957,  214.80063,   305611.43215, -4556545.49577,  4437920.19793, 20260630
MIMQ, Marquette,          46.5455479052,  -87.3787008563,  155.11772,   200984.38015, -4390006.86793,  4607276.80112, 20260630
MINE, MINE_BRGN_NV1996,   40.1483640313, -116.0955160406, 2075.64966, -2148182.73398, -4385855.27697,  4091929.79292, 20260630
MINI, Niles,              41.8093838065,  -86.2237738725,  200.74682,   313577.91243, -4750951.91971,  4229980.25573, 20260630
MINS, Minaret_Summit,     37.6537632550, -119.0609042009, 2776.91107, -2456963.32643, -4421388.72909,  3876785.85359, 20260630
MJPK, Modjeska_PkSCIGN,   33.7144841451, -117.5504777394, 1527.97393, -2457038.86400, -4709792.27450,  3520995.56434, 20260630
MKAH, MKAH,               48.3706735669, -124.5892248712,   23.67074, -2409847.81073, -3494679.15537,  4744374.07149, 20260630
MKEA, Mauna_Kea,          19.8013605843, -155.4563530746, 3754.64223, -5464105.50243, -2495165.03394,  2148291.88454, 20260630
MLFP, MLFP_SCGN_CS1998,   33.9184058082, -117.3179649545,  472.96023, -2431725.59222, -4707759.65772,  3539203.62369, 20260630
MNBD, Birchdale,          48.6276957346,  -94.0672817626,  318.90598,  -299585.35882, -4213166.25699,  4763534.24205, 20260630
MNBE, Blue_Earth,         43.6628787970,  -94.1221059397,  302.35202,  -332213.67274, -4609680.00872,  4381279.52491, 20260630
MNCA, Caleonia,           43.6329572655,  -91.4962558122,  339.59408,  -120739.02593, -4622380.67203,  4378899.55930, 20260630
MNDN, DONALDSON,          48.5723644134,  -96.9146616355,  224.27459,  -509055.61765, -4197602.47016,  4759394.06656, 20260630
MNGR, GRACEVILLE,         45.5583022104,  -96.4940650785,  310.86037,  -505979.14172, -4445015.50414,  4531230.57006, 20260630
MNJC, JACOBSON,           46.9782965435,  -93.2737006576,  350.93661,  -248963.54464, -4352577.00107,  4640375.50591, 20260630
MNRM, RUSHMORE,           43.6373765861,  -95.7701358128,  488.77850,  -464858.92680, -4600299.12977,  4379357.89632, 20260630
MNRT, ROTHSAY,            46.4905090650,  -96.2912837782,  345.20390,  -482075.29681, -4372682.07364,  4603204.46881, 20260630
MNRV, ROOSEVELT,          48.7893956253,  -95.0512549537,  336.45563,  -370704.11656, -4193952.82818,  4775413.96400, 20260630
MNSC, SAUK_CENTRE,        45.7130395288,  -94.9312594518,  354.12981,  -383508.91474, -4444941.43607,  4543287.39446, 20260630
MNTF, Thief_River_Fall,   48.1191589245,  -96.2074227771,  326.19322,  -461283.34311, -4241067.90684,  4725974.56449, 20260630
MNVI, VIRGINIA,           47.5232777031,  -92.5615243309,  414.36844,  -192857.30987, -4310928.02889,  4681551.42683, 20260630
MOAL, MoDOT_Albany,       40.2557717545,  -94.2997085189,  253.82221,  -365466.38888, -4860878.06221,  4099864.55184, 20260630
MODB, Modoc_Plateau,      41.9023239359, -120.3028352044, 1567.20643, -2399442.91645, -4105688.02336,  4238581.87197, 20260630
MOED, MoDOT_Edina,        40.1865782468,  -92.1750923017,  193.56288,  -185194.13231, -4875997.39601,  4093958.89252, 20260630
MOEL, MoDOT_Eldon,        38.3471393778,  -92.5953827978,  261.35981,  -226811.79898, -5003681.61459,  3935898.00784, 20260630
MOGF, MoDOT_Greenfield,   37.4293174986,  -93.8461142238,  299.62824,  -340175.03619, -5059992.64027,  3855519.56953, 20260630
MONP, Monument_PkSCIGN,   32.8919428490, -116.4223573811, 1842.54216, -2386247.77207, -4802358.82422,  3444902.53909, 20260630
MOOT, Moon_Mountain_Th,   44.0515421127, -121.6694228669, 2254.26369, -2411466.58077, -3909161.92834,  4413776.87233, 20260616
MOPN, MoDOT_Princeton,    40.4173591725,  -93.5775232884,  273.21365,  -303446.18541, -4853521.26557,  4113554.69649, 20260630
MORP, Morpeth,            55.2127935058,   -1.6854910870,  144.44226,  3645667.55588,  -107276.89461,  5215053.73155, 20260630
MOUM, Mount_Umunhum,      37.1584102841, -121.9034656159,  965.74193, -2690098.81920, -4321241.85300,  3832002.04477, 20260630
MOVB, MoDOT_Van_Buren,    36.9601331188,  -91.0605141535,  135.63221,   -94444.01165, -5101888.80723,  3813940.36718, 20260630
MPLE, Mount_Pleasant,     43.6150777732,  -84.7617521584,  200.62579,   422271.05553, -4605910.82687,  4377365.62838, 20260630
MPWD, MPWD_SCGN_CS1998,   34.2955143581, -118.8780242682,  190.23216, -2547550.45697, -4619066.11799,  3573682.16837, 20260630
MRSD, Mount_Rainier_Sk,   46.7853437909, -121.7420421589, 1629.71179, -2302313.87931, -3721652.84526,  4626645.28904, 20260630
MSD1, San_Jose_De_WAAS,   23.1604496100, -109.7176550522,  103.83729, -1979520.21636, -5523222.31287,  2493106.89018, 20260630
MSOB, MountainSkiSCIGN,   34.2308452276, -117.2101310576, 1733.18269, -2414458.12343, -4695984.80108,  3568621.28081, 20260630
MSOL, Missoula,           46.9294031706, -114.1088650158,  960.07751, -1782603.10356, -3983405.52208,  4637110.10216, 20260630
MTA1, CivicCenterSCIGN,   34.0552212586, -118.2455092773,   72.60935, -2503444.12820, -4660012.05862,  3551563.67785, 20260630
MTDT, HELENA,             46.5885017850, -111.9936194579, 1217.15876, -1644769.07968, -4072251.92188,  4611331.12672, 20260630
MTEI, ENGINC,             45.7464034936, -108.6002224703,  970.18049, -1422329.24628, -4226311.55290,  4546317.32681, 20260630
MTFV, Flathead_Valley,    48.2274735332, -114.3268372357,  905.16673, -1753835.85344, -3879469.84004,  4734438.60223, 20260630
MTGG, Mataguay_ScCamp,    33.1991650213, -116.6472324271, 1066.69299, -2396451.07825, -4775764.75715,  3473046.85705, 20260630
MTHC, Highlands_Colleg,   45.9378367229, -112.5100489107, 1695.98547, -1701544.11145, -4105853.93946,  4561663.81955, 20260630
MTLW, Lewistown,          47.0541518099, -109.4427307982, 1236.33964, -1449333.67430, -4105829.83152,  4646773.42494, 20260630
MTMS, Montana_StateU,     48.5409565416, -109.6866465483,  773.31015, -1425435.77266, -3984013.19190,  4757493.77551, 20260630
MTNT, Miami_TNT,          25.8657724042,  -80.9070025184,  -20.54690,   907578.25029, -5670638.11096,  2765679.69083, 20260630
MTPK, Monument_Peak,      37.4853287749, -121.8668711869,  750.88936, -2675632.85297, -4304129.23633,  3860729.10356, 20260630
MTSU, Bozeman,            45.6612201278, -111.0450208332, 1494.86951, -1603881.17210, -4168460.27967,  4540079.61728, 20260630
MTUM, Univ_Montana,       46.9500268392, -113.4724142594, 1122.27694, -1737622.50248, -4001525.59829,  4638794.26574, 20260630
MUIR, Camp_Muir,          46.8356319401, -121.7331612021, 3067.63415, -2300110.02988, -3719378.80061,  4631521.21935, 20260630
MUSB, MUSB_BARD_CN1997,   37.1699407048, -119.3093553632, 2042.52824, -2491802.93420, -4438642.24957,  3833672.54020, 20260630
MWTP, Mammoth_Water_Tr,   37.6405188137, -118.9447349207, 2317.39811, -2448252.38372, -4426828.86089,  3875340.79246, 20260630
MZNT, Manzanita_OR2021,   45.7015279437, -123.9308611313,  -12.48658, -2490717.39782, -3702269.34140,  4542131.47384, 20260630
NAIN, Nain,               56.5369782481,  -61.6887240390,   32.89654,  1671836.16290, -3103473.35383,  5297671.47363, 20260630
NANO, Nanoose,            49.2948089142, -124.0864815033,    6.60852, -2335727.04983, -3451608.36768,  4812009.85793, 20260630
NAYX, nayxREGNOMmx2010,   32.3242831172, -115.2955162767,  -23.84741, -2305169.60314, -4877611.88537,  3390860.09961, 20260630
NBWY, NBWY_YVO_YNP2023,   44.7273458996, -110.7114125629, 2303.25741, -1605834.38071, -4247158.70029,  4467493.19218, 20260630
NCCH, Castle_Hayne_200,   34.3445158236,  -77.8749787979,  -24.24163,  1107312.48811, -5154168.49535,  3578050.60880, 20260630
NCFW, NCFW_Sparta_2023,   36.5135713118,  -81.0952466920,  835.64084,   794544.10920, -5071100.10357,  3774642.25695, 20260630
NCGO, Goldsboro,          35.4213605977,  -78.0585003213,   12.68601,  1076667.66595, -5090876.64287,  3676068.72624, 20260630
NCHW, NCHW_Sparta_2023,   36.4865836250,  -81.1054088758,  877.93353,   793925.39154, -5073034.71591,  3772259.71911, 20260630
NCJA, Jackson_NC,         36.4084982109,  -77.4375926547,   11.89561,  1117798.34090, -5016199.73250,  3764774.65185, 20260630
NCPO, Polkton,            34.9925558272,  -80.1771904041,   83.54586,   892412.60625, -5154283.24029,  3637238.28440, 20260630
NCSW, Swannanoa,          35.5961294002,  -82.4234056047,  658.50330,   684671.13310, -5147410.47782,  3692229.11832, 20260630
NCWH, Whiteville,         34.2804494533,  -78.7164881654,   -3.77684,  1032283.10585, -5173820.48936,  3572192.15093, 20260630
NDAP, NDAP_SCGN_CS2000,   34.7676864753, -114.6186325850,  241.36239, -2185095.45568, -4768564.71535,  3616863.03759, 20260630
NEAH, NEAH_PNGA_WA1995,   48.2978540615, -124.6249077202,  459.95436, -2415625.73375, -3498394.15456,  4739316.83533, 20260630
NEDR, NE_Dept_of_Roads,   40.7725873407,  -96.7003315329,  348.30643,  -564409.12073, -4804345.94155,  4143557.97225, 20260630
NEGI, GRAND_ISLAND,       40.9222594954,  -98.3281669340,  541.62244,  -699106.15059, -4775761.25556,  4156258.48573, 20260628
NEWS, NEWS_BRGN_NV1997,   39.6856149397, -117.5089400404, 1770.27300, -2270837.02166, -4360575.98060,  4052314.53157, 20260630
NHRG, NHRG_SCGN_CS2000,   34.4986594713, -119.1412669966, 1648.74010, -2563131.43918, -4597243.27356,  3593103.21141, 20260630
NHUN, U_New_Hampshire,    43.1425602938,  -70.9519127895,    7.92736,  1521218.21602, -4405922.55851,  4339076.62594, 20260630
NINT, North_Bend_WA,      47.4950962786, -121.7970873153,  127.25499, -2274869.41405, -3669405.26298,  4679223.21284, 20260630
NIST, Boulder,_United_,   39.9950661321, -105.2626078157, 1648.34906, -1288398.62710, -4721696.93115,  4078625.32444, 20260630
NJCM, Middle_Township,    39.1006751248,  -74.8029025312,  -26.60809,  1299236.85916, -4782943.68939,  4000979.90237, 20260630
NJHC, Hunterdon_County,   40.5016221278,  -74.9011228010,   94.65942,  1265123.82296, -4689122.68948,  4120558.33629, 20260630
NJOC, Ocean_County,       39.9527937587,  -74.1935050845,   -9.46362,  1333636.59714, -4710933.45089,  4073962.88076, 20260630
NLIB, North_Liberty_VL,   41.7715908205,  -91.5748993939,  206.95961,  -130934.94504, -4762291.67673,  4226854.59340, 20260630
NMDE, Deming_NMDOT,       32.2672666316, -107.7260772084, 1297.79330, -1643934.56438, -5143044.93834,  3386221.14088, 20260630
NMGR, Grants_Nmdot,       35.2165730502, -107.9301172081, 2020.69818, -1606476.42814, -4964822.43043,  3658687.99346, 20260630
NMRO, Roswell,            33.3949579430, -104.5891075330, 1094.68703, -1342902.97655, -5159504.84739,  3491215.75961, 20260630
NMSF, Santa_Fe,           35.6737884962, -105.9586064036, 2096.28678, -1426648.90311, -4988916.24897,  3700071.29625, 20260630
NMSU, NM_State_Univ,      32.2742681513, -106.7446835444, 1187.50713, -1555458.49508, -5169961.00620,  3386818.86602, 20260630
NOCO, NorcoCollegSCIGN,   33.9197109342, -117.5695877650,  186.78811, -2452229.59350, -4696752.89342,  3539164.07033, 20260630
NOMT, NOMT_EBRY_MT1999,   45.5969176625, -111.6298250726, 1578.02500, -1648248.38113, -4156677.22938,  4535140.06443, 20260630
NOPK, North_Park_SCIGN,   33.9797389907, -118.3480191806,   33.11321, -2513986.10131, -4659619.18033,  3544601.67293, 20260630
NOR1, Cadillac,           44.2558258964,  -85.4371632210,  364.04291,   364027.30867, -4561442.53109,  4428749.48573, 20260630
NOR3, Alpena,             45.0685846995,  -83.5686515643,  174.45327,   505437.01812, -4483924.28465,  4492858.24404, 20260630
NORM, North_of_Rim,       43.7388744730, -121.2527235393, 2161.37495, -2395438.90152, -3947138.07130,  4388669.45286, 20260630
NOSE, RomanNose_OR2021,   43.9119023735, -123.7387240059,  848.99183, -2556471.16027, -3827659.97921,  4401633.84219, 20260630
NRC1, OTTAWA_NRC,         45.4541631719,  -75.6238324754,   82.55954,  1112776.85615, -4341475.93309,  4522955.91099, 20260630
NRWY, NRWY_EBRY_WY2003,   44.7148463206, -110.6777213013, 2342.69479, -1603691.82637, -4249043.22317,  4466533.61884, 20260630
NTKA, Nootka_Island,      49.5923619561, -126.6166126225,   -1.48200, -2470820.51978, -3324948.15316,  4833520.87363, 20260630
NVBM, Bermuda,            35.9698138184, -115.1575169420,  712.49951, -2197190.57999, -4678268.36881,  3725899.91242, 20260630
NVLM, AMS_WT_Facility,    36.0696574839, -114.8132094395,  362.07494, -2166184.72690, -4685216.16820,  3734655.12054, 20260630
NVMO, NVMO_NNSS,          36.9397150886, -116.0801779856, 1545.08431, -2244413.88119, -4585433.40706,  3812976.53331, 20260630
NWBG, ADEPAZ_COOP,        45.3000507922, -122.9755328721,   42.55595, -2445987.21332, -3770013.58018,  4510896.03206, 20260630
NWBL, Northwest_Bluff,    16.8204171609,  -62.2027050018,  146.96219,  2848019.55591, -5402367.95436,  1833861.13993, 20260624
NYBA, NYBA_KIVU_RW2022,   -1.7623736157,   29.3496486928, 2248.88667,  5558817.56613,  3125799.83375,  -194912.23846, 20260630
NYBH, Binghamton,         42.1097589559,  -75.8274255505,  311.88061,  1160328.15607, -4594819.51874,  4254865.12854, 20260630
NYBT, Batavia,            42.9883318664,  -78.1223355035,  261.08935,   961815.37931, -4572975.40499,  4326731.68018, 20260630
NYCL, Cortland,           42.5843728499,  -76.2113396062,  329.72228,  1121052.90487, -4568012.44929,  4293843.28160, 20260630
NYCP, Coopers_Plains,     42.1879109160,  -77.1434329643,  276.44798,  1053192.41123, -4614551.22016,  4261277.64465, 20260630
NYDV, Dansville,          42.5489243323,  -77.6979519999,  187.41035,  1002711.17056, -4598059.04472,  4290846.76254, 20260630
NYFD, Fredonia_NY,        42.4282830763,  -79.3396534858,  211.33292,   872246.74796, -4633811.64056,  4280980.43650, 20260630
NYFS, Friendship,         42.2046740670,  -78.1438807009,  441.37852,   972228.91957, -4631132.28065,  4262767.96245, 20260630
NYFV, Fultonville,        42.9391761155,  -74.3533449083,  103.51739,  1261307.19824, -4503333.97835,  4322628.03456, 20260630
NYHC, Hancock,            41.9583379455,  -75.2927511209,  259.51276,  1206004.40490, -4594647.00233,  4242337.29741, 20260630
NYHS, Hudson,             42.2523320550,  -73.7575518084,   20.86594,  1322493.21613, -4539495.73865,  4266405.34087, 20260630
NYLV, Lowville,           43.7964665383,  -75.4854401033,  240.43410,  1155719.39290, -4464155.13375,  4391962.52694, 20260630
NYMD, Middletown,         41.4068215425,  -74.4428067932,  126.99201,  1284926.58949, -4615400.16557,  4196499.99832, 20260630
NYML, Malone,             44.8709506382,  -74.2881590816,  194.15006,  1226141.16806, -4358678.11470,  4477333.12615, 20260630
NYON, Oneonta,            42.4402362394,  -75.1118156920,  305.87216,  1211278.21114, -4556099.14013,  4282024.23528, 20260630
NYPD, Potsdam,            44.6525265712,  -75.0418152916,  108.73710,  1173099.77015, -4390883.56292,  4460037.86950, 20260630
NYPF, Pittsford,          43.0931998224,  -77.5253178637,  112.32958,  1007671.24452, -4554835.18417,  4335145.12358, 20260630
NYRB, Ray_Brook,          44.3038777080,  -74.0783621295,  465.74250,  1254281.55688, -4396886.72653,  4432643.42368, 20260630
NYST, Saratoga,           43.0616033288,  -73.8041770246,   68.46100,  1301817.70640, -4482105.55138,  4332551.17253, 20260630
NYWL, Waterloo,           42.8986838918,  -76.8520369214,  108.80961,  1064475.67447, -4557027.68511,  4319337.37714, 20260630
NYWT, Watertown,          44.0282483523,  -75.9211054107,  117.14793,  1117375.13174, -4455402.29710,  4410430.31868, 20260630
OAES, OAES_SCGN_CS1999,   34.1410041689, -116.0677398070,  604.77130, -2322404.46103, -4747381.20722,  3559741.93188, 20260630
OAKH, Oakdale,            30.8155068467,  -92.6569834369,   20.19648,  -254150.15509, -5476621.11266,  3248354.11930, 20260630
OBSR, Observation_Rock,   46.8997966086, -121.8153679834, 2363.10850, -2302444.76307, -3711240.20845,  4635885.92835, 20260630
OCEN, Ocean_Shores_WA,    46.9523711474, -124.1597145499,  -17.38595, -2449015.97313, -3609073.45893,  4638139.34911, 20260630
OCSD, Oceanside_CA2012,   33.2406691485, -117.3467409112,   42.88567, -2453025.00985, -4743150.96375,  3476337.17593, 20260630
OFW2, OFW2_EBRY_WY2003,   44.4511055444, -110.8311545711, 2280.42512, -1622367.37265, -4263926.57017,  4445608.29629, 20260630
OHHU, Huron_County,       41.1767729841,  -82.5613739756,  253.31638,   622447.78886, -4767416.74981,  4177386.26949, 20260630
OHLI, LICKING_COUNTY,     39.9525469076,  -82.4141848687,  293.43772,   646367.73404, -4853466.33036,  4074136.37887, 20260630
OHMR, Mercer_County,      40.5460035446,  -84.6307428606,  235.55669,   454180.20973, -4832398.37505,  4124396.17810, 20260630
OHPR, PREBLE_COUNTY,      39.7407485017,  -84.5747532607,  270.35647,   464355.08026, -4889367.37606,  4056065.84960, 20260630
OK03, OK03_PawneeEQ_OK,   36.3296250227,  -96.8580322010,  258.60533,  -614317.59986, -5107813.95357,  3757873.37758, 20260628
OK04, OK04_PawneeEQ_OK,   36.3969016645,  -96.9121227031,  264.57002,  -618607.26459, -5102842.22724,  3763888.85682, 20260628
OK06, OK06_PawneeEQ_OK,   36.4607790220,  -96.8565287310,  252.24520,  -613151.98500, -5099250.95776,  3769584.96157, 20260630
OK07, OK07_PawneeEQ_OK,   36.4543119154,  -96.7639968949,  237.85143,  -604964.83868, -5100646.53100,  3768999.19124, 20260630
OKAN, Antlers,            34.1952022402,  -95.6213582662,  140.28836,  -517317.57039, -5255838.10955,  3564455.60172, 20260630
OKAR, Ardmore,            34.1684636566,  -97.1692486277,  235.76719,  -659319.93738, -5241677.94142,  3562055.52549, 20260630
OKBF, Buffalo,            36.8280278294,  -99.6413581424,  538.81340,  -856141.03929, -5039683.66935,  3802457.12918, 20260630
OKCB, Okeechobee,         27.2660379788,  -80.8553347134,  -15.33539,   901665.34952, -5601320.71536,  2904442.92445, 20260630
OKCL, Clinton,            35.4831575537,  -98.9714703114,  469.60344,  -810882.77811, -5136263.78382,  3681919.09934, 20260630
OKDT, Oklahoma_City,      35.4901314719,  -97.5076975806,  365.45278,  -679343.18023, -5154772.16880,  3682488.70880, 20260630
OKGM, Guymon,             36.6745971999, -101.4793621172,  929.97751, -1019432.08772, -5019923.43899,  3789047.16852, 20260630
OKHV, Heavener,           34.9131665363,  -94.6180929656,  145.32570,  -421574.92447, -5219066.58531,  3630054.77485, 20260630
OLMP, Olympia_WA,         47.0448460345, -122.8952202245,    2.58740, -2364699.34007, -3655937.36269,  4645165.41996, 20260630
OLVN, Olveston,           16.7504057404,  -62.2277268857,   40.92450,  2846655.29394, -5405501.18194,  1826412.57476, 20260630
ONSA, ONSALA,             57.3953017407,   11.9255235406,   45.64580,  3370658.23939,   711877.45423,  5349787.18033, 20260630
OPBL, OPBL_SCGN_CS1999,   34.3698811031, -115.9180601799, 1226.53288, -2303971.88922, -4741038.96128,  3581079.54653, 20260630
OPCL, OPCL_SCGN_CS1999,   34.4277157550, -116.3054605592, 1312.91430, -2334400.15281, -4722166.70839,  3586423.05883, 20260630
OPCP, OPCP_SCGN_CS1999,   34.3671282737, -116.0833752813, 1096.65725, -2317670.23886, -4734430.17471,  3580754.12523, 20260630
OPCX, OPCX_SCGN_CS1999,   34.4300811854, -116.1494870528, 1133.82876, -2321406.09986, -4728238.23503,  3586538.28152, 20260630
OPRD, OPRD_SCGN_CS1999,   34.5330307526, -116.2922826723, 1400.24952, -2330415.65634, -4716837.13879,  3596104.84699, 20260630
ORE2, ORE2_Mil_USA2018,   37.4598166449, -121.7519518841,  600.74293, -2667838.50944, -4310850.78817,  3858390.31157, 20260630
ORE3, ORE3_Mil_USA2018,   37.4615127708, -121.7508243639,  661.56965, -2667718.82733, -4310846.97463,  3858576.74703, 20260630
OREO, OREO_Mil_USA2018,   37.4606541839, -121.7512583047,  640.06045, -2667772.99447, -4310861.54130,  3858488.01780, 20260630
ORES, ORES_SCGN_CS1999,   34.7390636295, -120.2785668318,  143.61948, -2645609.28077, -4531308.10575,  3614198.36699, 20260630
ORMD, Ormond_Beach,       29.2981922506,  -81.1088994216,  -19.87955,   860375.49874, -5499831.84268,  3102756.78950, 20260630
ORMT, ORMT_SCGN_CS2000,   34.6749039382, -116.8150961119, 1893.33043, -2369508.35998, -4687759.83097,  3609342.50616, 20260630
ORVB, Oroville_Dam,       39.5546265232, -121.5002960739,  339.99628, -2573122.32488, -4198905.30311,  4040198.05115, 20260630
OSPA, Oswego_Port_Auth,   43.4648869180,  -76.5115355836,   50.01038,  1081488.10239, -4508720.97057,  4365165.55892, 20260630
OVLS, OVLS_SCGN_CS1999,   34.3273624782, -119.1419549643,   69.19424, -2567782.40997, -4605455.25742,  3576532.08295, 20260630
OXMT, Ox_Mountain,        37.4993662888, -122.4243240249,  209.08983, -2716643.11024, -4276730.30135,  3861635.58296, 20260630
OXYC, OccidentalCSCIGN,   34.1288143751, -118.2073223091,  209.81460, -2498228.62485, -4657747.28437,  3558401.03249, 20260630
P001, Organ_PipeAZ2007,   31.9493754906, -112.8017052536,  474.69538, -2099488.61011, -4994069.96588,  3355920.73932, 20260630
P002, VigusButteNV2006,   39.5211368855, -117.1865348132, 1741.69299, -2251574.21499, -4383623.30144,  4038222.38564, 20260630
P003, MohawkvallAZ2006,   32.7225432411, -114.0049544775,   50.95580, -2185093.81823, -4906659.15359,  3428139.39109, 20260630
P004, JeromeNFS_AZ2007,   34.7843807022, -112.1519838278, 1791.76565, -1977923.90913, -4858389.13872,  3619268.79374, 20260630
P005, PonyExpresNV2006,   39.9101698391, -115.2786314209, 2015.64863, -2092682.60971, -4431381.05672,  4071633.09463, 20260630
P006, Lake_Mead_NV2007,   36.1541863101, -114.4569151104,  365.22958, -2134720.30085, -4693566.07652,  3742234.73048, 20260630
P007, SalmonFallNV2007,   41.7241994081, -114.8197165789, 1686.56992, -2001730.93748, -4328230.41681,  4223912.07205, 20260630
P008, Tuba_City_AZ2007,   36.1428199040, -111.1300507314, 1522.04078, -1859350.09496, -4811103.79057,  3741898.52249, 20260630
P009, Marysvale_UT2006,   38.4799290846, -112.2227179630, 1761.51507, -1891355.12264, -4629376.41258,  3948381.59633, 20260630
P010, AubreyPeakAZ2007,   34.6672608832, -113.7313457476, 1399.04342, -2113926.86648, -4808510.47950,  3608363.82105, 20260630
P011, SpiderRockAZ2005,   36.1498267866, -109.5192307739, 1728.49600, -1723275.66593, -4861194.42487,  3742648.29857, 20260630
P012, MonticelloUT2006,   38.0974316644, -109.3338389108, 1788.48646, -1664354.39770, -4743666.99178,  3915063.86969, 20260630
P013, SpringCrekNV2007,   41.4287399100, -117.3299979116, 1433.41190, -2199294.26917, -4255586.32113,  4199189.97103, 20260630
P014, Sahuarita_AZ2007,   31.9728933335, -111.0985987625, 1067.96323, -1949819.42079, -5053443.10920,  3358447.52952, 20260630
P015, DueceClubSAZ2005,   34.2638095709, -110.0094879862, 1930.19586, -1806152.13541, -4959806.53783,  3571755.65408, 20260630
P016, VernonHillUT2006,   40.0781206638, -112.3614057952, 1730.52419, -1859799.27440, -4520852.28946,  4085740.72531, 20260630
P017, HaysPeak__NV2006,   41.2758948728, -119.9355141708, 2390.62059, -2396432.96201, -4161553.36996,  4187076.02748, 20260630
P018, Pharmacy__OR2008,   42.9817050116, -117.0645616398, 1424.24021, -2126816.34341, -4162510.19712,  4326986.10428, 20260630
P019, Cat_Creek_ID2007,   43.3001944855, -115.3116655952, 1682.35368, -1988227.74372, -4203912.76837,  4352986.72474, 20260630
P020, DRYLNDRSH_WA2004,   47.0022069083, -118.5657733915,  480.11049, -2083774.50365, -3827351.00998,  4642283.25259, 20260630
P021, RadioHill_WA2005,   48.6746909345, -118.7302565340, 1163.17250, -2028708.24418, -3700870.42907,  4767620.95157, 20260630
P022, I84E_E269_OR2005,   45.2317844540, -118.0137762741,  888.11063, -2113560.89978, -3972725.24906,  4506156.50573, 20260630
P023, McCallAir_ID2007,   44.8984317299, -116.1030088258, 1521.58122, -1991661.03101, -4064945.65203,  4480433.98018, 20260630
P024, GoosePeak_ID2008,   47.5622005249, -115.8424377241, 1907.61242, -1880051.06365, -3881732.44493,  4685574.87850, 20260630
P025, Bndry_Air_ID2007,   48.7310124581, -116.2875154490,  695.46280, -1866909.17158, -3779476.75192,  4771403.63879, 20260630
P026, CoyotHillsCN2005,   32.6589601100, -107.1948755624, 1236.84569, -1589273.30097, -5135738.50254,  3422844.93150, 20260630
P027, ApachePnt_NM2007,   32.8018577571, -105.8041625313, 2896.72986, -1462205.99762, -5165893.92900,  3437077.87093, 20260630
P028, ChacoCnHP_NM2005,   36.0316839567, -107.9084115582, 1933.10938, -1588370.64305, -4915222.85382,  3732172.42606, 20260630
P029, MontroseCSCO2007,   38.4391895809, -107.6380464614, 2455.39066, -1516284.04645, -4768943.21648,  3945270.81458, 20260630
P030, KemmererLFWY2005,   41.7498138527, -110.5128134444, 2149.77248, -1670490.28236, -4464884.98828,  4226343.99692, 20260630
P031, Rifle_GCL_CO2006,   39.5154956135, -107.9086745202, 1657.56325, -1515483.34042, -4689599.08268,  4037685.56276, 20260630
P032, RawlinsWWTWY2005,   41.7416721446, -107.2559272020, 2167.28749, -1414312.19770, -4553166.39818,  4225680.73599, 20260630
P033, TenSleepTRWY2005,   43.9528981519, -107.3875507912, 1375.87927, -1374664.00228, -4389900.54727,  4405280.35509, 20260630
P034, Sandia_ASLNM2004,   34.9456186588, -106.4592695105, 1810.90763, -1483356.38158, -5020831.17735,  3633960.55158, 20260630
P035, VaughnPtrlNM2005,   34.6013922335, -105.1836050221, 1780.35437, -1376910.81053, -5073611.19533,  3602566.80599, 20260630
P036, AngelFire_NM2004,   36.4202736076, -105.2936562865, 2529.89770, -1355886.51947, -4958443.26994,  3767321.14228, 20260630
P037, FreemontAPCO2004,   38.4217528058, -105.1046870024, 1616.87447, -1304152.21307, -4831831.39147,  3943232.88892, 20260630
P038, PortalesApNM2005,   34.1472544173, -103.4073413817, 1212.98433, -1225472.12356, -5141071.46261,  3560657.19161, 20260630
P039, ClaytonArpNM2005,   36.4481124299, -103.1539570810, 1493.62475, -1169204.75818, -5003010.65881,  3769191.86455, 20260630
P040, LamarArpt_CO2004,   38.0714982430, -102.6869823821, 1102.64618, -1104361.77333, -4905636.27296,  3912374.59195, 20260630
P041, Marshall__CO2004,   39.9494908175, -105.1942701705, 1728.83171, -1283634.49168, -4726427.87496,  4074797.92321, 20260630
P042, Wheatland_WY2004,   42.0515051227, -104.9105982698, 1422.41982, -1220743.92551, -4584480.07537,  4250806.28343, 20260630
P043, Newcastle_WY2006,   43.8811447454, -104.1857065106, 1490.92265, -1128701.96707, -4465270.58292,  4399615.85982, 20260630
P044, AkronArpt_CO2004,   40.1717897651, -103.2224874377, 1411.02702, -1116560.59509, -4752090.26926,  4093489.61533, 20260630
P045, BirchCreekMT2006,   45.3828722397, -112.6171931417, 1618.19026, -1726168.03709, -4143347.49175,  4518487.40058, 20260630
P046, ClearwaterMT2006,   47.0295938389, -113.3317372547, 1290.28405, -1725275.59651, -3999944.77421,  4644952.03693, 20260630
P047, E_Glacier_MT2007,   48.4213344070, -113.2197492249, 1475.54255, -1672353.05186, -3898180.57517,  4749200.59693, 20260630
P048, BozemanRR_MT2007,   45.6530428500, -111.2042141054, 1491.95459, -1615691.22636, -4164592.12346,  4539442.13513, 20260630
P049, Armington_MT2006,   47.3499629624, -110.9062363998, 1186.03950, -1545100.02261, -4044895.86206,  4669084.48355, 20260630
P050, WickumRnchMT2006,   48.8094758520, -111.2484353335, 1266.87250, -1525480.37450, -3923083.42825,  4777585.09812, 20260630
P051, BillingsAPMT2005,   45.8065997754, -108.5461487004, 1081.08040, -1416839.28990, -4223178.94041,  4551063.99454, 20260630
P052, LRRnchJrdnMT2006,   47.3747347745, -107.0186808924,  858.62722, -1266648.54103, -4138194.58344,  4670709.42255, 20260630
P053, WhitewaterMT2007,   48.7260788790, -107.7254236091,  814.96238, -1283559.45233, -4015770.31087,  4771131.51559, 20260630
P054, TEREkalakaMT2006,   45.8463481148, -104.4414233963, 1093.08620, -1110122.73849, -4310701.93488,  4554151.70463, 20260630
P055, GlendiveWTMT2006,   47.1167125226, -104.6851273261,  667.72164, -1102410.97960, -4206589.08253,  4651093.42414, 20260630
P056, PotervilleCS2005,   36.0274373831, -119.0628757266,  100.77792, -2508652.74433, -4514039.75059,  3730713.51887, 20260630
P058, HumboldtStCN2005,   40.8763065317, -124.0753719370,   21.40787, -2705947.27679, -4000370.27689,  4152060.42630, 20260630
P059, PointArenaCN2006,   38.9283497817, -123.7262051162,  -11.30997, -2758535.10067, -4132153.43988,  3986125.18653, 20260630
P060, PollardFltCN2005,   40.9976313838, -122.4148885390,  430.79717, -2584326.18775, -4069908.42947,  4162507.29010, 20260630
P062, SilverLakeOR2007,   43.1123858618, -121.0907171750, 1350.26705, -2408678.72203, -3994375.38871,  4337547.44319, 20260630
P063, Shaniko___OR2005,   44.9227208068, -120.9461562219,  965.37817, -2326563.43529, -3880307.01674,  4481953.30448, 20260630
P066, JacumbaAp_CS2004,   32.6165270974, -116.1697951535,  822.85054, -2371967.13233, -4826895.50167,  3418658.32228, 20260630
P067, CleggRanchCS2004,   35.5517565685, -121.0029682254,  106.98847, -2675936.67415, -4452983.94550,  3687903.65866, 20260623
P068, MiddleGateNV2006,   39.3056419194, -117.9847924159, 1455.90795, -2319453.34532, -4365051.90364,  4019552.21728, 20260630
P069, IndianPeakNV2006,   39.2879392312, -117.6048985919, 1886.38773, -2291191.83952, -4381733.29373,  4018303.50246, 20260630
P070, WagonMoundNM2007,   36.0447792298, -104.6980028590, 1883.52462, -1310384.05747, -4995596.35636,  3733318.57691, 20260630
P071, RailroadPsNV2006,   39.3465460762, -117.4011847688, 2085.34447, -2273771.14998, -4386327.22764,  4023464.98097, 20260630
P072, DryCreekRnNV2005,   39.5214537914, -116.7409000763, 2061.18132, -2217512.35309, -4401202.90328,  4038452.84594, 20260630
P073, TwinSpringNV2006,   39.5005230655, -116.4244739961, 1942.59779, -2193789.68452, -4414624.83241,  4036583.98795, 20260630
P074, BigReilleyNV2006,   39.5464258344, -116.0496008872, 1947.66927, -2163436.04787, -4425972.49332,  4040519.57896, 20260630
P075, Southgate_NV2006,   39.3742421856, -115.8888213184, 1881.59312, -2156291.75402, -4442913.47592,  4025713.92140, 20260630
P076, DryMountaiNV2006,   39.5360611967, -115.5126021883, 2006.03091, -2122194.69289, -4446756.37235,  4039669.04408, 20260630
P077, RavenLoft_NV2008,   39.3885598098, -115.4318280692, 2334.19006, -2120503.67449, -4459375.43747,  4027230.14314, 20260630
P078, LonePineCnNV2007,   40.4334155703, -117.8798088347, 1444.83357, -2273903.36083, -4298318.28114,  4115671.89598, 20260630
P080, BlackHorseNV2006,   39.1194375902, -114.2772190131, 1972.87641, -2037875.75278, -4518183.43882,  4003857.69422, 20260630
P081, Buckskins_UT2006,   39.0673056440, -113.8713312788, 1588.12694, -2007174.20822, -4535571.63520,  3999121.99291, 20260630
P082, TuleValleyUT2006,   39.2689334586, -113.5052117356, 1380.98383, -1972447.11368, -4535189.62327,  4016349.78342, 20260630
P083, NeedlePeakNV2007,   40.3205797496, -117.4676403530, 1642.68573, -2246738.26929, -4321901.96891,  4106252.79748, 20260630
P084, CedarMountUT2006,   40.4939511594, -113.0540071352, 1432.79496, -1902527.44416, -4470353.44051,  4120779.52091, 20260626
P085, SlavenCyn_NV2006,   40.4954598488, -116.7362162300, 1661.18700, -2185726.08121, -4338997.85144,  4121055.26633, 20260630
P087, CortezRangNV2006,   40.3632042729, -116.2792679205, 2358.38206, -2155505.37267, -4365309.64808,  4110324.76568, 20260630
P088, LittleMtStUT2006,   40.7717679604, -111.7228947827, 1920.44334, -1790866.06769, -4495018.53623,  4144515.73940, 20260630
P090, DRI_Reno__NV2007,   39.5728025492, -119.7998575682, 1503.64628, -2447198.28396, -4273073.71419,  4042495.16955, 20260630
P091, Hunter_MtnCS2007,   36.6143227963, -117.5315449434, 1966.84633, -2369987.67471, -4546590.56197,  3784298.08152, 20260630
P092, White__TopCS2006,   36.8041929763, -117.4068056614, 2157.06799, -2354354.46196, -4540690.03121,  3801308.88536, 20260630
P093, HaystackHiCS2007,   36.6060240736, -117.9941486193, 1339.04786, -2406640.31757, -4527347.48933,  3783184.26391, 20260630
P094, LastChanceCS2006,   37.2008345466, -117.7041977829, 1729.21620, -2365411.84773, -4504643.72570,  3836215.52324, 20260630
P095, SpanishSpgNV2005,   39.6984296306, -119.5369092330, 1608.78589, -2423214.61287, -4276587.00997,  4053306.51412, 20260630
P096, LittleVallNV2007,   39.7955638860, -119.3056466856, 1243.27429, -2402419.78194, -4280073.26891,  4061366.82698, 20260630
P097, HotSpringsNV2007,   39.8388048528, -118.8738646647, 1210.37308, -2368600.12806, -4295341.44556,  4065034.14887, 20260630
P098, TopogPeak_NV2007,   39.8888808418, -118.6844182990, 1286.56502, -2352701.98820, -4300073.90006,  4069351.53992, 20260630
P099, FairviewPkNV2006,   39.2123189531, -118.1593546043, 2455.65850, -2336201.97513, -4364429.78312,  4012160.15485, 20260630
P100, ParkValleyUT2007,   41.8567997602, -113.2942192550, 1883.46806, -1881971.86628, -4371103.68374,  4235027.22613, 20260630
P101, RandolphLLUT2005,   41.6922722746, -111.2360195425, 2016.10783, -1728217.89581, -4447317.14444,  4221483.26318, 20260630
P102, LittleBaldNV2006,   39.9249200723, -115.5560107923, 2718.07997, -2113890.00918, -4420735.67981,  4073340.41450, 20260630
P105, DeltaMuni_UT2004,   39.3875423533, -112.5040918867, 1431.43530, -1889727.42909, -4561284.19331,  4026569.95311, 20260630
P106, FoolCreek_UT2006,   39.4589554705, -112.2623489902, 1559.52756, -1868595.20118, -4564647.54460,  4032777.34271, 20260630
P107, Grants____NM2006,   35.1321794029, -107.8800230656, 1991.64978, -1603784.25949, -4971337.28728,  3651015.54558, 20260630
P108, SageValleyUT2005,   39.5888774086, -111.9445545782, 1683.25811, -1839852.70117, -4566513.17565,  4043985.50041, 20260630
P109, FountGreenUT2007,   39.5974844424, -111.6508362711, 1760.95262, -1816216.39942, -4575374.28287,  4044771.60089, 20260630
P110, SanPeteValUT2005,   39.7152263772, -111.5711453632, 2266.20295, -1806925.68601, -4570496.84400,  4055161.67951, 20260630
P111, WildcatHlsUT2006,   41.8173187687, -113.0121604672, 1366.22246, -1861423.92754, -4382653.53899,  4231414.24250, 20260630
P112, Indianola_UT2005,   39.8169046600, -111.4499996548, 1930.37030, -1794521.81803, -4567343.57556,  4063627.42695, 20260630
P113, KnollsWestUT2006,   40.6713031007, -113.2780377157, 1317.63108, -1914893.40448, -4451028.36348,  4135664.95279, 20260630
P114, BurgessRchUT2005,   40.6339840951, -112.5276333312, 1352.36610, -1857480.28956, -4478243.98102,  4132542.85111, 20260630
P115, GrantsVillUT2007,   40.4744216860, -112.4280009643, 1641.98183, -1854170.36360, -4492321.81467,  4119265.50668, 20260630
P116, LatimerPntUT2007,   40.4340233467, -112.0142328218, 2034.73643, -1822883.83845, -4508570.97317,  4116105.87206, 20260630
P117, AmericanFCUT2006,   40.4351626869, -111.7514273129, 1628.95617, -1802039.85146, -4516521.65592,  4115939.01607, 20260630
P118, KamasLloydUT2005,   40.6354877501, -111.3498720515, 2082.58046, -1765202.55615, -4515892.02838,  4133145.14034, 20260630
P119, MahoganyHRUT2005,   40.7317842348, -111.2577342491, 2045.38642, -1755399.79024, -4512199.83302,  4141232.63412, 20260630
P120, ClinesCornNM2007,   35.0074550518, -105.6260787902, 2089.65161, -1409191.52649, -5038302.03598,  3639743.17069, 20260630
P122, CnrSprngs_UT2004,   41.6353618150, -112.3319200750, 1293.18865, -1814352.53567, -4416838.07584,  4216279.41866, 20260630
P123, TresPiedraNM2006,   36.6351705589, -105.9108498617, 2411.18414, -1405300.66515, -4929802.99502,  3786420.51367, 20260630
P124, WellsvilleUT2007,   41.5575896935, -111.9573709397, 1772.94272, -1787719.47360, -4434256.78155,  4210136.68200, 20260630
P126, Coldwater_UT2007,   41.5832432119, -111.7805442193, 1871.71050, -1773351.65968, -4438065.44585,  4212334.43657, 20260630
P127, LockwoodRLNV2005,   39.4992128851, -119.5999288824, 1523.91106, -2434850.18047, -4286123.82923,  4036205.39769, 20260630
P128, BangoJunctNV2006,   39.4860973022, -119.0686448396, 1319.98119, -2395375.90737, -4309188.83363,  4034951.72662, 20260630
P129, DeadCowPt_NV2007,   39.1338920937, -118.4496067731, 1714.11159, -2360628.50680, -4356870.74225,  4004939.62207, 20260630
P130, CamelHump_NV2006,   39.2680339397, -118.9377630726, 1380.05539, -2392981.90266, -4328134.51698,  4016271.86453, 20260630
P131, LaPlataCynNV2007,   39.4546844101, -118.3512721148, 1825.05245, -2342474.50607, -4341136.31552,  4032579.86071, 20260630
P132, ParadiseRdNV2006,   38.7288424417, -118.0048724508, 1549.68083, -2339950.32942, -4399903.81217,  3969848.18236, 20260630
P133, BuckleyFltNV2006,   38.7246010394, -118.4602163155, 1781.80395, -2375069.90788, -4381587.12611,  3969625.98400, 20260630
P134, MinersRidgNV2006,   38.9808746390, -118.9304173400, 1885.96943, -2402350.57347, -4346395.29414,  3991853.14712, 20260630
P135, Cambridge_NV2006,   38.7046208294, -119.0153754281, 1692.12488, -2418051.61714, -4359521.17396,  3967838.77834, 20260630
P136, S_Camp_CynNV2006,   38.7613662092, -119.4585306566, 1773.25670, -2449789.97160, -4337310.81271,  3972804.79765, 20260630
P137, GranitePk_NV2007,   40.7797942244, -119.4767710013, 1331.76329, -2380444.64731, -4211404.57228,  4144806.41045, 20260630
P138, BluewingFtNV2007,   40.2421769996, -119.0101688048, 1243.70451, -2364847.87678, -4264513.37714,  4099351.83154, 20260630
P139, PaiuteCyn_NV2006,   39.9081981436, -119.7224558969, 1522.97542, -2429624.47294, -4255708.70156,  4071149.03467, 20260630
P140, SlateMtn__CN2006,   38.8292343327, -120.6931991641, 1079.21643, -2539992.65157, -4278992.06879,  3978243.30457, 20260630
P142, VoltaireCnNV2008,   39.1235323394, -119.8107217862, 1784.92036, -2463842.47995, -4300245.32979,  4004091.87982, 20260630
P143, IndianCrk_CN2007,   38.7601661128, -119.7648408849, 1733.57679, -2472968.70319, -4324197.58120,  3972676.04311, 20260630
P144, PliocenRdgCN2007,   39.4667030577, -120.8929905898, 1436.84983, -2532096.09028, -4231999.10599,  4033363.61155, 20260630
P145, Fern_PointNV2005,   41.3576870094, -119.6243301366, 1755.18016, -2370594.12234, -4168877.42256,  4193481.32205, 20260630
P146, SignalPeakCN2006,   39.3374629232, -120.5373045723, 2347.27108, -2510762.22510, -4256089.33159,  4022850.86191, 20260630
P147, DixieMtn__CN2007,   39.9373855123, -120.2844180330, 2488.88998, -2470571.73104, -4230517.57141,  4074255.07376, 20260630
P148, GoatMtn___CN2006,   40.4185871276, -120.8059656474, 1584.53611, -2490964.27651, -4177642.40843,  4114508.73119, 20260630
P149, BabbittPk_CN2008,   39.6021290397, -120.1049794994, 2634.66686, -2469315.33251, -4258939.35425,  4045725.99821, 20260616
P150, MartisPeakCN2008,   39.2923795085, -120.0338582135, 2619.06694, -2474961.49348, -4280914.84625,  4019149.13427, 20260630
P151, SierraArmyCN2008,   40.2889005280, -120.0772677116, 1313.03612, -2442202.73427, -4216875.92659,  4103356.30740, 20260630
P154, IshkeshRchCN2007,   41.8070819828, -123.3600535463,  319.88716, -2618368.62322, -3976995.06748,  4229869.10580, 20260630
P155, BlueRidge_CN2007,   41.2724342204, -123.1887897129, 1784.07607, -2628627.82160, -4018680.23219,  4186386.96464, 20260630
P157, GordaTwo__CN2006,   40.2475500417, -124.3080803519,  695.80071, -2748053.21671, -4027275.20873,  4099453.31826, 20260630
P158, MonumntRdgCN2004,   40.4224921399, -124.1072114425,  873.70042, -2726942.14585, -4026584.95598,  4114378.01409, 20260630
P159, BearRvrRdgCN2006,   40.5047892221, -124.2827844383,  608.18915, -2735813.34110, -4013142.07074,  4121159.29653, 20260630
P160, RohnerAir_CN2005,   40.5512532520, -124.1332737599,   94.22724, -2723231.29749, -4017168.63320,  4124747.27308, 20260630
P161, OswaldPropCN2005,   40.6373640880, -124.2130880242,   32.40024, -2725299.67788, -4008186.91564,  4131968.08947, 20260630
P162, RedwoodsCCCN2004,   40.6910959770, -124.2370384040,   -6.50111, -2724770.78844, -4003808.58829,  4136468.80440, 20260630
P163, PringleRdgCN2006,   40.2195734001, -124.0572955908,  425.27173, -2731407.61156, -4040756.26468,  4096906.81453, 20260629
P164, PrattMtn__CN2004,   40.1192568588, -123.6933460686, 1148.30819, -2709978.26912, -4064463.47383,  4088860.44478, 20260630
P165, BurghRanchCN2006,   40.2455496444, -123.8532695656,  545.65208, -2716014.79182, -4048986.01214,  4099186.75396, 20260630
P166, ChalkMtn__CN2005,   40.4351838738, -123.8628319207,  665.28536, -2709145.37166, -4037288.57111,  4115315.78246, 20260614
P167, BaldJesse_CN2005,   40.5437047948, -123.8801805054, 1021.14199, -2706156.13066, -4030195.92550,  4124712.84813, 20260630
P168, IaquaButteCN2005,   40.6686379029, -123.8814627610, 1093.47369, -2701242.33442, -4022683.43276,  4135294.34535, 20260630
P169, FickleHil_CN2004,   40.7911452828, -123.9676550508,  689.39130, -2702159.33564, -4010998.38211,  4145341.37189, 20260630
P170, BaldMtn___CN2004,   40.8802324802, -123.8632841184,  918.15129, -2691339.68358, -4010685.33244,  4152976.97531, 20260630
P171, SantaLuciaCN2004,   36.4855278403, -121.7925267006,  572.73433, -2705141.97049, -4364218.28855,  3771984.03314, 20260630
P172, PostRanch_CN2008,   36.2280779027, -121.7672528404,  312.60623, -2712022.95558, -4379632.47810,  3748821.18760, 20260630
P173, FortHunterCN2008,   35.9457199783, -121.2903417398,  339.23326, -2685071.06985, -4417843.53973,  3723516.56423, 20260630
P174, LlanoGrandCN2007,   36.3021548367, -121.0509068834,  342.12115, -2654559.85398, -4409051.27512,  3755466.57209, 20260630
P175, RosasCyn__CN2006,   36.4259058768, -121.1348652563,  451.38679, -2656853.20039, -4398262.42802,  3766590.06375, 20260630
P176, MillsCreekCN2007,   37.4717752451, -122.3571471775,  433.79927, -2712719.81070, -4281637.41450,  3859342.30142, 20260630
P177, CoDeTierraCN2008,   37.5281706226, -122.4950593952,   71.76921, -2720816.54469, -4271639.28592,  3864087.83281, 20260630
P178, SanMateoCCCN2007,   37.5345213369, -122.3323712111,  129.04147, -2708471.14601, -4279023.21501,  3864681.69246, 20260630
P179, IllinoisApOR2007,   42.0989712265, -123.6855743899,  402.20176, -2628933.30515, -3944070.05979,  4254036.62584, 20260630
P180, JuanFiestaCN2007,   36.2928356434, -121.4032466227,  693.17991, -2682089.32664, -4393407.85686,  3754840.88619, 20260629
P181, MillerKnoxCN2005,   37.9145470127, -122.3767620845,   72.18929, -2697941.41169, -4255089.01212,  3898009.76355, 20260630
P182, MeyersGradCN2006,   38.4950177208, -123.1812527098,  396.76851, -2735748.75402, -4183649.34290,  3948843.51545, 20260630
P183, BodegaHeadCN2006,   38.3136662499, -123.0688945597,   10.38065, -2734197.80050, -4199232.43274,  3932827.58985, 20260630
P184, Greenwood_CN2007,   39.1171677238, -123.7089450953,  108.93430, -2750017.34205, -4122082.75957,  4002486.14764, 20260630
P185, LilRvrAir_CN2006,   39.2613060771, -123.7493433570,  146.33852, -2747321.52542, -4111759.23752,  4014912.67454, 20260630
P186, HolmesRch_CN2007,   39.1501806221, -123.5181593873,  372.80156, -2735111.91918, -4129459.10250,  4005495.66235, 20260630
P187, ThreeChop_CN2005,   39.3524791177, -123.6025488506,  164.00966, -2733236.82781, -4113455.12806,  4022756.21704, 20260630
P188, BurntRidgeCN2006,   38.6678591096, -123.2295704138,  208.85090, -2732638.11562, -4171208.66296,  3963725.70300, 20260630
P189, Bradford__CN2005,   38.9874509560, -123.3484359990,  176.93365, -2729043.40042, -4146927.58788,  3991345.57396, 20260630
P190, UkiahNorthCN2005,   39.2419559968, -123.2040540859,  202.82568, -2708834.03652, -4138893.10464,  4013284.81841, 20260630
P191, SiskiyouRCOR2007,   42.2753550917, -123.6322663114,  371.39136, -2617962.25233, -3935539.82384,  4268533.73393, 20260630
P192, PotrVlySchCN2005,   39.3197282141, -123.1051951545,  259.72833, -2698726.92224, -4139018.33692,  4020004.51286, 20260628
P193, PointReyesCN2007,   38.1229397270, -122.9081485050,   66.57773, -2729545.72073, -4217919.84923,  3916229.25866, 20260630
P194, WalkerCrk_CN2007,   38.1857185135, -122.8162641289,  235.10614, -2720516.70741, -4218785.10299,  3921813.10649, 20260630
P195, WineCreek_CN2007,   38.6646673448, -122.9593142436,  146.80871, -2713026.86590, -4184196.78581,  3963410.28377, 20260630
P196, MeachumLflCN2006,   38.2981456628, -122.7426480449,   90.50447, -2710854.46353, -4215684.12066,  3931525.32597, 20260630
P197, SantaRosa_CN2005,   38.4285631579, -122.7673921865,    0.00416, -2707773.45630, -4206898.05094,  3942820.34284, 20260630
P198, PetalumAirCN2004,   38.2598761456, -122.6074565739,   -4.64499, -2702277.73829, -4224222.63885,  3928131.67762, 20260630
P199, RodgersCrkCN2005,   38.2636932994, -122.5034444785,   55.61990, -2694489.26649, -4228939.88710,  3928501.69064, 20260630
P200, SonomaCrk_CN2005,   38.2398325504, -122.4517081270,  -25.12566, -2691515.42832, -4232701.41862,  3926371.77597, 20260630
P201, MarkWstQryCN2008,   38.5598068241, -122.6584398884,  349.33485, -2695022.79501, -4204634.96530,  3954440.68252, 20260630
P202, NunnsCyn__CN2007,   38.4235816516, -122.4960060142,  584.07130, -2688247.30353, -4220352.20374,  3942750.12067, 20260630
P203, Mayacmas__CN2007,   38.8661130809, -122.9170107316,  926.68614, -2702657.56412, -4174954.12810,  3981336.61014, 20260630
P204, MaacamaCrkCN2007,   38.6665006511, -122.7105390305,  276.63001, -2694819.85423, -4195915.42608,  3963650.30267, 20260630
P205, LkPilsburyCN2007,   39.3981237625, -122.9630703126,  771.06882, -2685663.24108, -4141400.14831,  4027058.90432, 20260630
P206, CrazyCreekCN2006,   38.7778174989, -122.5757986640,  283.57885, -2680785.79873, -4195731.45713,  3973296.09936, 20260630
P207, GoatMtnMNFCN2008,   39.2600441165, -122.7185729195, 1826.58382, -2673660.12462, -4161685.60383,  4015867.52172, 20260630
P208, SaltCanyonCN2006,   39.1093010780, -122.3038741437,   74.28941, -2648394.37231, -4188718.53882,  4001786.65959, 20260630
P210, ElkhrnSlghCN2005,   36.8161405083, -121.7318501274,    3.03020, -2688759.27459, -4348064.08868,  3801079.96210, 20260630
P211, LewisRdLflCN2007,   36.8791787459, -121.6980457403,   60.53728, -2684013.27997, -4346119.41521,  3806712.62899, 20260630
P212, LarkinVly_CN2006,   36.9620133912, -121.8627413647,   36.57289, -2693569.83186, -4333680.00897,  3814047.54183, 20260630
P213, LenihanDamCN2005,   37.2017149951, -121.9908435912,  167.08512, -2694809.78750, -4314131.14143,  3835348.87444, 20260630
P214, CorralitosCN2007,   37.0010226014, -121.7965762480,   73.26314, -2687206.75968, -4334599.14934,  3817527.88541, 20260630
P215, SalsipuedeCN2007,   37.0487871861, -121.7629568157,  708.58377, -2683249.52276, -4333892.36004,  3822142.75011, 20260630
P216, MtMadonna_CN2007,   37.0024281141, -121.7262145435,  336.91586, -2681943.01597, -4337995.13068,  3817811.13469, 20260630
P217, LacrosseDrCN2005,   37.1044987977, -121.6506390275,   72.29436, -2672526.10161, -4335538.60534,  3826692.28541, 20260630
P219, LaHondaCrkCN2008,   37.3424926902, -122.2848283359,  300.87211, -2711912.86952, -4292337.97430,  3847863.35311, 20260630
P220, RussianRdgCN2007,   37.3298899101, -122.2142913876,  705.24783, -2707250.16074, -4296663.15509,  3846996.41707, 20260628
P221, SanAntonioCN2007,   37.3369542506, -122.0990561714,  155.29386, -2698118.05527, -4301326.12471,  3847286.33467, 20260630
P222, CoyotHillsCN2005,   37.5392414601, -122.0832706540,   53.49475, -2689640.66356, -4290436.95701,  3865051.08314, 20260630
P223, ChabotParkCN2007,   37.7220549202, -122.0997848757,  139.93508, -2684330.17162, -4279224.64729,  3881173.32728, 20260630
P224, SibleyVolcCN2005,   37.8638973839, -122.2190659033,  407.37079, -2688201.71849, -4265643.30791,  3893778.70212, 20260630
P225, CullCanyonCN2005,   37.7138666972, -122.0583339873,  117.14407, -2681519.19357, -4281621.45732,  3880440.46405, 20260630
P226, ReidHillVWCN2006,   37.3367774046, -121.8255919937,    5.05989, -2677501.10388, -4314063.42111,  3847179.61240, 20260630
P227, SunolWildrCN2006,   37.5329746236, -121.7896026460,  707.43237, -2668111.33794, -4304967.20517,  3864897.92550, 20260630
P228, DelValle__CN2005,   37.6018357501, -121.6869415843,  399.01660, -2657817.24185, -4305567.44563,  3870768.36000, 20260630
P229, BishopRnchCN2005,   37.7494357759, -121.9779618425,  289.32029, -2674303.08082, -4283444.87625,  3883668.23663, 20260630
P230, MorganTrtyCN2005,   37.8189640482, -121.7864046490,  647.99178, -2657625.84471, -4288583.53877,  3889987.45673, 20260630
P231, HopkinsStnCN2006,   36.6216799977, -121.9054180655,  -26.35164, -2708725.29400, -4350832.03705,  3783764.57776, 20260630
P232, BengardRchCN2007,   36.7240231316, -121.5790493487,  105.34361, -2680401.43636, -4360502.20629,  3792952.40737, 20260630
P233, Hollister_CN2006,   36.8004280915, -121.4202901473,  196.80811, -2665701.46867, -4363644.45116,  3799799.97945, 20260630
P234, LasAromitaCN2006,   36.8585288820, -121.5912334798,   92.58144, -2676640.18165, -4352308.50101,  3804898.50992, 20260630
P235, SJBautistaCN2007,   36.8142750839, -121.5415487700,  361.68988, -2674517.97324, -4357320.93315,  3801129.14953, 20260630
P237, MountOlds_CN2007,   36.6370267863, -121.3868377281,  711.56404, -2669014.98149, -4374808.06209,  3785571.63164, 20260630
P241, RodeoFlat_CN2007,   37.2130110259, -121.5742650891,  834.22559, -2663253.47575, -4333416.78046,  3836750.84684, 20260630
P242, FrazierAirCN2004,   36.9539332492, -121.4631895603,   14.69041, -2663555.96193, -4352803.02844,  3813317.84346, 20260630
P243, HollisterECN2007,   36.9181886531, -121.3351575850,  220.76363, -2655147.96992, -4360920.86561,  3810270.92304, 20260630
P245, YOSTurtleDCN2008,   37.7131157590, -119.7061262954, 1579.84023, -2504131.12875, -4389118.69467,  3881269.27155, 20260630
P247, SpencerRchCN2006,   36.5595211056, -121.1884407135,  569.08341, -2656446.93634, -4388313.03283,  3778580.95036, 20260630
P248, BlkDiamondCN2007,   37.9756080757, -121.8687022931,  229.81053, -2657969.84752, -4275411.07895,  3903451.55216, 20260630
P249, CallMtn___CN2005,   36.6116450253, -121.0644159663, 1155.75044, -2645405.51677, -4391503.02319,  3783575.76012, 20260630
P250, SparlinRchCN2007,   36.9500349567, -121.2684430617,  584.69109, -2649116.99370, -4362442.85424,  3813314.75692, 20260630
P253, ValpeRidgeCN2007,   37.4784496239, -121.6530147654, 1065.05636, -2659923.76666, -4314693.78583,  3860314.32342, 20260630
P254, MtBoardmanCN2007,   37.4896320303, -121.4692004748, 1076.19080, -2645678.12490, -4322568.29179,  3861306.10527, 20260630
P256, FallmanPrpCN2005,   37.9319637812, -121.6048443992,  -30.71571, -2639706.39497, -4289968.72425,  3899471.47778, 20260630
P258, DiabloGranCN2007,   37.3853885943, -121.2832769176,  390.80633, -2635007.47588, -4336676.83733,  3851701.98958, 20260630
P261, HunterHillCN2004,   38.1529603473, -122.2175444127,  118.14133, -2677433.24641, -4248806.01069,  3918882.05097, 20260630
P262, Waterbird_CN2005,   38.0251488753, -122.0961491591,   -8.57583, -2673022.26488, -4261798.87763,  3907637.99504, 20260630
P263, AngwinObs_CN2008,   38.5776945038, -122.4291812577,  554.37624, -2677599.23785, -4214475.24707,  3956121.13779, 20260630
P264, CapellVly_CN2005,   38.4442144630, -122.1953350188,  231.03242, -2665157.30119, -4232962.25377,  3944324.86443, 20260630
P265, PutahCreekCN2005,   38.5301848334, -121.9541997339,    7.99254, -2644083.20623, -4238953.93374,  3951656.11269, 20260630
P266, LilHonker_CN2005,   38.1839675595, -121.8435315235,   22.43340, -2648479.33836, -4264322.23317,  3921528.86133, 20260630
P267, DixonAviatCN2005,   38.3803348683, -121.8232393864,  -17.55307, -2639831.64531, -4253759.16788,  3938614.16600, 20260630
P268, FinchFarmsCN2005,   38.4735255586, -121.6464163580,  -23.97863, -2623315.43799, -4256408.22890,  3946714.11355, 20260630
P269, CowboyCampCN2008,   38.9995245634, -122.3545583895,  298.22063, -2656301.10024, -4193007.65019,  3992463.67851, 20260630
P270, HopkinSlghCN2005,   39.2437691446, -122.0552181161,  -12.40737, -2625150.20607, -4192123.03476,  4013304.56033, 20260630
P271, Woodland1_CN2004,   38.6573496064, -121.7145548090,  -18.49429, -2621690.40789, -4242467.57048,  3962672.69428, 20260630
P275, KenefikRchCN2006,   38.3215283816, -121.2145911914,   -5.30611, -2596600.24032, -4285033.48256,  3933502.58494, 20260630
P276, LDoradoHilCN2005,   38.6453071113, -121.0951701122,  207.25586, -2576198.03699, -4271426.35239,  3961769.67044, 20260630
P277, PigeonPt__CN2007,   37.1923757217, -122.3668909949,  115.28508, -2723379.70026, -4296846.02154,  3834491.91630, 20260630
P278, ClarkeMtn_CS2004,   35.7112551379, -121.0607620294,  465.89163, -2675258.07823, -4441700.57872,  3702496.93341, 20260630
P279, GulchHouseCN2007,   35.7906505537, -121.0620239514,  469.92396, -2672701.75771, -4437235.22543,  3709649.10371, 20260630
P280, CamattaCynCS2006,   35.5440568997, -120.3476128208,  476.42690, -2625231.84061, -4483987.67464,  3687423.34198, 20260630
P281, CholameCrkCN2004,   35.8410610171, -120.3894665801,  383.82379, -2618741.82680, -4465418.06731,  3714134.65993, 20260630
P282, GoldHill__CN2004,   35.8378098250, -120.3452191326,  394.69687, -2615403.73536, -4467628.99361,  3713848.57106, 20260630
P283, StonCorralCN2004,   35.8066704706, -120.2852612114,  434.21519, -2611763.11171, -4472137.44786,  3711070.00436, 20260630
P284, AvilaRanchCN2005,   35.9332634422, -120.9068517435,  512.21938, -2655930.44843, -4436532.31861,  3722498.97929, 20260630
P285, BuckRidge_CN2006,   36.4171796796, -120.9814862362,  805.75725, -2645512.43918, -4406096.38329,  3766021.20664, 20260630
P286, BabiesGch_CN2007,   36.5159086253, -120.8530607522,  538.84417, -2632179.95238, -4406240.13432,  3774674.13201, 20260630
P287, EmeryRanchCN2005,   36.0248381175, -120.6978391567,  609.75053, -2636721.07138, -4441125.92758,  3730779.60645, 20260630
P288, MooneyCyn_CN2006,   36.1402098757, -120.8789091476,  397.71431, -2646785.27761, -4426152.57484,  3741001.49939, 20260630
P289, Peachtree_CN2007,   36.1068448501, -120.7488235429,  540.65635, -2637904.23712, -4434125.58365,  3738095.08162, 20260630
P290, MustangRdgCN2006,   36.1789389944, -120.7282570012,  987.77067, -2634085.76827, -4431326.28334,  3744819.70071, 20260630
P291, DeerVlyRchCN2007,   35.9227802162, -120.6447781357,  661.36164, -2636019.30928, -4449325.38121,  3721644.50220, 20260630
P294, AlcaldeHlsCN2006,   36.1232364991, -120.4398866789,  509.41864, -2613401.39445, -4447338.44428,  3739546.11088, 20260630
P295, ChimneyRR_CS2004,   35.6970803675, -120.8423906025,  583.49282, -2658829.59446, -4452734.61315,  3701288.33000, 20260630
P297, SAFOD_GPS_CN2005,   35.9740887810, -120.5518650936,  629.30366, -2627088.39779, -4450693.38140,  3726234.97287, 20260630
P298, CedarCyn__CN2005,   36.0158424947, -120.2940636300,  323.26532, -2605537.53362, -4459903.82346,  3729803.76223, 20260630
P300, HarrisRnchCN2004,   36.3044272914, -120.2769848529,  137.28702, -2594605.79616, -4444232.91070,  3755548.52176, 20260630
P302, PanocheCrkCN2004,   36.6347271840, -120.6185798936,  122.63415, -2609953.50009, -4409925.91170,  3785015.41287, 20260630
P303, LosBanos__CN2005,   37.0543829552, -120.7053005392,   -2.44197, -2602314.22482, -4381873.18968,  3822209.98507, 20260630
P304, Mendota___CN2004,   36.7390040453, -120.3566036032,   16.84382, -2586225.72749, -4415774.51586,  3794231.87372, 20260629
P305, Planada___CN2005,   37.3522137337, -120.1967635641,   96.06197, -2553307.42973, -4387591.46352,  3848596.81401, 20260630
P306, WildcatCrkCN2006,   37.7951666309, -120.6444633605,   82.51442, -2572227.10333, -4341705.19016,  3887553.82624, 20260630
P307, MaderaDOT_CN2005,   36.9472697841, -120.0579245968,   48.60493, -2556242.77832, -4417223.24494,  3812747.26140, 20260630
P308, YOS_HetchyCN2008,   37.9011503095, -119.8402034415, 1501.86342, -2507997.05593, -4372093.18718,  3897714.78644, 20260630
P309, Calaveras_CN2005,   38.0899898369, -120.9512425304,   41.39177, -2585071.74028, -4310586.63659,  3913335.81924, 20260630
P310, AlderRidgeCN2006,   38.7356065702, -120.3343420591, 1791.30677, -2516711.73259, -4300915.95284,  3970585.26912, 20260630
P311, Hunchback_CS2008,   37.1775623731, -118.5198055797, 3698.64295, -2430788.63417, -4473267.57501,  3835347.51222, 20260630
P312, SmithRidgeCN2006,   39.5291805129, -123.6983822366,  254.93591, -2733237.20496, -4098566.99220,  4037965.14454, 20260630
P313, BuchaRidgeCN2006,   39.5542899315, -123.5645521857,  651.73962, -2722844.28058, -4103716.01185,  4040367.75724, 20260630
P314, CahtoPeak_CN2004,   39.6856650973, -123.5818559145, 1251.91853, -2719193.51966, -4095528.42419,  4051987.81003, 20260630
P315, LeggettSchCN2005,   39.8635841771, -123.7169039244,  257.99457, -2721399.01638, -4077958.79285,  4066536.31050, 20260630
P317, AdanacRnchCN2006,   39.9056704946, -123.5518567572, 1118.64046, -2708349.38917, -4083834.03349,  4070674.30724, 20260630
P318, WillitsAirCN2006,   39.4523696913, -123.3718600243,  594.93239, -2712963.43402, -4118825.33415,  4031599.70846, 20260630
P319, HogHoleRdgCN2004,   39.7070965658, -123.2950853057,  513.04547, -2697514.53051, -4107341.14193,  4053347.02178, 20260630
P320, EmandalFrmCN2008,   39.4928270834, -123.1867916645,  392.41675, -2697996.60249, -4125046.12902,  4034938.55670, 20260630
P321, Updegraph_CN2008,   39.8972207622, -123.3949530220, 1133.65001, -2697493.36696, -4091747.65354,  4069964.07118, 20260630
P322, LightnCampCN2008,   39.9621432661, -123.1824865271, 1433.91679, -2679894.90490, -4098042.06790,  4075685.67049, 20260630
P324, BlocksburgCN2006,   40.2568380923, -123.6557421864,  509.34089, -2701575.53636, -4057628.12039,  4100120.03811, 20260629
P325, SchoolHousCN2006,   41.1516697380, -123.8826097427,  914.58033, -2681660.49423, -3993349.47308,  4175722.53491, 20260630
P326, ShowersMtnCN2006,   40.5753134688, -123.6989341580, 1261.68804, -2692228.57379, -4036989.13538,  4127536.39287, 20260630
P327, Dinsmore__CN2008,   40.4788599310, -123.5730685677,  710.07068, -2686971.29134, -4048343.98417,  4119035.52570, 20260630
P329, StewartRchCN2007,   40.0822144913, -123.4520516803, 1034.61305, -2694250.02180, -4077978.45297,  4085640.53862, 20260630
P330, RedMtnHeliCN2007,   40.3240681985, -123.1355863962, 1653.00729, -2662465.40388, -4078674.00663,  4106554.88269, 20260630
P332, HayforkAirCN2005,   40.5466497869, -123.1745084911,  684.47896, -2656058.70972, -4062827.15732,  4124742.54026, 20260630
P333, BaldMtnMNFCN2007,   39.6213804644, -122.9757590931, 2008.83220, -2678514.97367, -4128374.20050,  4046974.21790, 20260630
P334, Sheetiron_CN2007,   39.4935912653, -122.7358766311, 1936.22921, -2666064.53500, -4147108.01131,  4035985.88648, 20260630
P336, HubbardRdgCN2007,   39.5280792526, -122.4304886659,  286.71206, -2641933.44392, -4158128.53792,  4037891.05871, 20260630
P337, PattymocusCN2007,   40.2961881132, -122.8688094305, 1193.32473, -2644342.68640, -4092414.66194,  4103896.24378, 20260628
P338, WeavrvlAirCN2005,   40.7475522602, -122.9230329351,  672.21058, -2630296.66431, -4062237.95918,  4141663.46984, 20260630
P339, Valentine_CN2007,   40.0341098886, -122.6682544663,  979.56330, -2640046.58594, -4117311.35614,  4081516.25420, 20260630
P341, WhiskytownCN2005,   40.6506554273, -122.6069047246,  406.82455, -2611516.37576, -4082430.35423,  4133331.93096, 20260630
P343, ChinaPeak_CN2007,   40.8871275206, -123.3342141521, 1617.46560, -2654205.82601, -4035388.77830,  4154013.71377, 20260630
P344, VinaHelitkCN2006,   39.9291223181, -122.0279766028,   49.74270, -2597466.72507, -4152302.70489,  4071985.73272, 20260630
P345, HookerDomeCN2005,   40.2712336914, -122.2708112596,  134.05465, -2602011.99145, -4120622.15061,  4101097.30939, 20260630
P346, BuzzardRstCN2007,   39.7947091109, -120.8674686482, 2037.32470, -2518527.25895, -4213579.75376,  4061802.11568, 20260630
P347, AdinCTYardCN2007,   41.1833421779, -120.9484658368, 1268.80274, -2472679.17096, -4123625.98348,  4178604.05653, 20260630
P348, HatchetMtnCN2005,   40.9055448571, -121.8280074841, 1668.05168, -2546531.41775, -4102655.42403,  4155593.24908, 20260630
P349, WonderlandCN2005,   40.7310846542, -122.3193556104,  275.37231, -2587828.44182, -4090479.72981,  4140018.79419, 20260630
P350, SmokyDome_ID2008,   43.5327552258, -114.8628426973, 2388.34463, -1947982.84915, -4203706.15499,  4372245.84735, 20260630
P352, Wildhorse_ID2008,   43.8490574255, -114.0960790842, 2474.66841, -1881664.49124, -4207286.06953,  4397726.33747, 20260630
P353, SwensenButID2008,   44.0545369796, -113.9788050380, 2041.00338, -1866480.05504, -4196359.87307,  4413867.82824, 20260630
P354, SageCreek_ID2006,   44.1085096975, -113.9789443815, 2000.28568, -1864782.29820, -4192515.39029,  4418148.90095, 20260630
P355, BorahPeak_ID2008,   44.2179196781, -113.7220907807, 2329.21556, -1842655.13160, -4193292.04270,  4427102.05199, 20260630
P356, GTNPUhlHilWY2007,   43.8166355251, -110.4891152226, 2227.72515, -1614060.28948, -4319501.76386,  4394955.74210, 20260630
P357, ElkhornCrkID2008,   44.2271037105, -113.5818951823, 2295.33984, -1832094.61000, -4197113.44045,  4427810.01758, 20260630
P358, LemhiGulchID2007,   44.4018955787, -113.2406682045, 2419.37695, -1801745.18261, -4195559.44558,  4441798.98272, 20260630
P359, SwanValleyID2007,   43.4824887417, -111.5295040739, 2116.43955, -1701602.09802, -4313253.81410,  4368006.70606, 20260630
P360, HLFIslParkID2005,   44.3178496333, -111.4506814808, 1857.83380, -1672055.00617, -4255497.26542,  4434727.00679, 20260630
P361, HLFSawtellID2007,   44.5603461925, -111.4396932182, 2930.93171, -1664620.18454, -4238963.39146,  4454725.16450, 20260630
P362, BosleyButtOR2007,   42.2091034794, -124.2257909952, 1012.41386, -2661638.99946, -3912693.14783,  4263516.07257, 20260630
P364, BandonArptOR2007,   43.0903276693, -124.4092918564,    6.45761, -2636256.58492, -3848816.52034,  4334839.78111, 20260630
P365, SWOregnCC_OR2007,   43.3955178880, -124.2534845676,   27.09819, -2612714.63710, -3836783.80060,  4359552.87170, 20260630
P366, Dean_Mtn__OR2008,   43.6143101235, -123.9795959343,  529.08761, -2585194.36948, -3835654.00103,  4377530.45035, 20260630
P367, NewprtAir_OR2007,   44.5852457974, -124.0615725331,   22.91221, -2548424.72925, -3769450.80250,  4454655.77842, 20260630
P368, Grants035GOR2006,   42.5035238052, -123.3834233849,  319.43834, -2591421.58179, -3932572.36033,  4287219.14191, 20260630
P370, AshlandAirOR2005,   42.1909861497, -122.6563749403,  555.03929, -2554026.19571, -3984975.48908,  4261717.85062, 20260630
P371, Lone_Rock_OR2005,   43.3632727220, -123.0579022830, 1198.05938, -2533896.62373, -3893239.38718,  4357753.07116, 20260630
P372, EnterpriseOR2007,   45.4281359242, -117.2516608866, 1208.30419, -2053528.26023, -3986887.57387,  4521728.20887, 20260630
P373, BaldyRanchOR2005,   43.6225182480, -123.3332773148,  169.92330, -2541274.53792, -3863828.45078,  4377942.93134, 20260630
P374, StoutAlseaOR2006,   44.3819250115, -123.5906423979,   73.21550, -2526135.47496, -3803487.08217,  4438571.66081, 20260630
P375, SunriseFrmOR2007,   44.6892537214, -123.4269888913,   99.21014, -2502076.81641, -3790712.07987,  4462933.67542, 20260630
P376, EolaResvr_OR2004,   44.9412018866, -123.1022686772,  180.86616, -2469807.09896, -3788348.54109,  4482853.34772, 20260630
P377, MemorialPkOR2006,   44.0521176634, -122.8870607336,  142.39885, -2493144.17769, -3855723.14832,  4412354.44529, 20260630
P378, LebanonAirOR2007,   44.5349814197, -122.9308838981,   83.12024, -2475699.98399, -3822330.26563,  4450718.21330, 20260630
P380, OITCampus_OR2005,   42.2596692428, -121.7797012050, 1390.80462, -2490381.41305, -4019753.20202,  4267929.83714, 20260630
P381, AlkaliLakeOR2007,   43.0017752601, -119.9518066976, 1567.45378, -2333077.75958, -4048870.37585,  4328715.02994, 20260630
P382, WalkerRim_OR2008,   43.1770555185, -121.7695770235, 1453.21721, -2453287.48345, -3961442.82033,  4342861.02516, 20260630
P383, TwinButte_OR2007,   44.3421833521, -122.2172231465, 1295.57026, -2436358.50120, -3866293.71392,  4436268.77566, 20260630
P384, House_Mtn_OR2008,   44.8411295165, -122.4828207540, 1182.56235, -2433302.91323, -3822048.90672,  4475680.80145, 20260630
P385, SantiamJctOR2007,   44.4348470723, -121.9458367834, 1120.79646, -2414140.27357, -3871571.25321,  4443506.12307, 20260630
P386, GrantApt__OR2007,   44.4028261269, -118.9678205826, 1103.49904, -2210941.51213, -3993932.54929,  4440952.16824, 20260630
P387, SistersHSLOR2006,   44.2967547313, -121.5744799742,  962.58594, -2394556.33046, -3896183.16057,  4432423.90334, 20260630
P388, Willow_SprOR2005,   42.4687783240, -120.3776142638, 1405.73282, -2383366.80951, -4065989.27479,  4285106.20974, 20260630
P389, BrothersDTOR2007,   43.8119909907, -120.6033643667, 1397.43176, -2347408.41742, -3968718.97651,  4394008.43095, 20260630
P390, JackassButOR2007,   43.0340063026, -118.9284930724, 1554.84421, -2259209.52049, -4087745.02569,  4331325.02542, 20260630
P391, BuckskinMtOR2008,   42.2546277588, -118.4124769919, 1834.22980, -2250315.86910, -4159706.78629,  4267813.44275, 20260630
P392, WrightsPt_OR2007,   43.4467573405, -119.0010042413, 1315.50664, -2249062.83872, -4057249.05493,  4364573.66802, 20260630
P393, Barren_VlyOR2007,   43.2344939185, -117.8920418671, 1238.30127, -2177665.12232, -4114275.46674,  4347366.14089, 20260630
P394, BakerCity_OR2007,   44.8348794582, -117.7996412979, 1010.68780, -2113295.99495, -4008283.33953,  4475067.01214, 20260630
P395, Rose_LodgeOR2006,   45.0222786179, -123.8575287197,   53.03764, -2515929.36942, -3750099.65468,  4489136.28872, 20260630
P396, RoosBC026GOR2007,   45.3095127127, -123.8228972069,   54.56160, -2501062.14704, -3732814.17613,  4511644.18290, 20260630
P397, RadarRidgeWA2007,   46.4216184211, -123.7991620503,  566.31363, -2450361.35518, -3660421.89585,  4598088.75389, 20260630
P398, StaffordCrWA2006,   46.9257840523, -123.9161456329,   23.54509, -2434871.98279, -3621267.04428,  4636151.18855, 20260630
P399, Wynoochee_WA2008,   47.4339187534, -123.6129622761,  919.44052, -2393073.18716, -3600097.43782,  4675208.28911, 20260630
P400, Quinlt014GWA2008,   47.5133475630, -123.8124518464,   65.00751, -2401650.04070, -3585855.95609,  4680548.12744, 20260630
P401, Quillayut_WA2005,   47.9371872502, -124.5570191110,   36.22615, -2428255.08896, -3525611.52034,  4712227.08446, 20260630
P402, HohHumRch_WA2007,   47.7662206884, -124.3058975661,   23.75871, -2420718.11570, -3547855.53630,  4699461.53788, 20260630
P404, PovHollow_OR2005,   45.1585330600, -123.3903300439,   79.03083, -2479375.25533, -3761551.19101,  4499845.21910, 20260630
P405, Tri_Point_OR2006,   45.6293262791, -123.6437588688,  955.64866, -2475689.73985, -3720045.58538,  4537215.40377, 20260630
P406, McMinvilleOR2005,   45.1903714774, -123.1522589801,   27.27605, -2462331.80184, -3769689.14103,  4502302.90721, 20260630
P407, Seaside22GOR2006,   45.9546487012, -123.9310067985,  -13.10375, -2479462.76051, -3685519.91426,  4561735.02786, 20260630
P408, Whakiakum_WA2005,   46.2005009114, -123.3765885818,   35.27119, -2432874.52760, -3692930.42778,  4580726.30430, 20260630
P410, Cataln023GOR2008,   46.1111407995, -123.0786076663,  173.11308, -2417597.79790, -3711615.98709,  4573945.18543, 20260630
P412, MulinoAir_OR2006,   45.2211047921, -122.5891036928,   53.19472, -2423865.83599, -3791681.87314,  4504727.80110, 20260630
P413, Methow_Ap_WA2008,   48.4265101558, -120.1495871262,  501.24716, -2129925.27880, -3666995.74782,  4748853.74353, 20260624
P414, RidgefieldWA2006,   45.8348674454, -122.6928398437,   63.82865, -2404438.24588, -3746327.20710,  4552524.25689, 20260630
P415, WHGolfCrs_WA2004,   46.6559899361, -123.7298673714,  -15.40157, -2435209.38645, -3647322.13426,  4615588.29969, 20260630
P416, Suntop_LO_WA2008,   47.0399407312, -121.5969310466, 1576.50899, -2282029.04557, -3709830.50559,  4645945.64170, 20260630
P417, Pe_Ell_HS_WA2005,   46.5747368985, -123.2979318544,  102.46981, -2411292.64391, -3671130.99350,  4609469.66095, 20260630
P418, Matlock___WA2006,   47.2366440604, -123.4078153142,  115.15274, -2388748.16797, -3621651.72383,  4659751.87443, 20260630
P419, Rock_Peak_WA2008,   47.4092975602, -123.3665281659,  935.97936, -2378681.68482, -3612049.93149,  4673368.10386, 20260630
P421, MossyRock_WA2004,   46.5318549039, -122.4292316039,  220.56239, -2357256.59864, -3710256.62061,  4606277.24709, 20260630
P422, Foot_Hill_ID2007,   46.7978639720, -116.9796870833,  843.71746, -1984677.79909, -3898565.73908,  4627025.50832, 20260630
P424, QuilcenehsWA2008,   47.8231824917, -122.8747146701,   -1.58127, -2328795.05673, -3603254.82010,  4703697.46609, 20260630
P425, Toledo_HS_WA2008,   46.4526928097, -122.8454011991,   64.25334, -2387547.03472, -3698308.59806,  4600105.54744, 20260630
P426, GordonSch_WA2006,   47.8027233490, -122.5145877259,    3.30583, -2307009.05711, -3619245.04580,  4702173.44864, 20260630
P427, US26BoringOR2006,   45.4301775071, -122.3406337395,  149.17476, -2398596.75150, -3788254.02059,  4521132.95735, 20260630
P429, CascadeAirOR2006,   45.6761265482, -121.8773628699,   25.53714, -2357536.70854, -3790878.78963,  4540186.48911, 20260630
P431, Watch_Mtn_WA2006,   46.5720802558, -121.9884555300, 1422.69421, -2327362.13133, -3726228.43998,  4610225.44753, 20260630
P432, PackwoodF_WA2004,   46.6228543304, -121.6832326264,  318.86762, -2304926.57697, -3734438.20093,  4613302.23786, 20260630
P433, Table_Mtn_OR2008,   44.5325206716, -119.8720150429, 1158.66774, -2268682.98476, -3949823.72490,  4451277.58550, 20260630
P434, Big_Chief_WA2008,   47.7402009598, -121.0756117015, 1698.02413, -2218639.43116, -3681422.67196,  4698755.61108, 20260630
P435, ShoresNW1GWA2005,   48.0595477826, -123.5032805301,  287.33497, -2357519.63422, -3561380.57546,  4721517.93205, 20260630
P436, Dungeness_WA2006,   48.0453012037, -123.1343503091,  190.89525, -2335147.80927, -3577419.47481,  4720387.27492, 20260630
P437, Whidbey_S_WA2007,   48.0018080013, -122.4591599444,   12.45457, -2294694.80165, -3607621.40737,  4717020.10031, 20260630
P438, NWIS_PNGA_WA2005,   48.4191463511, -122.6702653687,   -9.90743, -2289286.21977, -3570003.72594,  4747927.93875, 20260630
P439, OrcasAirptWA2005,   48.7081910023, -122.9093059763,  -13.86468, -2291067.09596, -3540189.60649,  4769196.16788, 20260630
P440, MeridianSDWA2006,   48.8561917195, -122.4933439037,    6.35705, -2258661.96985, -3546298.18144,  4780056.25584, 20260630
P441, KendallEleWA2008,   48.9159771967, -122.1396447857,  115.20047, -2234100.31146, -3555992.83208,  4784510.13901, 20260630
P445, WascoAirptOR2005,   45.5901215590, -120.6722492915,  436.05202, -2280919.30890, -3845747.74554,  4533795.61666, 20260630
P446, Kelso_Air_WA2007,   46.1156612395, -122.8927900661,  -16.46671, -2405279.81925, -3719022.59976,  4574156.88103, 20260630
P447, MorrowAir_OR2007,   45.4528197010, -119.6901278852,  471.21882, -2220072.13502, -3893759.52062,  4523128.15450, 20260630
P448, HorsHeavenWA2005,   45.9105769179, -120.0052034450,  261.41194, -2223172.84969, -3849840.84693,  4558525.22637, 20260630
P449, Olsen_BrosWA2006,   46.2597906986, -119.6309999241,  208.41806, -2184138.53502, -3839940.16095,  4585410.42505, 20260630
P451, WSUOthelo_WA2004,   46.7927849825, -119.0413648548,  351.42877, -2123681.35017, -3824707.93048,  4626280.09723, 20260630
P452, Soap_Lake_WA2005,   47.4035472693, -119.4872856366,  323.04281, -2128890.22928, -3764749.76910,  4672484.15281, 20260630
P453, WilburLevaWA2005,   47.7591312230, -118.7454600366,  644.22177, -2066036.92441, -3766595.75380,  4699391.01823, 20260630
P454, CouleeDam_WA2005,   47.9538142629, -118.9925817844,  478.94090, -2074429.49353, -3743512.84039,  4713794.21210, 20260630
P456, HLF_KirkwdMT2008,   44.8634855367, -111.2251108928, 2956.33412, -1640155.29882, -4223082.22537,  4478693.64107, 20260630
P457, HLF_WapitiMT2007,   45.0412264418, -111.2726366619, 2261.93743, -1638414.19384, -4208252.39227,  4492187.49405, 20260630
P458, HLFContourMT2007,   44.7656860913, -111.3015138759, 2393.92011, -1648424.21822, -4227659.42658,  4470584.14732, 20260630
P459, GTNPMoose_WY2007,   43.7483272538, -110.7458139618, 2135.65978, -1635233.68425, -4317077.50133,  4389410.68866, 20260630
P460, HLFBBarRchMT2005,   45.1399847401, -111.0285978484, 2197.82098, -1617668.81771, -4207892.53183,  4499893.26703, 20260630
P461, HLFStoryRnMT2005,   45.3542486424, -110.7586871986, 1544.07406, -1591669.75189, -4199218.66175,  4516199.17152, 20260630
P462, GoldValleyCS2006,   36.0713151408, -116.6287112374, 1334.38576, -2313834.24811, -4614842.74412,  3735376.29032, 20260630
P463, Ballarat__CS2007,   36.0224641918, -117.1646761004, 1326.99906, -2358355.06830, -4595829.86149,  3730988.36280, 20260630
P465, HorseshoeMCS2007,   36.4668334089, -118.1324375365, 2901.54169, -2422489.63280, -4530744.54899,  3771699.92814, 20260630
P466, CerroGordoCS2007,   36.5312479856, -117.7894647748, 2754.57778, -2393287.14145, -4541296.81334,  3777361.08783, 20260630
P467, AlabamaHilCS2006,   36.5702012781, -118.0906273551, 1380.11170, -2415391.85046, -4525408.50133,  3780016.16326, 20260630
P468, MazourkaPkCS2006,   36.9756812626, -118.1183668400, 2853.30662, -2405438.95231, -4501513.21996,  3816953.62911, 20260630
P469, HarlisMineCS2007,   37.2314237605, -117.9358135446, 1794.82727, -2382664.58907, -4493276.50968,  3838959.47146, 20260630
P470, BaldyMesa_CS2004,   34.4624053817, -117.3938940060,  991.38258, -2422555.73187, -4674803.06237,  3589415.20872, 20260630
P471, SanJuanCrkCS2005,   33.5621273368, -117.5408724849,  174.74474, -2460057.28581, -4717506.53240,  3506174.96125, 20260630
P472, CampElliotCS2004,   32.8892115827, -117.1047023705,  137.81896, -2442692.04643, -4772472.90751,  3443722.42125, 20260630
P473, Jamacha_LFCS2004,   32.7337785182, -116.9495226568,  188.53331, -2434010.03641, -4787435.74722,  3429261.97408, 20260630
P474, Fallbrook_CS2004,   33.3551952310, -117.2486988948,  182.89221, -2441765.90472, -4741245.96206,  3487030.95346, 20260630
P475, Point_LomaCS2007,   32.6663983067, -117.2439424818,  -25.07675, -2460344.23763, -4778294.50873,  3422858.38763, 20260630
P476, SantaMargaCS2005,   33.4396513568, -117.1896834986,  309.73491, -2434573.35090, -4739266.18080,  3494921.46080, 20260630
P477, TemeculaVHCS2005,   33.5028031699, -117.1133784073,  334.43005, -2426508.27185, -4739083.93912,  3500778.14441, 20260630
P478, ValleyCntrCS2004,   33.2357172693, -117.0715975797,  371.55237, -2430481.56875, -4755388.87699,  3476057.95421, 20260629
P479, CowboyCtryCS2005,   33.4933193899, -116.7829362358, 1093.81680, -2399683.31162, -4754083.09595,  3500319.99238, 20260630
P480, Vallecito_CS2004,   32.9759977831, -116.3485424792,  436.02009, -2377285.13579, -4799828.83435,  3451963.16063, 20260630
P481, CarrizoMtnCS2007,   32.8222408571, -116.0107977469,  610.89680, -2353076.66473, -4822215.40516,  3437739.58720, 20260630
P482, LakHenshawCS2004,   33.2401811549, -116.6714192733,  878.68853, -2397277.45897, -4772384.79861,  3476750.05381, 20260630
P483, JulianBin_CS2004,   33.0591659310, -116.5693323257, 1375.52965, -2393867.64109, -4786841.06519,  3460210.33856, 20260630
P484, SkyOaksBFSCS2005,   33.3755940617, -116.6208441665, 1382.46371, -2389556.43995, -4767501.08253,  3489580.47915, 20260630
P491, La_Quinta_CS2005,   33.5746793317, -116.2268292919,    4.24315, -2350823.75377, -4771862.86572,  3507240.71915, 20260630
P492, CrzoBadlndCS2007,   32.8870494653, -115.9694566980,   68.83989, -2347689.71410, -4819996.90200,  3443483.60779, 20260630
P493, Super_Mtn_CS2007,   32.9547039293, -115.8248966187,  197.49630, -2333791.80150, -4822331.49545,  3449851.91664, 20260630
P494, WestsideESCS2005,   32.7596554191, -115.7320719379,  -44.27868, -2330983.31026, -4836495.45896,  3431549.72570, 20260630
P495, WestmorlndCS2005,   33.0449610809, -115.6283971918,  -84.07355, -2314779.39512, -4825178.63354,  3458093.67884, 20260630
P496, McCabe_UESCS2005,   32.7506265018, -115.5959583882,  -40.06714, -2319722.60158, -4842511.14119,  3430709.91953, 20260630
P497, ImperialApCS2005,   32.8347357138, -115.5770356110,  -51.00568, -2315938.16883, -4838711.86771,  3438545.20133, 20260630
P498, SprecklesSCS2005,   32.8984314291, -115.5695698536,  -58.05161, -2313650.54303, -4835550.21914,  3444474.62759, 20260630
P499, SDSUCenterCS2005,   32.9796054113, -115.4879151236,  -74.24806, -2304644.56930, -4834411.71785,  3452021.06106, 20260630
P500, AllAmericnCS2005,   32.6900458728, -115.2999344125,  -20.61513, -2296231.41566, -4857729.50827,  3425068.17673, 20260630
P501, HoltvilleCCS2005,   32.8757553842, -115.3979147355,  -55.70058, -2299739.64332, -4843695.39369,  3442364.11511, 20260630
P502, MagnoliaESCS2005,   32.9824501561, -115.4219140913,  -66.08185, -2299003.32752, -4836914.38684,  3452290.15586, 20260630
P503, SuperHillsCS2007,   32.9489158441, -115.7201866100,    6.13422, -2325056.77588, -4826758.42994,  3449209.16694, 20260630
P504, SOrocopiaMCS2005,   33.5164094295, -115.7658506343,   84.00757, -2313936.99375, -4793898.23695,  3501898.22640, 20260626
P505, ImperialSpCS2006,   33.4238726623, -115.6870027496,  -57.80708, -2309739.89146, -4802072.40699,  3493258.44647, 20260630
P507, RedIslandMCS2005,   33.1999742508, -115.6124086999,  -78.63193, -2309373.90746, -4817357.47028,  3472494.83228, 20260630
P509, PansyLaterCS2005,   32.8906618480, -115.2939196524,  -29.65193, -2290570.13926, -4847069.85493,  3443766.53936, 20260630
P510, ScheuPropsCS2005,   33.1435731180, -115.3433349150,    1.51181, -2288218.85703, -4831303.45664,  3467302.80837, 20260630
P511, CoxcombMtnCS2005,   33.8869336979, -115.2961037404,  273.32842, -2264879.37875, -4792232.79976,  3536194.69786, 20260630
P512, YosWawona_CN2008,   37.5626347049, -119.6944515851, 1344.71123, -2508198.13351, -4398329.05595,  3867896.69493, 20260630
P513, Point_Sal_CS2007,   34.9072659379, -120.6501804695,  284.56433, -2669569.55693, -4504986.02194,  3629597.63224, 20260630
P514, Nipomo____CS2006,   35.0107176107, -120.4097570159,  140.91419, -2647253.94754, -4510375.14455,  3638921.67943, 20260630
P515, Tepusquet_CS2006,   34.8705570708, -120.2398586271,  290.62357, -2638414.74628, -4526005.16165,  3626260.48648, 20260630
P516, JimJacksonCS2006,   35.1062038951, -120.3833994751,  262.97514, -2642151.53229, -4506429.22984,  3647663.47274, 20260630
P517, Mt_GleasonCS2008,   34.3763672749, -118.1775787032, 1959.16591, -2489193.56060, -4646691.70028,  3582087.18954, 20260630
P518, TrepletMtnCS2008,   35.0200359494, -120.0753142919, 1101.78792, -2620978.44482, -4525918.20870,  3640319.77543, 20260630
P519, PaintedCavCS2007,   34.5078139742, -119.7924451603,  810.90814, -2614584.45250, -4566717.97815,  3593465.66753, 20260630
P520, LomaPelonaCS2008,   34.6304860175, -119.6164132904, 1250.83556, -2596904.21302, -4568330.52582,  3604922.77791, 20260630
P521, McPherson_CS2008,   34.8885697627, -119.8153628984, 1709.07703, -2604820.45958, -4545446.35911,  3628711.20775, 20260630
P522, Taft_MountCS2008,   35.0866125721, -119.5360683505,  991.09674, -2576130.52112, -4546614.75035,  3646303.60104, 20260630
P523, LosOsos___CS2006,   35.3044530353, -120.8602805730,   41.36605, -2672970.01321, -4473241.84504,  3665507.74690, 20260630
P525, MorroCreekCS2006,   35.4257706855, -120.8081489421,  271.36678, -2665004.85834, -4469141.93294,  3676617.38964, 20260630
P526, RamageRnchCS2004,   35.6359777562, -120.8697447060,  416.83824, -2662913.99111, -4454741.70335,  3695682.88953, 20260630
P527, RanchitaCnCS2006,   35.7541469550, -120.6047615346,  347.92109, -2638359.70097, -4460376.57677,  3706291.42216, 20260630
P528, RinconadaRCS2006,   35.3278141720, -120.5454559135,  367.35370, -2647724.23309, -4486800.14541,  3667811.13510, 20260630
P529, ShellCreekCS2006,   35.4404541381, -120.3538352047,  437.33759, -2629075.44547, -4489434.40036,  3678041.07071, 20260630
P530, HillmRanchCS2005,   35.6248037953, -120.4804408295,  388.35575, -2632939.04385, -4473334.77372,  3694658.55395, 20260630
P531, Hog_CanyonCS2007,   35.7926929224, -120.5366071662,  440.13047, -2631819.75991, -4461422.68961,  3709815.50795, 20260630
P532, WicksRanchCS2004,   35.6338136823, -120.2670332780,  533.25449, -2616024.96896, -4482709.25671,  3695555.55362, 20260630
P533, SpringRancCS2006,   35.7479324759, -120.3709600137,  603.19874, -2620445.19289, -4471631.86727,  3705880.93772, 20260630
P534, CookePeak_CN2007,   37.0612345997, -122.2376182505,  204.24479, -2718401.98944, -4310470.19045,  3822941.35824, 20260630
P535, BuckhornRaCS2006,   35.2351297710, -120.1014287729,  571.56978, -2615936.16748, -4512467.34364,  3659534.25562, 20260630
P536, CarrizoRanCS2006,   35.2797699534, -120.0250271890,  665.38344, -2608524.31067, -4513542.39902,  3663632.94525, 20260630
P537, CaliValleyCS2006,   35.3167978771, -119.9353472076,  581.82213, -2600237.74503, -4515503.35016,  3666937.83699, 20260630
P538, BitterWatrCS2006,   35.5341753153, -120.1125059854,  641.19515, -2607197.26066, -4495389.53646,  3686626.90237, 20260630
P539, VogelRanchCS2004,   35.7026748262, -120.1820559459,  601.11347, -2607161.39593, -4482780.49493,  3701802.74020, 20260630
P540, AvenalRidgCS2006,   35.8012799112, -120.1306411353,  393.72427, -2599844.14384, -4479443.57912,  3710561.20268, 20260630
P541, BlkwllFarmCS2005,   35.6867322292, -120.0006833406,  209.21109, -2593314.83801, -4491629.34489,  3700137.40945, 20260630
P542, BruceSprinCS2008,   35.6889122276, -120.2926063575,  587.96572, -2616250.00302, -4478501.89612,  3700554.83035, 20260630
P543, Reward____CS2006,   35.3189932663, -119.7132268304,  544.05481, -2582627.77836, -4525400.74534,  3667114.76392, 20260630
P544, TwisselmanCS2005,   35.7312679094, -119.7380391953,   33.53565, -2571196.59233, -4500841.66804,  3704047.32197, 20260630
P548, Noon_Peak_CS2008,   34.4668085737, -119.5039521178, 1134.84684, -2592957.42492, -4582299.21592,  3589899.17705, 20260630
P550, GradeVallyCS2007,   34.6600847407, -119.1146267340, 1526.14498, -2555998.25076, -4589465.00109,  3607781.17974, 20260630
P551, PineMountnCS2006,   34.8562001764, -119.1545765092, 1550.30116, -2553163.25686, -4576864.28600,  3625673.49649, 20260630
P552, Long_Lake_CS2008,   35.6867273940, -120.2449669189,  581.67983, -2612594.04763, -4480793.43620,  3700354.25448, 20260630
P553, Grapevine_CS2005,   34.8350951467, -118.8789737511, 1335.86103, -2531679.52436, -4590110.02086,  3623629.00810, 20260630
P554, GormanCrk_CS2006,   34.7922980504, -118.8480344463, 1170.14978, -2530442.95684, -4593731.92628,  3619635.63857, 20260630
P555, CastaicCrkCS2008,   34.6949918545, -118.6694290330, 1095.98493, -2519033.60137, -4606942.88345,  3610721.63637, 20260630
P556, BarnardProCS2005,   34.7711097035, -118.5454586633,  852.61007, -2506664.76803, -4607979.90293,  3617523.59938, 20260630
P557, EaglePerchCS2005,   34.9443855291, -118.6555919527, 1818.22172, -2510627.82189, -4594205.40499,  3633852.57139, 20260630
P560, StokesPropCS2005,   34.8218118388, -118.5408718951,  838.29777, -2504756.44330, -4605350.09948,  3622134.99133, 20260630
P561, GreenValleCS2005,   34.6184608308, -118.3990610293,  974.42986, -2499515.33654, -4622937.98918,  3603667.79420, 20260630
P563, ButtonwillCS2005,   35.4186693612, -119.4211705622,   56.50639, -2556186.90319, -4532584.18590,  3675850.79472, 20260630
P564, Posocreek_CS2006,   35.6229115238, -119.3493944668,   60.43208, -2544055.28789, -4524309.56939,  3694296.88429, 20260630
P565, Delano_AirCS2005,   35.7438936058, -119.2366577735,   62.59755, -2531324.76835, -4522475.56809,  3705201.39459, 20260630
P566, Visalia_MYCS2005,   36.3244542264, -119.2292918637,   77.91887, -2512244.67034, -4489741.18166,  3757304.06448, 20260630
P567, RioBravo__CS2005,   35.4209463812, -118.7535816487,  706.33285, -2503386.92184, -4562395.46782,  3676433.29871, 20260630
P568, AntimonyFlCS2007,   35.2543074909, -118.1265169536, 1301.21112, -2458576.20103, -4599379.63945,  3661693.22529, 20260630
P569, ButterbredCS2007,   35.3779687569, -118.1237716423, 1275.72005, -2454606.65399, -4592482.87778,  3672875.74206, 20260630
P570, KelsoCreekCS2006,   35.6673480417, -118.2600435017,  810.86551, -2456509.29999, -4569864.67766,  3698741.08498, 20260630
P571, SpringvillCS2005,   36.2313655055, -118.7667199996,  914.20446, -2479181.74371, -4515826.08803,  3749471.04495, 20260630
P572, ShadequartCS2006,   36.5855156594, -118.9546003443, 1167.32268, -2482780.98420, -4487437.45314,  3781254.35857, 20260630
P573, Blackrock_CS2008,   36.0930942460, -118.2605032572, 2441.36831, -2444059.03708, -4546615.86835,  3737981.86993, 20260630
P574, Mt_HarwoodCS2008,   34.2867707354, -117.6338913415, 2873.77138, -2447940.21885, -4675739.33657,  3574392.55161, 20260615
P575, Cucamonga_CS2008,   34.2155138304, -117.5421669946, 1928.40950, -2442148.27298, -4682905.40767,  3567324.48123, 20260630
P577, CdrSpgDam_CS2004,   34.3046059241, -117.3189187261,  999.54253, -2420976.98797, -4686759.28848,  3574971.44031, 20260630
P578, DavisBenchCS2008,   35.6943326244, -120.2390367465,  536.29092, -2611863.75679, -4480606.62496,  3701013.17247, 20260630
P579, FremontValCS2006,   35.0387630657, -118.0057691223,  834.20278, -2455163.58985, -4616369.72423,  3641867.70597, 20260630
P580, Straw_PeakCS2007,   35.6209465817, -117.1922280070, 1669.60840, -2372609.73080, -4618139.98871,  3695056.88039, 20260630
P581, WoodsPropyCS2005,   34.5097398623, -117.7290066027,  972.78855, -2448465.52589, -4657908.48250,  3593733.45206, 20260630
P582, El_Mirage_CS2008,   34.6342592413, -117.5488643466,  848.02283, -2430135.38069, -4658542.02625,  3605038.32544, 20260630
P583, KramerJnctCS2005,   34.9870043620, -117.5433968362,  730.75269, -2419314.82869, -4638878.60936,  3637104.81634, 20260630
P584, PotreroCrkCS2004,   33.8926041700, -116.9516466153,  738.74546, -2402400.84456, -4724830.31128,  3536976.37082, 20260630
P585, BigMorongoCS2007,   34.0193482744, -116.5457507604,  958.14684, -2365440.57376, -4734867.89569,  3548761.66554, 20260630
P587, ChileoFlatCS2008,   34.3322348800, -118.0313437367, 1600.76489, -2478485.41015, -4655207.71595,  3577842.21681, 20260630
P589, BlackMtQryCS2005,   34.6206674079, -117.1101940327, 1148.05279, -2394900.58993, -4677993.54192,  3603967.91014, 20260625
P591, CalCityAptCS2005,   35.1524253148, -118.0164788193,  708.81369, -2452572.32505, -4609418.99204,  3652114.25311, 20260630
P592, GrassVallyCS2007,   35.2385519692, -117.3032330221, 1049.31368, -2392604.55388, -4634944.67792,  3660120.04225, 20260630
P593, pyramid_ptCS2007,   35.3878697139, -117.2050626951, 1375.76123, -2380402.55577, -4630755.92998,  3673829.45380, 20260630
P594, CrowCanyonCS2005,   35.8967088399, -117.3901355966,  937.40541, -2380046.50757, -4593510.63766,  3719463.10182, 20260630
P595, SearlesValCS2005,   35.6975567699, -117.4028321640,  644.45262, -2386904.33514, -4604248.21123,  3701366.83131, 20260630
P596, QueenShebaCS2007,   35.9981763736, -116.8895255609,  430.46609, -2336646.18994, -4607868.84009,  3728280.98162, 20260630
P597, OwlsHeadMtCS2007,   35.7105985884, -116.8883991591, 1194.14456, -2345289.10568, -4625138.09558,  3702862.85468, 20260630
P598, Onyx_Peak_CS2007,   34.1924621892, -116.7102714889, 2746.46666, -2374851.09589, -4719757.75798,  3565668.79867, 20260630
P599, GammaGulchCS2006,   34.2171708888, -116.5374681964, 1323.89818, -2359391.33532, -4724467.36255,  3567136.58909, 20260630
P600, Pushwalla_CS2005,   33.8658460068, -116.2118800685,  792.07029, -2341948.72795, -4756978.16443,  3534541.70574, 20260630
P601, GeologyRd_CS2006,   33.9592960092, -116.0802316041, 1242.62700, -2328633.95292, -4757487.33512,  3543396.72456, 20260630
P602, PolonlPassCS2008,   35.7291658340, -120.2278983238,  648.23719, -2609902.58298, -4479243.43478,  3704216.94528, 20260630
P603, I40CorridoCS2007,   34.7169049488, -116.0295064187,  624.70162, -2303391.34233, -4716485.89245,  3612452.00852, 20260630
P604, HarvardHilCS2008,   34.9368273340, -116.6714572559,  588.42282, -2349821.58428, -4677904.19183,  3632460.74320, 20260630
P605, MtWatermanCS2008,   34.3411289886, -117.9366720375, 2419.72332, -2470846.09391, -4659402.27502,  3579119.09263, 20260630
P606, LucerneValCS2005,   34.4620642688, -116.8796283663,  863.35842, -2380461.37539, -4696283.37693,  3589311.56106, 20260630
P607, CottonSprgCS2006,   33.7410387591, -115.8206562111,  958.70548, -2312828.36578, -4779916.73252,  3523129.58000, 20260630
P608, DuplexMineCS2008,   33.9940824608, -115.6866063684,  632.29734, -2294740.85023, -4770973.09774,  3546255.89708, 20260630
P610, AmericMineCS2006,   34.4257458389, -115.7637279448,  343.83806, -2289354.56707, -4743418.49447,  3585694.91757, 20260630
P611, RainboWellCS2006,   35.2047723253, -115.6498144437, 1333.01675, -2258909.70101, -4704207.88082,  3657221.51905, 20260630
P612, CalStateSBCS2005,   34.1873830495, -117.3155227459,  531.70842, -2423880.06047, -4693061.49420,  3563958.08259, 20260630
P613, KellerPeakCS2007,   34.1961901347, -117.0499674773, 2355.16003, -2402538.83332, -4705099.51878,  3565791.06314, 20260630
P614, Essex_CTY_CS2007,   34.7317924959, -115.2502654623,  490.98165, -2238586.34955, -4746425.22707,  3613733.37580, 20260630
P615, PaintdRcksCS2006,   35.2046082765, -116.7629126097,  995.13182, -2349747.81337, -4659201.45125,  3657011.85453, 20260630
P616, Red_ButtesCS2007,   35.4245641067, -117.8933369420, 1071.17870, -2434637.30574, -4599523.06594,  3676971.89501, 20260630
P617, TiefortMtsCS2006,   35.3206419811, -116.5716477515,  887.67238, -2330817.13691, -4660292.82517,  3667462.69029, 20260630
P618, CSUDertStdCS2005,   35.1418883538, -116.1039352650,  263.36111, -2297507.27169, -4688980.63672,  3650901.87509, 20260630
P619, SilurianHiCS2008,   35.5259467400, -116.1218058048,  388.92554, -2288164.32733, -4666228.63588,  3685737.26165, 20260630
P620, AlexnderhlCS2008,   35.7853629273, -116.1449229174,  668.70945, -2282753.31306, -4650446.64353,  3709289.39440, 20260630
P621, MountPass_CS2005,   35.4727590455, -115.5439530067, 1420.49930, -2242827.79424, -4692918.05684,  3681531.34080, 20260630
P622, RoundVallyCS2005,   35.1629902214, -115.3658674797, 1524.45618, -2236780.42072, -4717900.17923,  3653542.37204, 20260630
P623, VidalJunctCS2005,   34.1889323544, -114.5994076655,  267.74130, -2198633.97276, -4802364.26785,  3563951.92540, 20260630
P625, CaminoSubsCS2007,   34.8444420661, -114.9651465362,  606.76644, -2211969.77645, -4751127.99458,  3624063.67788, 20260630
P627, QueenVallyNV2006,   37.9731002534, -118.3785282124, 2342.14136, -2393637.07680, -4430907.21386,  3904531.81736, 20260630
P628, Tioga_PassCS2007,   37.9342298887, -119.2493571690, 2924.42741, -2462224.03470, -4396733.08084,  3901486.55701, 20260630
P629, MtTom_LookCS2008,   37.3758661030, -119.1793769867, 2725.67997, -2475241.76074, -4432669.37994,  3852279.50695, 20260630
P630, OldMammothCS2006,   37.6130360133, -119.0004461644, 2740.58856, -2453621.33522, -4426368.77319,  3873182.34478, 20260630
P631, Laurel_CrkCS2006,   37.6053244379, -118.9159436999, 2659.81620, -2447312.18479, -4430384.06941,  3872454.72613, 20260630
P632, JuneLake__CS2006,   37.7856644647, -119.0860787683, 2389.80916, -2454401.09514, -4412210.85818,  3888134.05608, 20260630
P633, MonoDomesNCS2008,   37.9134598958, -119.0329913110, 2293.00655, -2446049.35046, -4406803.67280,  3899279.19306, 20260630
P634, Deer_MountCS2007,   37.6965917320, -119.0257840185, 2467.43189, -2452723.62949, -4420138.30187,  3880360.63352, 20260630
P635, Grant_LakeCS2007,   37.8393133570, -119.1379944260, 2484.19932, -2456656.05039, -4406860.35100,  3892898.02648, 20260630
P636, LogCabinRFCS2007,   37.9627708389, -119.1467107547, 2739.05448, -2453322.81626, -4399307.27487,  3903871.77850, 20260630
P637, PumiceVallCS2008,   37.9141053240, -119.0837023056, 2031.65950, -2449827.10902, -4404418.34145,  3899175.13981, 20260630
P638, LookoutMtnCS2008,   37.7343171387, -118.9434823790, 2491.89814, -2445141.13001, -4421431.44444,  3883689.20003, 20260630
P639, FumaroleVaCS2006,   37.6545618941, -118.8687125264, 2339.29407, -2441925.09451, -4429254.57104,  3876588.72240, 20260630
P640, Mono_MillsCS2006,   37.8917381055, -118.9604115391, 2200.93446, -2441147.29077, -4411131.49695,  3897319.54282, 20260630
P641, SagehenMdwCS2008,   37.8781888018, -118.8519234149, 2527.18983, -2433360.60934, -4416780.54501,  3896332.50547, 20260630
P642, McGeeMountCS2006,   37.5913663142, -118.8166741021, 2667.37735, -2440091.18742, -4435451.33280,  3871231.38547, 20260630
P643, Toms_PlaceCS2006,   37.5615522884, -118.6981657712, 2121.99104, -2431673.65366, -4441880.37688,  3868275.28439, 20260630
P644, WheelrRidgCS2007,   37.4953915584, -118.6844066357, 3458.63152, -2433263.62918, -4447319.94724,  3863263.56489, 20260630
P645, OwensGorgeCS2008,   37.5412709642, -118.5934590062, 2007.70729, -2424165.59686, -4447442.21545,  3866420.45692, 20260630
P646, FossilTiltCS2006,   37.6770340616, -118.8199914171, 2102.00165, -2437332.31746, -4429829.09640,  3878418.78478, 20260630
P647, OHarrelCynCS2008,   37.7543610814, -118.7677096853, 2235.53127, -2430812.32300, -4427539.96282,  3885292.11138, 20260630
P648, CraterMarkCS2006,   37.8000153940, -119.0192165093, 2572.39674, -2448846.81802, -4414344.33073,  3889505.15590, 20260630
P649, GraniteMtnCS2006,   37.9034559011, -118.7362332435, 2153.95751, -2423467.38929, -4419915.80487,  3898317.36375, 20260630
P650, AntelopeMtCS2006,   37.8912758948, -118.5549040982, 2298.18142, -2409918.64505, -4428393.04471,  3897338.76760, 20260630
P651, ChalfantVaCS2006,   37.5631085979, -118.3869863845, 1316.70373, -2407160.03016, -4454367.22398,  3867921.32188, 20260630
P652, BarcroftObCS2007,   37.5891569897, -118.2384552264, 3865.28886, -2395725.82623, -4460818.11481,  3871767.72138, 20260630
P653, BlindSprinCS2006,   37.7374989614, -118.4716637184, 1826.29205, -2408295.06635, -4440763.74161,  3883561.21807, 20260630
P654, ConwayRoadCS2008,   38.0579341839, -119.1501935933, 2053.46362, -2450157.51302, -4393003.45141,  3911775.16039, 20260630
P655, EveritHillCN2006,   41.2944848508, -122.2063258858, 1542.50451, -2558377.40539, -4061639.80720,  4188068.31991, 20260630
P656, SHGrayBte_CN2007,   41.3448379348, -122.1958417122, 2398.62807, -2556008.81056, -4059526.46879,  4192834.85013, 20260630
P657, SHWestSideCN2007,   41.3812382833, -122.2938522060, 1684.42018, -2561235.19373, -4052436.08863,  4195398.02060, 20260630
P658, SHNorthGteCN2007,   41.4791759429, -122.1909158262, 1915.17182, -2550207.21441, -4051084.61027,  4203708.31216, 20260630
P659, SHGravlCrkCN2007,   41.4537325089, -122.0926674433, 1791.07335, -2544201.87723, -4056958.58713,  4201508.00801, 20260630
P660, SHAshCreekCN2007,   41.4095904455, -122.0676816466, 1587.17884, -2544074.12755, -4060688.01432,  4197696.46968, 20260630
P664, LVMtHelen_CN2007,   40.4731953142, -121.4959090954, 2568.95702, -2539424.28215, -4144628.01983,  4119763.57913, 20260630
P665, LVLoDimondCN2007,   40.4561275526, -121.5257586122, 2326.65733, -2542130.16975, -4144196.20340,  4118163.84708, 20260630
P666, LVBumpass_CN2007,   40.4653450111, -121.5145136063, 2471.41781, -2541027.02452, -4144222.49355,  4119036.84007, 20260630
P667, LVWhite___CN2007,   40.4658261966, -121.4674452050, 2333.93375, -2537548.98449, -4146189.74142,  4118988.28076, 20260630
P668, LVHatLake_CN2007,   40.5089927203, -121.4630815948, 1982.38649, -2535468.66463, -4143499.34870,  4122406.86618, 20260630
P669, BluLakeCynCN2008,   40.4921236988, -121.6037905599, 1842.88084, -2546218.89095, -4138206.27112,  4120891.44851, 20260630
P670, LVManzLakeCN2007,   40.5399042498, -121.5772006252, 1731.67901, -2542448.39021, -4136378.05507,  4124853.91432, 20260630
P671, SiffordMtnCN2008,   40.4091407024, -121.4282130594, 1958.72278, -2536690.04328, -4151167.58106,  4113952.44025, 20260630
P672, LavaBedsNMCN2005,   41.7115690452, -121.5069418701, 1435.06932, -2492521.69981, -4066319.78785,  4222697.33814, 20260630
P673, MedicineLkCN2006,   41.5858222494, -121.6130184370, 2017.77896, -2505140.44242, -4069975.29532,  4212645.70288, 20260630
P674, GlassMtn__CN2006,   41.6163212844, -121.4899899678, 1897.16460, -2495173.16027, -4073349.76020,  4215099.44443, 20260630
P675, Holbrook__ID2006,   42.2122199842, -112.7188257640, 1559.12119, -1827676.18208, -4365171.29389,  4264139.83771, 20260630
P676, HLFHnrysLkID2005,   44.6542146456, -111.3379549656, 2189.80073, -1654232.12742, -4234595.30675,  4461633.94267, 20260630
P677, WoodlandFmID2006,   42.8789175642, -113.8683064231, 1284.80519, -1894528.32893, -4281638.78750,  4318528.70897, 20260630
P678, AtomicCityID2006,   43.4489622044, -112.8045547543, 1535.32896, -1797989.25121, -4276295.77605,  4364902.72208, 20260630
P679, LittleLostID2008,   44.0398182355, -113.3064846580, 1936.40432, -1817532.00911, -4218947.67258,  4412619.23280, 20260630
P680, YNPWestYelMT2005,   44.5983554882, -111.0987535090, 2315.93705, -1638141.50398, -4245617.94483,  4457303.21464, 20260630
P682, SaltCreek_WY2008,   42.5032993923, -110.9075300845, 2323.97977, -1681214.70249, -4400930.49301,  4288555.09646, 20260630
P683, ChesterfldID2006,   42.8266957914, -111.7345416745, 2065.68685, -1735471.55874, -4353406.06210,  4314805.72110, 20260630
P684, ParkinsonFID2005,   43.9191469135, -111.4504905639, 1693.91205, -1683279.15048, -4284105.44020,  4402799.84502, 20260630
P685, Sand_DunesID2007,   44.0679457945, -111.8301585830, 1606.81617, -1707335.73409, -4262136.15930,  4414636.82669, 20260630
P686, YNPFishCrkID2007,   44.2520534430, -111.1550400715, 2165.30126, -1651997.15032, -4269035.81972,  4429706.17316, 20260630
P687, MSH_Tube1_WA2004,   46.1095708902, -122.3546415891,  391.06935, -2370655.75726, -3742100.54597,  4573981.27952, 20260630
P688, MSH_MitchpWA2008,   46.0301201460, -122.1641633247, 1165.72295, -2361874.45543, -3755800.62344,  4568411.53281, 20260630
P689, MSH_MorgleWA2005,   46.1895522650, -122.3606225473, 1359.42990, -2367973.39201, -3737003.45259,  4580839.44435, 20260630
P690, MSH_SRidgeWA2005,   46.1799876880, -122.1898720061, 2078.86332, -2357500.16158, -3745114.71049,  4580622.31584, 20260630
P691, MSH_StdBkrWA2006,   46.2314825726, -122.2269673404, 1182.87918, -2357389.81741, -3739566.96350,  4583937.94880, 20260630
P692, MSH_LoowitWA2006,   46.2244972402, -122.1842103756, 1491.84503, -2355011.06230, -3741980.64610,  4583623.79205, 20260630
P693, MSH_NWDomeWA2004,   46.2103203389, -122.2023507076, 2112.91170, -2357031.16580, -3742561.43878,  4582981.51298, 20260630
P694, MSH_CldWtrWA2006,   46.2996283635, -122.1819337618, 1725.65782, -2351733.94742, -3737102.88367,  4589567.95030, 20260630
P695, MSH_NRidgeWA2004,   46.1989859761, -122.1642160225, 2015.62980, -2354988.11697, -3744842.47696,  4582039.07089, 20260630
P696, MSH_EaDomeWA2004,   46.1968799182, -122.1516386681, 1599.98193, -2354102.84259, -3745258.85431,  4581577.00087, 20260630
P697, MSH_SERdgeWA2004,   46.1876418073, -122.1766134751, 2214.52114, -2356356.44463, -3745219.85599,  4581309.44425, 20260630
P698, MSH_SESlpeWA2004,   46.1734643147, -122.1606140362, 1479.34934, -2355644.99668, -3746409.64552,  4579687.55045, 20260630
P700, MSH_ButteCWA2006,   46.1781337010, -122.2173683521, 1521.64246, -2359170.77484, -3743782.32207,  4580077.54570, 20260630
P702, MSH_ElkRckWA2004,   46.3001601716, -122.3456505166, 1305.68028, -2362224.60477, -3730086.55175,  4589305.17169, 20260630
P703, MSH_ClmBivWA2006,   46.1452568396, -122.1961941016,  988.37479, -2358995.00640, -3746572.39120,  4577161.26446, 20260630
P705, MSH_WGoat_WA2006,   46.1729573411, -122.3105964658, 1150.84371, -2365343.98610, -3740072.58116,  4579411.52343, 20260630
P706, MatadorRchMT2006,   45.0434685069, -112.5240931864, 1810.70524, -1729743.18176, -4171007.71716,  4492044.30235, 20260630
P707, RedRockLakMT2008,   44.7187687674, -111.8371679435, 2292.81131, -1689214.62934, -4215405.21314,  4466808.37155, 20260630
P709, YNPPromtryWY2005,   44.3917939862, -110.2860105203, 2379.70098, -1583349.71671, -4283564.46015,  4440968.89129, 20260630
P710, GTNPGrassyWY2007,   44.0957525825, -110.7321456865, 2172.51669, -1624730.62158, -4292439.98585,  4417250.52448, 20260630
P711, YNPMadisonWY2005,   44.6355632802, -110.8610703832, 2118.72622, -1619430.64392, -4249531.17719,  4460108.87304, 20260622
P712, YNP_Bacon_MT2008,   44.9574702529, -111.0723828515, 2161.51801, -1626037.70903, -4220030.47355,  4485532.39627, 20260630
P714, YNPPantherWY2008,   44.8958478074, -110.7444262696, 2250.50494, -1603591.95267, -4233851.71393,  4480745.01027, 20260630
P715, WindyMountWY2006,   43.5007675960, -109.6898554881, 2988.23091, -1562001.20819, -4364935.19120,  4370080.61723, 20260630
P716, YNPCanyon_WY2005,   44.7182563626, -110.5115163567, 2386.63913, -1591276.85428, -4253456.79827,  4466833.91508, 20260630
P717, ShoshoneRvWY2006,   44.4854048274, -109.8972955085, 2270.22381, -1551746.10864, -4287283.58770,  4448322.07312, 20260630
P718, DeadIndianWY2006,   44.7530994446, -109.3763110176, 2577.10597, -1505836.37916, -4281703.72038,  4469719.55940, 20260630
P719, EnnisFish_MT2006,   45.2177559932, -111.7890279223, 1706.33994, -1670966.95727, -4180036.74264,  4505639.02753, 20260630
P720, YNPSlough_WY2005,   44.9430991186, -110.3062610169, 1923.94482, -1569799.87982, -4242295.74453,  4484233.90732, 20260630
P721, YNP_NEEnt_MT2005,   45.0028741226, -110.0020530344, 2236.29517, -1545722.79795, -4246365.05050,  4489155.63635, 20260630
P722, YNPBassRchMT2005,   45.4572228519, -109.5710142623, 1452.76969, -1501537.23573, -4223566.59129,  4524171.03493, 20260630
P723, PineCkMineCS2007,   37.3804255630, -118.7247804782, 3197.80942, -2440027.11053, -4452228.21791,  3852968.42641, 20260630
P724, BirchimCynCS2008,   37.4394764449, -118.5610729292, 1371.62417, -2424698.37232, -4454409.48197,  3857066.59298, 20260630
P725, SJExpRangeCN2006,   37.0888947309, -119.7456106423,  330.95881, -2527543.77717, -4423070.90482,  3825466.99727, 20260630
P726, WestgardPSCS2006,   37.2805279140, -118.1467000376, 2202.12647, -2397782.79358, -4481852.26344,  3843545.03143, 20260630
P727, CoyoteWarpCS2007,   37.2735781399, -118.4667769155, 2677.21705, -2423185.59371, -4469130.59820,  3843218.80359, 20260630
P728, Snowmass__CO2008,   39.1776988649, -106.9739840380, 3426.11341, -1446125.14723, -4737755.26410,  4009793.36152, 20260630
P729, Mesa_UnionCS2007,   34.2630833772, -119.0960664366,   36.05451, -2566033.43186, -4610997.07266,  3570622.66931, 20260630
P730, BallardRdgCN2007,   41.3591961187, -120.8282540213, 1822.47169, -2457631.74327, -4118097.08499,  4193651.62266, 20260630
P731, LilJuniperCN2007,   41.3325138050, -120.4727658526, 1391.27475, -2432862.96239, -4134674.57309,  4191141.51566, 20260630
P732, Vaughn_Pt_OR2008,   43.3924986119, -123.8913727445,  582.09139, -2588767.36877, -3853745.60688,  4359690.39840, 20260630
P733, GoldBeach_OR2008,   42.4420155155, -124.4132995800,  184.58680, -2664237.37031, -3889083.69883,  4282088.25015, 20260630
P734, Brookings_OR2007,   42.0766344711, -124.2932593425,  113.35660, -2671432.10288, -3917162.86433,  4252001.71060, 20260630
P735, King_Mtn__OR2008,   42.6916090463, -123.2310020499, 1577.67967, -2573707.38980, -3928396.27377,  4303453.25369, 20260630
P736, Chiloquin_OR2008,   42.5798290265, -121.8801314020, 1259.54441, -2484699.68628, -3994924.23020,  4294100.74477, 20260630
P738, HartMtnNWROR2008,   42.5460796646, -119.6587051887, 1706.76506, -2329401.30385, -4090723.03426,  4291641.31716, 20260630
P739, McDermitt_OR2008,   42.0201981557, -117.7254336168, 1351.87619, -2208238.89728, -4201542.62721,  4248175.73733, 20260630
P740, PathFi082gCS2006,   33.5981955364, -116.5959807301, 1372.07306, -2381383.51124, -4756346.33148,  3510170.47897, 20260630
P741, SantaR086gCS2006,   33.5574742193, -116.5310263640, 1371.25720, -2377105.61216, -4761277.77961,  3506406.28016, 20260630
P742, FordRa087gCS2006,   33.4955441515, -116.6025786997, 1142.64254, -2384663.63263, -4761527.95993,  3500552.75262, 20260630
P744, ImperialVCCS2007,   32.8293827028, -115.5084091149,  -52.73897, -2310278.88363, -4841771.50647,  3438045.43759, 20260630
P776, GunstockMRNH2008,   43.5432662938,  -71.3785592268,  476.93101,  1478719.86140, -4388494.02407,  4371775.95659, 20260630
P777, RockyHillAR_2008,   35.7026598882,  -92.5454751392,  335.37066,  -230304.19588, -5180477.13927,  3701646.31226, 20260630
P779, PARI_Obs_NC_2008,   35.2019419179,  -82.8724816093,  878.72589,   647471.88107, -5177937.85674,  3656702.99748, 20260622
P780, Cerrillos_PR2008,   18.0750276357,  -66.5791338342,  154.06131,  2410921.17524, -5565748.08795,  1966328.27833, 20260630
P783, Wanship2__UT2008,   40.8075720320, -111.4147245969, 1819.77400, -1765686.95426, -4502095.97221,  4147461.16685, 20260630
P784, YorkMn040gCN2008,   41.8308148063, -122.4204596477,  802.23654, -2552051.03443, -4018216.67441,  4232155.39239, 20260630
P786, GasquetAirCN2008,   41.8454842716, -123.9807925544,   83.99010, -2659612.53991, -3945890.45527,  4232890.29614, 20260630
P787, SJGrad058gCN2008,   36.7994789104, -121.5808389269,  113.64372, -2677916.54716, -4356154.77898,  3799665.81546, 20260630
P788, Gabiln065gCN2008,   36.7443383002, -121.4787701642,  626.64027, -2672279.58968, -4364393.05234,  3795071.04238, 20260630
P789, Varian073gCS2008,   35.9465885191, -120.4717334489,  503.39151, -2621718.33174, -4455819.82569,  3723690.95377, 20260630
P790, Flengt075gCS2008,   35.9291504328, -120.5153826974,  553.71440, -2625709.47854, -4454834.74342,  3722153.76511, 20260630
P791, MtHoodSki_OR2009,   45.3445294571, -121.6726837849, 1985.17910, -2358507.17027, -3822823.95915,  4515753.63727, 20260630
P792, WindyR202GWA2008,   46.2446209343, -122.1368927691, 1256.86591, -2350973.99586, -3742418.42218,  4585001.68764, 20260630
P793, Dinsmr935gCN2008,   40.4787529922, -123.5731340948,  709.86690, -2686980.09901, -4048347.20556,  4119026.35980, 20260630
P794, AnthonyPk2CN2009,   39.8456788280, -122.9637613105, 2088.61144, -2669019.41036, -4115625.96719,  4066182.98252, 20260630
P795, Noble_PassCS2009,   34.5081226763, -116.1481288993, 1095.31415, -2319120.40472, -4723865.77786,  3593655.01305, 20260630
P796, SanLuisSW_AZ2010,   32.4978711321, -114.7593506424,   10.15765, -2255116.22852, -4889626.25348,  3407129.51418, 20260630
P797, Sagebrush_CA2010,   33.5372940750, -116.5925314624, 1403.77798, -2382781.26737, -4759853.84518,  3504558.40931, 20260630
P798, YNPGrandTgWY2010,   43.7960202021, -110.9605950748, 2450.52931, -1650174.80957, -4307705.10471,  4393456.32158, 20260630
P799, LASWCollegCA2011,   33.9276501488, -118.3063560808,   24.82553, -2512124.11012, -4664281.12143,  3539804.42019, 20260630
P800, DorseyHighCA2011,   34.0216918541, -118.3490744026,   -2.30126, -2512822.31097, -4657256.86234,  3548439.78232, 20260630
P801, GrantT944GWY2012,   44.3896695536, -110.5437351478, 2368.57087, -1602656.90225, -4276546.26282,  4440792.35244, 20260630
P802, MandanDDBMND2012,   46.5575511352, -100.6234141371,  572.34829,  -810033.02804, -4318611.96570,  4608497.36334, 20260630
P803, MellenDDBMWI2012,   46.3264542422,  -90.6836528820,  414.23067,   -52647.86047, -4412117.79840,  4590679.62000, 20260630
P804, TheRockDDBGA2012,   32.9632880915,  -84.2257569413,  216.37085,   538949.84914, -5329692.15984,  3450661.00946, 20260630
P807, EcRockStPkTX2012,   30.4946432249,  -98.8220435536,  418.99744,  -843665.87835, -5435915.98634,  3217955.47074, 20260630
P808, Antelope2_CS2005,   34.8360202490, -118.6214588819,  914.33796, -2510830.03454, -4601087.03528,  3623472.47633, 20260630
P817, StClairsviPA2013,   40.1455809520,  -78.5111715866,  384.02331,   972499.94842, -4784765.11567,  4090602.85292, 20260630
P820, DingbatFltOR2017,   42.8618511558, -124.0539473438,   68.83142, -2622050.60423, -3879465.64918,  4316311.78007, 20260630
P821, WildSafariOR2019,   43.1445504153, -123.4289881264,  252.27548, -2567853.08534, -3890069.60854,  4339405.04081, 20260630
P822, SaltCreek_OR2022,   42.4934666577, -122.5883051013, 1164.92475, -2537342.09346, -3969316.02954,  4286966.54210, 20260630
P823, ForestGrveOR2022,   45.5376345867, -123.1573714551,   78.07079, -2447666.83324, -3746507.71603,  4529455.69497, 20260630
P824, Vernonia2_OR2023,   45.8530939379, -123.2477214054,  177.69533, -2439852.88277, -3721716.87926,  4554017.20865, 20260630
P825, goldndale_wa2023,   45.7991470496, -120.8470990139,  489.08427, -2284138.37063, -3824526.20709,  4550062.02630, 20260630
P826, AstorRsvr_OR2024,   46.1819912404, -123.7991533000,  164.51022, -2460919.74588, -3676195.54509,  4579395.27556, 20260630
P827, Centralia_WA2025,   46.7465796229, -122.8391009269,  101.29944, -2374282.08964, -3678648.86470,  4622579.58244, 20260630
P828, GrapeviewWA_2025,   47.2889733965, -122.9407177262,   38.56463, -2356792.17207, -3637375.46078,  4663643.81768, 20260630
PABH, PABH_PNGA_WA1997,   47.2127993444, -124.2045818777,   12.90801, -2439933.82724, -3589636.08703,  4657876.48654, 20260630
PAFU, Uniontown,          39.9265889906,  -79.6973725878,  326.74201,   876028.86167, -4819219.22949,  4071947.80753, 20260630
PALG, Pala_GPS,           33.3890188965, -117.0317861800,  528.79852, -2422992.22459, -4748875.18650,  3490354.27280, 20260630
PALX, El_Alamo__MX2010,   31.5591190840, -116.0637924282, 1545.46174, -2390673.97271, -4887788.51398,  3319683.20224, 20260630
PAMS, STROUDSBURG,        40.9955720301,  -75.2510729248,  192.57527,  1227363.69951, -4662208.47497,  4162178.39434, 20260630
PAPC, COUDERSPORT_2,      41.7644166776,  -78.0234334971,  484.60264,   988757.42076, -4661111.02486,  4226445.19445, 20260630
PARY, Parry_Sound,        45.3385538755,  -80.0358935728,  145.00377,   777084.73024, -4423268.47030,  4513977.83149, 20260630
PASS, Schuylkill_Haven,   40.6391553408,  -76.1582798661,  164.44258,  1159577.30412, -4706157.31026,  4132205.03103, 20260630
PBCH, West_Palm,          26.8462941978,  -80.2192562090,  -16.90676,   967386.09094, -5611812.26135,  2863022.89358, 20260630
PBHR, PiedrasBlaSW2010,   35.7089559285, -121.2724192382,  152.22322, -2691593.02712, -4431697.16824,  3702106.69914, 20260630
PBPP, PBPP_SCGN_CS2000,   34.5082281006, -117.9225773540,  901.95078, -2464205.18190, -4649642.28841,  3593555.10673, 20260630
PCOL, PCOL_PNGA_WA2003,   47.1720554186, -122.5708083714,   79.10993, -2338411.55652, -3660579.90577,  4654846.93543, 20260630
PDTN, Pendleton_OR,       45.6659452195, -118.7569314132,  394.44461, -2148198.66331, -3914526.03654,  4539659.61923, 20260630
PDXA, PORTLAND_AIRPORT,   45.5968718381, -122.6092353684,   -5.04513, -2409148.41981, -3765742.94368,  4534005.50003, 20260630
PEA1, PchTreRch1CA2016,   36.1869066832, -120.7585996560,  789.68447, -2636083.39562, -4429344.72327,  3745416.45766, 20260630
PEA2, PchTreRch2CA2016,   36.1805334986, -120.7668481661,  682.46576, -2636890.36168, -4429249.60274,  3744782.30417, 20260630
PFLD, Paine_Field,        47.8985054679, -122.2821850190,  160.27751, -2288148.95417, -3621986.63498,  4709436.61306, 20260630
PGC5, PGC5,               48.6485314036, -123.4511308157,    3.58384, -2327195.23882, -3522532.65615,  4764828.70745, 20260630
PHJX, HJ_CucapahMX2011,   32.4900573751, -115.5504553410,  105.43369, -2322647.49499, -4858516.39228,  3406449.83434, 20260630
PHLB, PHLB_SCGN_CS1999,   34.9254239050, -117.6944831483,  886.14565, -2433417.50099, -4636061.89188,  3631593.92499, 20260630
PICL, Pickle_Lake,_Can,   51.4798084175,  -90.1619797980,  315.24080,   -11253.47051, -3980586.81001,  4967210.32916, 20260630
PIE1, Pietown_VLBA_Sit,   34.3015046427, -108.1189302211, 2347.73426, -1640917.20593, -5014781.19309,  3575446.98323, 20260630
PIMA, Pima_Comm_Colleg,   32.2279572106, -111.0186334977,  713.60596, -1937265.37024, -5041847.26634,  3382222.16600, 20260630
PKDG, Bear_Valley_Ranc,   35.9452421488, -120.5415664759,  589.99938, -2627227.40614, -4452757.04665,  3723620.84170, 20260630
PKRD, PKRD_SCGN_CS2000,   34.0715627912, -118.2329114552,  130.84842, -2501961.98077, -4659710.37726,  3553097.96342, 20260630
PKTN, Piketon,            39.0454709134,  -83.0244071330,  143.20093,   602406.35234, -4923544.22791,  3996328.99818, 20260630
PKWD, Packwood_WA,        46.5997963407, -121.6769835003,  306.71631, -2305493.08289, -3736267.74950,  4611532.54552, 20260630
PLCX, plcxREGNOMmx2016,   31.2552161349, -116.1580791809,  182.97142, -2405943.58277, -4898567.10060,  3290210.52187, 20260630
PLMN, Pullman_WA,         46.7339295123, -117.1931069916,  742.95449, -2001520.80388, -3895691.01455,  4622083.08752, 20260630
PLTX, LasTinajasMX2010,   31.8163419747, -115.4308994562,  236.50931, -2329625.63264, -4899359.34243,  3343268.39124, 20260622
PMAR, Pine_Marten,        43.9906712699, -121.6867505870, 2347.72939, -2415153.75695, -3912490.58867,  4408976.52753, 20260630
PMKZ, PMKZ_G78,           61.2836674595, -149.9231743490,   49.76363, -2658774.76342, -1539801.40586,  5570642.33092, 20260630
PMTN, Panorama_Mountai,   37.8313718494, -119.0569330878, 2401.64891, -2450649.85666, -4410747.40405,  3892150.97069, 20260630
PNE2, Playa_Negra_2,      10.1951656166,  -85.8287075753,   19.59569,   456660.06220, -6261476.97111,  1121504.59609, 20260630
POBG, Polly_Butte,        33.6871335112, -116.9237529410,  982.22049, -2405931.99567, -4737482.34728,  3518168.41734, 20260630
POME, Pomeroy_WA,         46.4799437432, -117.6317108762,  551.01626, -2040738.71428, -3898316.63146,  4602545.00902, 20260630
POMM, POMM_SCGN_CN1993,   35.9199138211, -120.4784433456,  597.15254, -2623159.70509, -4457075.23233,  3721349.24414, 20260619
PPBF, PPBF_SCGN_CS1998,   33.8357287622, -117.1820954975,  428.09266, -2422873.24157, -4718027.35428,  3531564.35761, 20260630
PRDS, PRIDDIS,            50.8713497115, -114.2935013968, 1247.94678, -1659603.33622, -3676725.78967,  4925493.40057, 20260630
PRSR, Prosser_WA,         46.2156752797, -119.7908399262,  197.60337, -2196598.32838, -3836899.16020,  4582010.78124, 20260630
PRX5, Marsh_testCO2016,   39.9494906362, -105.1942700748, 1728.89109, -1283634.49910, -4726427.93352,  4074797.94590, 20260630
PSAP, PalmSpringsSCIGN,   33.8192378633, -116.4939973230,   86.76554, -2366366.14616, -4747441.71659,  3529854.76719, 20260630
PSDM, PuddingstonSCIGN,   34.0917670690, -117.8070984029,  278.35657, -2466734.09774, -4677172.88219,  3555036.88114, 20260630
PTAA, PORT_ANGELES,       48.1168283416, -123.4943625754,   66.84048, -2354268.27742, -3557671.86947,  4725608.46158, 20260630
PTAL, Port_Alberni,       49.2563278259, -124.8609577424,   92.82091, -2384054.22922, -3422429.11040,  4809283.01894, 20260630
PTEX, Testerazo_MX2011,   32.2884543318, -116.5212414299,  340.56289, -2410066.35881, -4829360.80837,  3387696.67261, 20260630
PTIR, Point_Iroquois,     46.4845831952,  -84.6308451747,  151.41464,   411673.36024, -4380216.85341,  4602610.37038, 20260630
PTPP, PetTerPacPAN2014,    8.2043395879,  -82.8790362186,   54.23739,   782630.78656, -6264646.46843,   904161.26641, 20260630
PTRF, Port_Renfrew,       48.5442673341, -124.4130603656,  172.84751, -2390981.96898, -3490234.15517,  4757287.52493, 20260623
PTRL, Point_Reyes_Ligh,   37.9961814606, -123.0187288644,  146.89690, -2742442.18451, -4219970.05598,  3905200.39681, 20260630
PTSG, PTSG_PNGA_CN1999,   41.7827410122, -124.2552019080,  -10.17592, -2681055.99941, -3936889.76884,  4227633.50064, 20260630
PTSN, Patterson_WA,       45.9391572812, -119.6097579660,  118.57213, -2195372.42533, -3863022.34117,  4560632.39015, 20260630
PUJE, Puerto_Jesus,       10.1139786337,  -85.2724781891,   29.15429,   517555.48077, -6258335.92090,  1112666.91878, 20260630
PUMO, Punto_Morales,      10.0644996372,  -84.9667128199,   17.95150,   551029.41231, -6256428.87723,  1107276.77646, 20260630
PVE3, PalosVerdesSCIGN,   33.7432996242, -118.4042633159,   71.03543, -2525525.12688, -4670030.41584,  3522845.06143, 20260630
PVHS, PeninsulaHSSCIGN,   33.7794570629, -118.3721722748,  259.57206, -2521924.41754, -4669621.01684,  3526284.10237, 20260630
PVRS, PVRS_SCGN_CS1998,   33.7738658264, -118.3205960780,   59.81774, -2517804.72691, -4672046.65930,  3525657.54182, 20260630
PWEL, Port_Weller,        43.2367322742,  -79.2196697362,   43.84403,   870504.87389, -4571872.97595,  4346729.12652, 20260630
QAQ1, Qaqortoq,           60.7152660875,  -46.0477694235,  110.50672,  2170941.69882, -2251830.05898,  5539988.56504, 20260630
QCY2, QCY2_BARD_CN2006,   36.1610691797, -121.1373554176,  101.44004, -2665893.73107, -4412795.13345,  3742695.75342, 20260630
QHTP, Quartz_HillSCIGN,   34.6286821499, -118.2448194676,  863.02522, -2486712.92283, -4629001.59479,  3604537.71102, 20260630
QIKI, Qikiqtarjuaq_(Ba,   67.5593412253,  -64.0336773606,   13.36625,  1069080.74562, -2195214.26225,  5872519.19994, 20260630
QMAR, Stevens_Pass_WSD,   47.7750987637, -120.9655679402,  812.12444, -2209780.02254, -3682702.79400,  4700708.77592, 20260630
QSEC, Quebrada_Seca,       9.8403806813,  -85.3572715863,   17.68450,   508716.52910, -6264309.63542,  1082860.48997, 20260630
QUAD, QuadraIsndBC,       50.1324932737, -125.3308336369,   -7.35780, -2369026.74632, -3342081.40754,  4872243.26453, 20260630
QUEX, quexREGNOMmx2010,   32.5492053938, -115.1532278343,  -16.26640, -2287365.80016, -4871217.52018,  3411915.27718, 20260630
QUIN, Quincy,             39.9745533302, -120.9444333026, 1105.75904, -2517231.57787, -4198594.89763,  4076531.13638, 20260630
R301, CRAWFORD,           38.6565985054, -107.5909508879, 2024.13103, -1507714.84035, -4755525.19006,  3963883.51245, 20260630
RAMT, RAMT_SCGN_CS2000,   35.3387157620, -117.6833536893, 1406.59283, -2420453.92489, -4613541.63691,  3669399.00602, 20260630
RCA2, RCA2_SCGN_CS2000,   34.4999839975, -119.7200047904, 1179.21641, -2609202.99575, -4570710.96896,  3592958.39294, 20260630
RCHY, Roachs_Yard,        16.7039051657,  -62.1532082665,  313.13638,  2854496.88325, -5403334.40079,  1821562.48533, 20260630
RDBA, Bani_Per_DOM2017,   18.2769206163,  -70.3283568105,   30.17757,  2039433.18300, -5704810.85392,  1987520.93294, 20260630
RDBB, Dover, Delaware,    18.9460266516,  -70.4033491824,  138.42291,  2024071.29140, -5685304.17011,  2057744.58022, 20260630
RDCI, LaCienegaDOM2017,   19.0588566016,  -70.8563901989, 1255.64052,  1978067.11966, -5698286.46016,  2069918.42281, 20260630
RDGM, Ridgemark,          36.8114498453, -121.3479551460,  128.25015, -2659780.52885, -4366333.66768,  3800738.25213, 20260630
RDLT, LasTerrenasDomRe,   19.3066120432,  -69.5466582923,  -13.82881,  2104228.61684, -5642017.26438,  2095406.15365, 20260630
RDM2, MntcristiDOM2022,   19.8500957045,  -71.6434977726,  -22.41142,  1890034.63651, -5696088.08988,  2152087.65775, 20260630
RDMT, RDMT_SCGN_CS1999,   34.6439403375, -116.6246907842, 1782.99372, -2354751.94264, -4697273.94643,  3606453.55202, 20260630
RDNA, Nagua_AH_DOM2016,   19.3689803636,  -69.8469865947,  -27.88425,  2073833.77372, -5650810.85473,  2101915.90874, 20260630
RDOM, Resurgent_Dome,     37.6770676913, -118.8979471240, 2417.44324, -2443476.75971, -4426725.37901,  3878614.54113, 20260630
RDON, Redonda,            16.9341853033,  -62.3462567019,  106.56339,  2832760.76536, -5406214.49621,  1845897.84606, 20260630
RDPE, Peder_AH_DOM2022,   18.0372293633,  -71.7395923075,   -7.24109,  1900894.55264, -5761125.21491,  1962300.71116, 20260629
RDPP, Costambar_DR2019,   19.8113089840,  -70.7132446482,  -26.63154,  1982742.84331, -5666023.25231,  2148047.09180, 20260630
RDSD, Santo_DoDRCR2004,   18.4613987010,  -69.9113224147,   -9.19636,  2078678.94736, -5683737.20691,  2006887.00981, 20260630
RDSF, San_Fran_DOM2015,   19.2857134503,  -70.2464896409,   76.55410,  2035446.93002, -5668097.33595,  2093252.58574, 20260630
RDSJ, SJMaguanaDOM2015,   18.8194768170,  -71.2270052442,  405.12440,  1943676.03140, -5718344.12909,  2044576.30668, 20260630
RDVE, RDVEGA_RFDOM2017,   19.2131228819,  -70.5273304992,   68.98738,  2008520.59078, -5680497.03831,  2085663.82787, 20260630
REDM, REDM_PNGA_OR1998,   44.2597658140, -121.1478845734,  919.80775, -2366949.81766, -3916333.59093,  4429450.92925, 20260630
REPO, REPO_BRGN_NV1999,   36.8403511755, -116.4683460191, 1479.44262, -2278355.11532, -4576002.67895,  3804115.78461, 20260630
RESO, Resolute,           74.6908192065,  -94.8937107012,   20.11787,  -144108.16692, -1683119.91658,  6129763.40149, 20260630
RG03, RG03CapitnNM2007,   33.6546910021, -105.1541664889, 1572.60464, -1389664.57975, -5131034.28038,  3515500.41365, 20260630
RG05, RG05SilverNM2006,   32.5525253424, -108.3563808387, 1802.30126, -1695205.29558, -5108957.76727,  3413204.13396, 20260630
RG06, RG06FaywodNM2006,   32.6348968226, -107.8647902126, 1633.20525, -1649755.57402, -5118493.88973,  3420811.27529, 20260630
RG08, RG08CauhapNM2006,   32.7283518839, -104.9940653124, 1488.65625, -1389857.86916, -5189170.09697,  3429458.62424, 20260630
RG11, RG11WolfSpNM2006,   36.5231651549, -105.7791038715, 2211.23112, -1395932.60743, -4939997.24410,  3776316.64444, 20260630
RG13, RG13DorseyNM2006,   36.4912577071, -104.2114921933, 2039.55853, -1260752.21099, -4978245.23741,  3773367.59450, 20260630
RG16, RG16ShadowCO2006,   39.8843564570, -106.3485122253, 2597.68272, -1380077.27460, -4704705.31906,  4069806.73990, 20260630
RG21, RG21FreemnCO2006,   37.7678461772, -107.1091980092, 2763.90534, -1485807.11478, -4826934.14868,  3886799.41410, 20260630
RG23, RG23SandNPCO2006,   37.7438717393, -105.4985175237, 2621.23290, -1349950.13117, -4868252.04722,  3884607.33262, 20260630
RG24, RG24SanIsaCO2006,   37.9635238873, -104.9667694304, 2211.90566, -1300762.91536, -4865799.85788,  3903613.42530, 20260630
RHCL, RHCL_SCGN_CS1998,   34.0190532079, -118.0261775163,  176.85699, -2486682.76341, -4671619.75922,  3548297.42641, 20260630
RKD1, OROVILLE_AIRPORT,   48.9643498778, -119.4130315138,  313.17752, -2060482.75648, -3654823.89463,  4788193.01656, 20260630
RKMG, Ramakrishna_Mona,   33.6741277307, -117.6094337137,  377.56345, -2462591.24536, -4708614.17583,  3516632.55636, 20260629
RMRK, Rimrock,            46.7494703683, -120.7923140068,  477.33905, -2241394.31418, -3761120.98771,  4623073.67316, 20260630
RMVJ, RanchoMissCA2012,   33.4858130983, -117.5553275167,  136.36733, -2463395.17583, -4721001.91265,  3499097.28614, 20260630
RNCH, RNCH_SCGN_CN2001,   35.8999976961, -120.5248339975,  838.82085, -2627525.39916, -4456235.08689,  3719700.94632, 20260630
ROA0, RoatanHondur2007,   16.3181543194,  -86.5268396747,    9.99936,   370926.94638, -6111583.96662,  1780546.89729, 20260630
ROCK, Rocketdyne_SCIGN,   34.2356773814, -118.6764385599,  553.38734, -2533220.74072, -4631542.90283,  3568400.80296, 20260630
ROSS, Rossport,           48.8337292187,  -87.5196037222,  149.85935,   182045.80697, -4202529.94591,  4778520.36451, 20260630
RSTP, RSTP_SCGN_CS1999,   34.8750818282, -118.1929301897,  712.71881, -2475099.15332, -4617408.39655,  3626913.68152, 20260630
RSVY, RSVY_SCGN_CS2000,   34.5414783397, -119.1844420130,  987.41184, -2565016.39920, -4592484.25130,  3596642.88759, 20260630
RTHS, RialtoHighSSCIGN,   34.0891523610, -117.3533404218,  328.65491, -2429709.76484, -4696742.87103,  3554824.86928, 20260630
RUBO, RUBO_KIVU_RW2022,   -1.7280322052,   29.2559460656, 1464.98511,  5563339.45447,  3116378.26995,  -191091.70190, 20260629
RUBY, RUBY_BRGN_NV1996,   40.6172084906, -115.1228386100, 1881.73678, -2059033.02478, -4391007.60094,  4131473.28616, 20260630
RUNG, Ruthven_GPS,        32.9723104207, -114.9780355745,  119.66378, -2261786.71981, -4855275.85549,  3451447.89625, 20260630
RYMD, Raymond_WSDOT,      46.6841290268, -123.7304135565,  -10.45911, -2433982.54380, -3645409.38693,  4617738.36440, 20260630
S300, S300_BARD_CN1998,   37.6665070296, -121.5582732750,  495.74467, -2645887.66078, -4307855.49898,  3876512.13656, 20260630
SABA, St_Johns_Saba_NA,   17.6205113068,  -63.2428379194,  278.96170,  2737736.88402, -5429881.61719,  1918480.77143, 20260630
SABN, Grey_Hill_Saba_N,   17.6445580441,  -63.2409392008,  288.11088,  2737557.76340, -5429078.80810,  1921020.02268, 20260630
SABP, Parish_Hill_Saba,   17.6250732552,  -63.2547834410,  310.94041,  2736549.67869, -5430342.99292,  1918971.67936, 20260630
SABY, Saba_J.E._Yrausq,   17.6458521966,  -63.2205702013,   -3.73442,  2739342.79241, -5427818.19938,  1921068.05437, 20260630
SAJU, Puerto_San_Juani,   10.0671233324,  -85.7105558487,   73.73925,   469761.42223, -6263059.37743,  1107572.26439, 20260630
SAMM, SAMM,               47.5398618384, -122.0331751564,    7.01492, -2287979.91124, -3656819.99860,  4682495.91770, 20260630
SAN0, SanAndresCO_2007,   12.5804512525,  -81.7157205063,   10.08537,   897071.84871, -6161037.62788,  1380145.03352, 20260630
SAOB, San_Andreas_Geop,   36.7653075836, -121.4471935552,  359.93968, -2669035.89057, -4364494.78774,  3796776.01627, 20260630
SARG, Sargent_Creek,      36.9035468574, -121.5544675408,   56.15806, -2672262.50541, -4351445.32348,  3808872.82473, 20260630
SASK, Saskatoon,_Canad,   52.1962534879, -106.3983596082,  578.87854, -1106130.08356, -3758704.91842,  5016675.41122, 20260630
SAWC, Saw,                37.6898963624, -118.9531699550, 2440.29070, -2447329.42570, -4423622.16414,  3879755.78110, 20260630
SBCC, SBCC_SCGN_CS1999,   33.5530029161, -117.6614937104,   88.65897, -2470209.71104, -4712749.03417,  3505284.00205, 20260630
SBRU, San_Bruno,          37.6864521498, -122.4108490097,  -13.20341, -2708753.21612, -4266526.17790,  3877953.23273, 20260630
SC00, SC00_PNGA_WA2001,   46.9509230232, -120.7246127322, 1178.38010, -2228844.78922, -3750131.83628,  4638903.28573, 20260630
SC01, SC01_NMTU_NM2001,   34.0679517296, -106.9665455011, 2097.37938, -1543919.02654, -5060497.72198,  3553867.75971, 20260630
SC02, SC02_PNGA_WA2001,   48.5461932177, -123.0076129330,  -15.02928, -2304501.71811, -3547589.40643,  4757288.49712, 20260630
SC03, SC03_PNGA_WA2002,   47.8165858846, -123.7057395332, 2018.51335, -2381864.69144, -3570680.50781,  4704701.86560, 20260630
SCGP, Greer_Cpw,          34.9376986618,  -82.2325829112,  278.02764,   707469.52782, -5186587.73461,  3632362.23542, 20260630
SCH2, SCHEFFERVILLE-2,    54.8320912234,  -66.8326219807,  498.48575,  1448636.42947, -3385243.84189,  5191047.34365, 20260630
SCIA, SCIA_SCGN_CS1999,   34.6074474363, -117.3883058958,  831.44474, -2417842.53439, -4666822.14562,  3602580.91790, 20260630
SCIP, SanClementeSCIGN,   32.9144309158, -118.4879462965,  452.83510, -2556588.30938, -4711013.11960,  3446241.92564, 20260630
SCOR, Scoresbysund,       70.4853374773,  -21.9503425172,  128.55004,  1982095.63065,  -798821.04227,  5989464.71538, 20260630
SDHL, SDHL_SCGN_CS2001,   34.2550106431, -116.2789011451,  835.06430, -2336821.95230, -4732586.62978,  3570332.29057, 20260630
SE01, Carbondale,         39.4003492441, -107.2121041685, 1878.84469, -1460814.51554, -4715602.38153,  4027953.00085, 20260630
SEAT, SEAT_PNGA_WA1995,   47.6539755494, -122.3094785685,   44.18730, -2300593.81104, -3637846.97673,  4691079.07773, 20260630
SEDR, SEDR_PNGA_WA1997,   48.5215562094, -122.2238505507,   29.83344, -2256869.85202, -3580542.20319,  4755507.97755, 20260630
SELD, SELD_AKDA_AK2000,   59.4457053510, -151.7066738897,   20.53587, -2862121.96348, -1540663.88444,  5469360.31167, 20260630
SENU, Sermip_Nunataa,     61.0695818340,  -47.1413198618,  667.07918,  2104290.30198, -2267763.54598,  5559681.28461, 20260630
SEPR, September_Lobe_R,   46.2003280192, -122.1910499622, 2100.50429, -2356715.63876, -3743697.69846,  4582203.61410, 20260630
SEUB, Bengalen_StEusta,   17.4886583061,  -62.9618313069,   63.42706,  2766242.10686, -5420126.59112,  1904502.10179, 20260630
SEUH, Miriam_C_Schmidt,   17.4745087391,  -62.9523111477,   48.83638,  2767350.25717, -5420073.46492,  1903004.03645, 20260630
SEUT, Ground_dove_road,   17.4714790493,  -62.9758611118,   30.91433,  2765160.21878, -5421284.91366,  1902678.81561, 20260630
SFDM, SFDM_SCGN_CS1999,   34.4598074276, -118.7545136460,  291.52032, -2532677.02968, -4615598.34241,  3588781.55189, 20260630
SG27, SG27_AKDA_AK2002,   71.3228909315, -156.6103351413,    9.37233, -1880319.47690,  -813284.23753,  6019923.84024, 20260630
SGLG, Signal_Mtn._GPS,    32.6492667299, -115.7263817373,   78.35506, -2333418.92703, -4842778.70342,  3421314.68373, 20260630
SGU1, St_George_PUtil,    37.1131923221, -113.5703007414,  894.80986, -2036612.89932, -4668217.05579,  3827958.01589, 20260630
SHIN, SHIN_BRGN_CN1996,   40.5916776599, -120.2250479809, 1377.32347, -2442114.88669, -4191757.30263,  4128991.97635, 20260630
SHKE, ShaketableCO2025,   40.1782034575, -105.0891876134, 1508.99512, -1270663.93084, -4712825.81243,  4094097.09006, 20260630
SHLD, SHLD_PNGA_NV1999,   41.8683657951, -119.0156885305, 1457.55354, -2307793.30553, -4160682.13478,  4235699.98216, 20260630
SHOS, SHOS_BRGN_CS1999,   35.9713439981, -116.2989877686,  582.39113, -2289859.99795, -4633385.70866,  3725960.91598, 20260630
SHRC, Sherwin,            37.6249378504, -118.9456312320, 2352.13707, -2448846.18149, -4427738.98939,  3873991.97868, 20260630
SHRV, Shreveport,         32.4276863723,  -93.7046395157,   36.69921,  -348187.61206, -5377546.65607,  3400576.79205, 20260630
SIBY, Sibeky_MI,          42.1701629075,  -83.2413362076,  152.47899,   557185.16236, -4701542.81138,  4259733.45637, 20260630
SIHS, Sicily_Island,      31.8433828136,  -91.6554439953,    5.72886,  -156671.76075, -5420982.31154,  3345694.21405, 20260630
SILK, SilverLake_SCIGN,   34.1028644236, -118.2638783735,  106.21140, -2503548.91826, -4656625.49697,  3555959.75263, 20260630
SKUL, Skull_Mtn,          36.7304535491, -116.2106284583, 1237.29654, -2260889.77329, -4592583.97009,  3794201.32677, 20260630
SKYB, SKYB_SCGN_CS1999,   34.4386257320, -118.4786364806,  520.22858, -2511147.57113, -4629073.72510,  3586973.17745, 20260630
SLAC, SLAC_BARD_CN2002,   37.4165198894, -122.2042705108,   63.66013, -2703116.43943, -4291766.61715,  3854248.13925, 20260630
SLHG, Sleepy_Hollow_GP,   33.1926242764, -116.2540631765,  177.63329, -2363469.75788, -4791785.88095,  3471953.00000, 20260630
SLID, SLID_BRGN_NV1997,   39.3142767125, -119.8842925555, 2902.52341, -2463119.81813, -4286215.38175,  4021210.65843, 20260630
SLMS, SLMS_SCGN_CS1999,   33.2922282085, -115.9778465892,  -45.93149, -2337607.22645, -4797512.13971,  3481069.75258, 20260630
SMAI, West_Seattle,       47.5235705255, -122.3450606860,  113.42664, -2308604.83864, -3645500.92725,  4681351.45197, 20260630
SMEL, SMEL_BRGN_UT1997,   39.4256421217, -112.8449316110, 1422.13449, -1915782.34243, -4547480.18468,  4029833.10509, 20260630
SMM4, SummitCampGNSS22,   72.5736936677,  -38.4709214351, 3264.07013,  1500819.65512, -1192562.73297,  6066278.09814, 20260630
SNFD, Sanford,            35.4735296074,  -79.1580587405,   94.06129,   978157.86797, -5107368.34316,  3680831.21352, 20260630
SNI1, SNI1_SCGN_CS1995,   33.2478788998, -119.5243736140,  239.63725, -2631347.44173, -4646277.98540,  3477113.81100, 20260630
SNOQ, SNOQ,               47.3913081760, -121.3882841815,  770.03083, -2253284.38896, -3693170.35129,  4671891.99966, 20260630
SNRS, Sunrise_Ski_Dorm,   46.9146126993, -121.6436037274, 1938.33056, -2290525.20151, -3716854.54371,  4636701.37745, 20260630
SOMT, SOMT_SCGN_CS2000,   34.3199421132, -119.0643404493,  464.22308, -2561925.34057, -4609620.28718,  3576075.00501, 20260630
SONG, San_OnofreCA2012,   33.3807517051, -117.5602673276,   -2.95629, -2466718.92330, -4726378.13859,  3489296.01133, 20260630
SPED, SanPedro,           18.4610165464,  -69.3055726134,  -22.13663,  2138652.39033, -5661444.54312,  2006842.78994, 20260630
SPIC, SPIC_BRGN_UT2003,   39.3062128914, -112.1274788017, 1670.43389, -1861931.34293, -4579082.61477,  4019737.17276, 20260630
SPK1, Fire_Camp_8SCIGN,   34.0593456636, -118.6461690455,  440.11783, -2535992.47020, -4642434.45030,  3552148.52880, 20260614
SPKN, SPKN,               47.6276622539, -117.5025824548,  694.58195, -1988859.34672, -3820142.85554,  4689588.36383, 20260630
SPMS, SPMS_SCGN_CS1998,   33.9926563782, -117.8487824374,  207.02278, -2472983.61091, -4680766.50783,  3545886.96773, 20260630
SPRG, SPRG,               47.3098542239, -117.9753359028,  600.48204, -2032497.20732, -3826544.17122,  4665631.19277, 20260630
SPT0, SP_Boras,           57.7149615015,   12.8913555241,  220.04692,  3328984.22891,   761910.58265,  5369033.93084, 20260630
SRB2, Seismic_Replacem,   37.8743845718, -122.2670491931,   54.93544, -2691243.09346, -4262551.06464,  3894481.28016, 20260630
SRMP, Sermip_Nuunataa,    72.9106792584,  -54.3937155082,  370.61101,  1094652.22234, -1528639.78086,  6074674.64983, 20260630
SROD, SantiagoRodriguz,   19.4752514560,  -71.3411616465,   98.77945,  1924568.63886, -5699372.31196,  2113052.56391, 20260630
SRS1, SRS1_SCGN_CS2000,   34.0043396037, -120.0652291812,   68.20860, -2651739.74845, -4580896.09163,  3546883.76453, 20260630
SSHO, Roosevelt,          47.6822983253, -122.3151674566,   74.08674, -2299721.28892, -3635668.13718,  4693221.83609, 20260630
SSIA, IlopangAptCR2007,   13.6970857974,  -89.1165942286,  626.63305,    95567.13396, -6197785.56001,  1500590.63383, 20260629
STAY, STAYTON_COOP,       44.8307065307, -122.8208615786,  110.86318, -2455841.02018, -3807673.89394,  4474103.70760, 20260630
STEM, STEM_G78,           61.5496440725, -149.3269481630,   43.26200, -2620219.32433, -1554106.00044,  5584817.27325, 20260630
STJO, St._Johns,          47.5952424255,  -52.6777538511,  152.83514,  2612630.70535, -3426807.06405,  4686758.06502, 20260630
STVI, St._Thomas,_US_V,   18.3400968538,  -64.9744459158,  -21.48324,  2561887.20730, -5487593.59250,  1994143.33004, 20260630
SUP3, Newberry,           46.3026642508,  -85.5128089213,  221.67831,   345351.22900, -4400681.07844,  4588713.77818, 20260630
SUTB, SUTB_BARD_CN1997,   39.2058353487, -121.8206042555,  616.52880, -2609623.53594, -4205514.26180,  4010439.67264, 20260630
SVIC, Surveyors_Ice_CP,   43.6430617906, -121.2532795245, 1751.33689, -2399139.70723, -3953149.66672,  4380686.42481, 20260630
SVIN, St_Vincents,        38.0331814222, -122.5263259713,  -27.56868, -2704640.83768, -4241134.16156,  3908328.59434, 20260630
SWNB, Southwest_of_New,   43.6727362353, -121.3554477814, 1550.35212, -2404924.71677, -3946796.95353,  4382933.58618, 20260630
SYNG, Santa_Ynez_FS3,     34.6072330346, -120.0695627221,  167.84425, -2633241.11096, -4548146.16511,  3602184.44900, 20260630
TABL, Table_MountSCIGN,   34.3818503638, -117.6782881355, 2228.03530, -2448550.54955, -4668098.74823,  3582741.16446, 20260630
TACO, TACO,               47.2288660735, -122.4715098125,   81.08438, -2329576.62062, -3660718.47142,  4659139.69107, 20260630
TALH, Tallahassee,        30.3965293625,  -84.3558512754,   -7.29668,   541527.40358, -5479445.75508,  3208362.06244, 20260630
TALL, Tallulah,           32.4003380116,  -91.1830135700,    6.07430,  -111290.42264, -5389258.00806,  3398000.11148, 20260630
TBLP, TBLP_SCGN_CN2001,   35.9174117038, -120.3603414928,  937.53954, -2614188.57935, -4462851.19853,  3721324.06259, 20260630
TDLS, THE_DALLES,         45.6077096404, -121.1295094637,   26.50012, -2310667.90097, -3825981.29930,  4534870.78686, 20260630
TECO, APASCO_CementFa,    18.9845531194, -103.8610213180,  213.22627, -1445442.10343, -5857847.05900,  2061802.06235, 20260630
TEG2, Tegucigalpa,        14.0900745381,  -87.2056434444,  951.37589,   301692.90896, -6181037.63473,  1542881.33260, 20260630
TFNO, Tofino,             49.1541418448, -125.9078400738,   -3.84131, -2451194.69055, -3385217.33817,  4801784.78867, 20260630
TGUA, Guacamole,          46.2191956811, -122.1923349647, 1618.30065, -2355815.00574, -3742080.86902,  4583307.27993, 20260630
THAR, MSH_HarryRWA2006,   46.2752502368, -122.1740374613, 1430.60253, -2352153.56180, -3738912.68065,  4587481.63465, 20260630
THCP, THCP_SCGN_CS2000,   35.1581828803, -118.4145762593, 1652.39565, -2484731.67543, -4592622.10103,  3653179.90943, 20260630
THM2, ThurstonM2CA2021,   33.5495456373, -117.7668202293,  188.30364, -2479006.37696, -4708461.11442,  3505019.49327, 20260630
THMG, Thermal_Canyon,     33.6506398865, -116.0772540247,   33.62302, -2336318.96709, -4773816.37916,  3514273.49790, 20260630
THU2, Thule,              76.5370485217,  -68.8250552954,   36.24753,   538093.07145, -1389088.15153,  6180979.39273, 20260630
TIBB, Tiburon_Peninsul,   37.8908775115, -122.4476094183,  -21.10662, -2704027.27852, -4253049.56217,  3895879.44586, 20260630
TILC, Tilla,              37.6188870930, -118.8628585144, 2165.28361, -2442573.58881, -4431501.65533,  3873345.80457, 20260630
TIVA, Tiva_Canyon,        36.9348476471, -116.2297093179, 2034.16398, -2256689.63638, -4580202.22742,  3812838.56384, 20260630
TJRN, TJRN_SCGN_CS2000,   34.4834776110, -120.1325712321,  157.16101, -2642144.83440, -4551973.03432,  3590870.27087, 20260630
TMAP, ThermalAirpSCIGN,   33.6412458966, -116.1604657686,  -66.93816, -2343467.21834, -4770861.28664,  3513350.38879, 20260630
TN13, TDOT_District_13,   35.9436274697,  -83.2073466593,  359.18650,   611485.96432, -5133674.06718,  3723340.29686, 20260630
TN16, TDOT_District_16,   35.9027303453,  -84.6012212703,  216.59764,   486666.49295, -5149565.28047,  3719581.70631, 20260630
TN24, TDOT_District_24,   36.1343675899,  -85.4994031925,  308.31863,   404703.99540, -5141567.11566,  3740425.20556, 20260630
TN35, TDOT_District_35,   36.1039385405,  -87.6226552933,  230.16971,   214014.83486, -5154956.70495,  3737651.55636, 20260630
TN37, Tdot_Columbia,      35.6038285622,  -87.0938145161,  192.67299,   263231.73501, -5185192.43576,  3692652.57322, 20260630
TN44, TDOT_District_44,   35.6404239698,  -88.9190736674,   91.11917,    97896.39801, -5188498.79149,  3695894.04586, 20260630
TNAL, TNAL_TNET_MX2013,   19.1187155110,  -98.6552389819, 3987.25033,  -907786.56344, -5963567.00191,  2077075.96454, 20260622
TNAM, TNAM_TNET_MX2014,   20.5356382151, -103.9668233223, 1222.70210, -1442473.55719, -5799750.10233,  2223753.15351, 20260630
TNAT, TNAT_TNET_MX2014,   18.1301785917,  -98.0411308034, 1301.00776,  -848350.95147, -6005048.50253,  1972487.36869, 20260630
TNCC, TNCC_TNET_MX2015,   18.7910798608, -103.1729575854, 1074.23056, -1376758.50470, -5882326.60815,  2041816.18408, 20260630
TNCM, TNCM_TNET_MX2014,   19.4981382867, -105.0448280209,   83.08631, -1561260.67644, -5808522.08206,  2115435.76544, 20260630
TNCN, TNCN_TNET_MX2016,   18.5537533706, -101.9708201892,  331.68033, -1254644.62858, -5917456.04377,  2016689.16693, 20260630
TNCU, CuauhtemocTN2014,   28.4505540707, -106.7940506778, 2106.94680, -1622054.23373, -5374519.64520,  3021503.56411, 20260630
TNCY, tncy_TNET_MX2015,   16.0585354093,  -97.7591483190,   26.99788,  -827721.57022, -6074723.93069,  1752961.10199, 20260630
TNHM, hermosilloTN2014,   29.0813111081, -110.9703057690,  174.26586, -1996497.64341, -5209121.82228,  3081865.07650, 20260630
TNIF, TNIF_TNET_MX2015,   18.2715049491, -101.8956091099,  282.21341, -1248900.24710, -5928708.14809,  1987030.75435, 20260630
TNLC, TNLC_TNET_MX2015,   19.5061115393, -104.5492303522,  267.84628, -1510930.00622, -5821692.58977,  2116329.45635, 20260630
TNMQ, tnmq_TNET_MX2015,   16.7102816771,  -98.6116305146,  407.21944,  -915018.32192, -6041981.33009,  1822265.44605, 20260630
TNMS, TNMS_TNET_MX2014,   20.5347692992, -104.7966985375, 1221.87954, -1526331.63782, -5778281.50606,  2223662.76178, 20260630
TNMT, TNMT_TNET_MX2017,   19.5857187306, -104.2741195384, 1933.58317, -1482619.29430, -5827543.82865,  2125192.77312, 20260630
TNNX, TNNX_TNET_MX2014,   17.4075712647,  -97.2238995848, 2123.07012,  -765783.66731, -6041533.96262,  1896556.86735, 20260630
TNPP, TNPP_TNET_MX2015,   31.3355177582, -113.6316383663,   27.63539, -2185766.92062, -4995501.92035,  3297737.92657, 20260630
TNSJ, tnsj_TNET_MX2015,   16.1724193029,  -96.4895371901, 2741.81366,  -692819.54418, -6090687.47347,  1765824.46354, 20260630
TNTM, TNTM_TNET_MX2017,   19.2391486518, -104.7899180908,   12.71544, -1537813.32558, -5824539.51621,  2088365.55269, 20260630
TOIY, TOIY_BRGN_NV2003,   39.5421712917, -117.0494113552, 2299.04839, -2240595.93536, -4388057.89787,  4040378.91598, 20260630
TONO, TONO_BRGN_NV1999,   38.0971923513, -117.1840442569, 2066.00744, -2296771.63902, -4472097.14542,  3915214.18911, 20260630
TORP, TorranceAirSCIGN,   33.7978011431, -118.3306113104,   -5.22983, -2517895.08460, -4670259.37011,  3527827.89979, 20260630
TOST, TOST_SCGN_CS1999,   34.2479588225, -118.8366723620,  274.35734, -2545682.41906, -4623566.75509,  3569370.07594, 20260630
TOWG, Tower_2_GPS,        35.8085641166, -117.7649042523,  657.12061, -2412604.28910, -4582713.11471,  3711370.82980, 20260630
TPOG, Tropico_Hills_GP,   34.8788598000, -118.2285777856,  772.22854, -2477881.19877, -4615699.40810,  3627291.59024, 20260630
TRAK, BommerCanyoSCIGN,   33.6179380566, -117.8034425750,  115.51875, -2480029.87410, -4703110.23246,  3511298.89560, 20260630
TRCP, TamaranchoCS2010,   37.9974257282, -122.6158632976,  217.60947, -2712686.83920, -4239123.91862,  3905352.76814, 20260630
TRND, TRND_PNGA_CN1999,   41.0538866784, -124.1508688891,   78.15347, -2703982.10781, -3986137.10980,  4166989.13192, 20260630
TRNT, Trants______2004,   16.7642856495,  -62.1632939779,  -23.32299,  2852496.81094, -5401850.48854,  1827864.86695, 20260630
TSFX, tsfxREGNOMmx2016,   30.9339285945, -114.8106420719,   -7.11549, -2297739.73901, -4970339.66856,  3259608.70829, 20260630
TSTU, Studebaker,         46.2368655773, -122.2240684140, 1248.59681, -2356994.38653, -3739359.06355,  4584399.37536, 20260630
TSWY, TSWY_EBRY_WY2001,   43.6740882845, -110.5974801797, 2190.71934, -1626071.57803, -4326671.07832,  4383484.47438, 20260630
TTSF, SanFernanTTO2015,   10.2767062844,  -61.4655032373,   -3.14528,  2998198.97121, -5514075.86918,  1130376.18000, 20260630
TTUW, UWI_CN45_TTO2014,   10.6395390596,  -61.3990838110,   -7.52300,  3001099.72206, -5504196.84857,  1169841.83626, 20260630
TUMW, TUMW,               46.9842996386, -122.9121633573,   46.01583, -2368471.86893, -3659396.45362,  4640607.88550, 20260630
TUNG, TUNG_BRGN_NV1996,   40.4031996180, -118.2575088776, 1414.75620, -2303208.04659, -4285131.61632,  4113097.35655, 20260630
TWHL, TWHL_PNGA_WA2001,   47.0159042120, -122.9228777814,  107.27202, -2367782.21739, -3656831.57506,  4643048.91582, 20260630
TWIW, Windy_West,         46.2129144467, -122.1587348728, 1630.53496, -2353892.99474, -3743895.75570,  4582832.88034, 20260630
TWMS, Townsend_MSSCIGN,   33.9724568156, -117.7255280122,  208.05621, -2463491.70893, -4687184.90199,  3544029.58056, 20260630
TWRI, West_Ridge,         46.1979009363, -122.2119302381, 2070.85853, -2358172.68608, -3742986.03132,  4581995.42473, 20260630
TXAB, Abilene,            32.5032572152,  -99.7568233682,  488.59227,  -912526.52542, -5306804.93153,  3407890.34927, 20260630
TXAM, Amarillo_RRP2,      35.1535615621, -101.8784681052, 1098.11590, -1074782.05481, -5109722.48701,  3652441.48121, 20260630
TXBA, BOTA_EL_PASO,       31.7655936776, -106.4464404132, 1113.08327, -1536977.09219, -5206615.51037,  3338946.75634, 20260630
TXC1, CenterTX2011,       31.8136909112,  -94.1602640542,   69.43755,  -393567.49730, -5410741.47054,  3342930.51524, 20260630
TXCH, Childress,          34.4596009186, -100.2782830365,  563.98077,  -939438.24800, -5180555.83944,  3588916.82760, 20260630
TXDR, Del_Rio,            29.3644095797, -100.8995121633,  280.15087, -1051964.86898, -5463026.61177,  3109302.57929, 20260630
TXEL, El_Paso_RRP2,       31.6915141570, -106.2715703485, 1122.01338, -1522291.75853, -5215436.94128,  3331963.73654, 20260630
TXHE, Hempstead,          30.0990247182,  -96.0634959141,   47.42330,  -583376.43985, -5491903.23478,  3179899.31682, 20260630
TXJA, Jacksboro,          33.1948202303,  -98.1456277354,  326.04424,  -757040.28178, -5289044.66698,  3472238.06629, 20260630
TXKM, Kermit,             31.8426031590, -103.1086956258,  848.02281, -1230160.02002, -5282665.79201,  3346065.15772, 20260630
TXKR, Kerrville,          30.0649366678,  -99.1214924293,  505.41376,  -875884.15331, -5455223.27072,  3176858.91501, 20260630
TXLF, Lufkin,             31.3563504281,  -94.7183199463,   77.44309,  -448433.46753, -5433128.48447,  3299736.54605, 20260630
TXLL, Llano,              30.7335356180,  -98.6785968241,  306.33289,  -828003.94185, -5424581.77886,  3240692.20903, 20260630
TXLR, Laredo_RRP2,        27.5138683242,  -99.4479308171,  113.63088,  -929245.21014, -5584120.28689,  2928885.82845, 20260630
TXLU, Lubbock_RRP2,       33.5354184831, -101.8428360318,  956.04328, -1092365.57841, -5209399.52161,  3504137.61898, 20260630
TXPR, Pharr_RRP2,         26.2084833741,  -98.1892593932,   15.11760,  -815655.47532, -5667782.85059,  2799810.30956, 20260630
TXSA, San_Angelo_RRP,     31.4143243989, -100.4728891641,  566.05322,  -990406.60187, -5357903.27209,  3305478.70783, 20260630
TXSN, Sanderson,          30.1525770674, -102.4094906814,  850.86446, -1186342.90234, -5391538.51506,  3185437.57661, 20260630
TXSO, Stanton,            32.1411711163, -101.8076127140,  801.49472, -1106295.72727, -5292026.25154,  3374123.10724, 20260630
TXST, Stephenville,       32.2325920530,  -98.1821962729,  376.56812,  -768630.01201, -5345688.73747,  3382477.21917, 20260630
TXTI, Tilden,             28.4680303851,  -98.5643024975,   57.87735,  -835620.80380, -5548664.27815,  3022230.19192, 20260630
TXTY, Tyler,              32.2496154757,  -95.3936137071,  120.11469,  -507533.09892, -5375534.45404,  3383937.14284, 20260630
TXUV, Uvalde,             29.2005180372,  -99.8271078506,  262.51246,  -951049.10864, -5490498.20536,  3093448.71511, 20260630
TXVA, Victoria,           28.8349316888,  -96.9096012573,    9.77734,  -672698.59477, -5551082.04447,  3057891.77700, 20260630
TXWA, Waco,               31.5777155507,  -97.1105143901,  101.67630,  -673235.52894, -5396982.74222,  3320684.40939, 20260630
TXWF, Wichita_Falls_RR,   33.8539241545,  -98.5055576294,  280.16251,  -784273.17497, -5244214.59473,  3533158.29700, 20260630
TXWT, El_Paso_W_Areaof,   31.8701145034, -106.4426847045, 1193.31465, -1534925.22371, -5200920.16036,  3348838.89596, 20260630
UCLP, UCLA_CampusSCIGN,   34.0691237239, -118.4419175548,  111.52732, -2519007.76030, -4650671.82706,  3552863.02484, 20260630
UCLU, Ucluelet,           48.9256365547, -125.5416416298,   10.10083, -2440669.20075, -3416437.13218,  4785136.78001, 20260630
UCSB, UCSantaBarbSCIGN,   34.4133094543, -119.8438225449,   -9.61179, -2621293.87481, -4568930.42498,  3584357.06631, 20260630
UCSF, UC_San_Francisco,   37.7629702135, -122.4581571780,  154.59122, -2709557.41435, -4260015.36969,  3884773.46728, 20260630
UFDA, UFDA,               47.7550079196, -122.6674184446,   76.59088, -2318802.05706, -3616427.33190,  4698662.57704, 20260630
UNBJ, Fredericton,_Can,   45.9502106867,  -66.6417091851,   22.74939,  1761287.76011, -4078238.52587,  4561417.83705, 20260630
UNIV, Jackson,            42.2856201671,  -84.3859243711,  264.49320,   462323.19007, -4703239.11723,  4269305.47122, 20260630
UNPM, Puerto_Morelos,     20.8685027654,  -86.8681759409,   -0.48041,   325739.05189, -5953361.79628,  2257796.99601, 20260630
UPSA, UPSA_BRGN_NV1997,   39.6271107779, -118.8022840356, 1233.26875, -2370480.38458, -4311480.68056,  4046969.77295, 20260630
UPTC, Universy_Piketon,   41.6288149097,  -79.6640707144,  342.00668,   856680.13824, -4697260.62540,  4215103.95284, 20260630
USC2, USC_2,              34.0195164258, -118.2773318015,   55.91372, -2507075.60062, -4660561.01716,  3548272.35026, 20260630
USGC, USGC_SCGN_CS1998,   33.0300655322, -116.0853412357,  133.43449, -2353663.23332, -4807537.28000,  3456827.36798, 20260630
USLO, USLO_SCGN_CS2000,   35.3118077928, -120.6611012475,  134.63571, -2657201.71224, -4482166.71948,  3666227.55067, 20260630
USMX, USMX_TNET_MX2004,   29.8216527794, -109.6810518791,  625.46376, -1865330.64416, -5215100.14521,  3153548.13734, 20260630
USN7, U.S._Naval_Obs7,    38.9205665414,  -77.0662785882,   58.91544,  1112161.96156, -4842854.67027,  3985497.09781, 20260630
UTON, uton_TNET_MX2001,   19.0334468987,  -98.3162418481, 2157.31399,  -872682.98877, -5970176.16268,  2067553.26017, 20260630
UVFM, Univ_VA_Fan_Mtn,    37.8787488316,  -78.6936879804,  512.94637,   988330.40367, -4943276.26950,  3895144.85848, 20260630
VAGP, VA_Gloucester_Pt,   37.2486221557,  -76.4993767137,  -21.18840,  1186731.99613, -4942857.63118,  3839380.25373, 20260630
VALD, Val_D'Or,_Canada,   48.0970577327,  -77.5641712832,  312.95576,   919075.45967, -4167766.39756,  4724323.69846, 20260630
VCAP, Vermont_Capital,    44.2619844998,  -72.5823837223,  159.41755,  1369549.90786, -4365534.90450,  4429096.80828, 20260630
VCST, VentucopaStSCIGN,   34.8515050656, -119.4838668942,  809.58350, -2579272.47285, -4561845.27829,  3624822.67913, 20260630
VCVL, Vacaville_CA2012,   38.3945299860, -121.9469451354,    0.34276, -2648499.33681, -4247231.29594,  3939860.36729, 20260630
VCWA, VCWA,               45.6176261393, -122.5160743448,   77.00680, -2402167.10334, -3768313.65367,  4535677.85123, 20260630
VDCY, VDCY_SCGN_CS2000,   34.1785676199, -118.2200073529,  318.16362, -2497837.00881, -4654542.85942,  3563029.12066, 20260630
VERA, VeraCruz_CRI2009,   10.8536190378,  -84.8690400661,   64.30245,   560281.01838, -6239744.21356,  1193120.01480, 20260630
VIKH, Kingshill___2011,   17.7161849001,  -64.7981234868,   -6.39760,  2587868.79844, -5499033.64504,  1928483.72737, 20260630
VIMT, VIMT_SCGN_CS2000,   34.1264504140, -118.5144210178,  553.69636, -2523363.73016, -4644669.63931,  3558376.88585, 20260630
VIS0, Visby_Sweden,       57.6538726694,   18.3673240669,   79.89087,  3246469.91556,  1077900.83740,  5365278.31928, 20260630
VITH, St._Thomas__2011,   18.3433334106,  -64.9692119440,    4.42383,  2562351.19604, -5487279.67918,  1994491.51859, 20260630
VNCO, VNCO_SCGN_CS2000,   34.2757680649, -119.2376773872,   25.62785, -2577030.81996, -4603941.95745,  3571779.61128, 20260630
VNCX, VNCX_SCGN_CS1998,   34.2931953309, -118.4845473128,  328.58571, -2515892.98405, -4636680.14755,  3573547.59083, 20260630
VNDP, VNDP_SCGN_CS1992,   34.5563154225, -120.6164593345,  -11.52826, -2678090.78052, -4525436.65532,  3597432.12673, 20260630
VNPS, VincentPumpSCIGN,   34.5014827637, -118.1211644169,  961.89254, -2480529.10077, -4641490.90688,  3592972.33841, 20260630
VRAI, Veragua__CRI2012,    9.9248492290,  -83.1906378781,  438.29877,   745039.59023, -6239418.01309,  1092137.18847, 20260630
VRNT, VRNT,               46.6368565536, -119.7320351651,  115.83700, -2175808.79310, -3809647.98420,  4614223.57300, 20260630
VTD9, DERBY,              44.9509825969,  -72.1602084847,  283.33222,  1385234.20268, -4304226.89141,  4483695.06561, 20260630
VTIS, MarineExchaSCIGN,   33.7126430578, -118.2938308443,   59.47657, -2517409.75070, -4676543.49147,  3520010.60125, 20260630
VTOR, Vista_TwinCA2012,   33.2250171113, -117.1931920638,  379.89864, -2440868.49761, -4750804.84874,  3475069.79290, 20260630
VTOX, Bradford,           44.0078343366,  -72.1143430991,  125.26936,  1411197.25164, -4372893.26509,  4408804.78176, 20260630
VTRU, RUTLAND,            43.6071323412,  -72.9794251293,  160.30186,  1354043.53261, -4423195.28669,  4376698.63402, 20260630
VTSP, SPRINGFIELD_VT,     43.2814661877,  -72.4775732997,  155.29017,  1400223.79406, -4434888.85045,  4350424.90236, 20260630
WAAK, WAAK_G78,           61.5678968493, -149.5538570735,  110.29679, -2624839.07435, -1542826.81833,  5585844.96417, 20260630
WALA, WALA,               46.0915085856, -118.2581456560,  368.76361, -2097954.37138, -3903151.96741,  4572573.00546, 20260630
WASG, Alta_Sierra_GPS,    35.7383889881, -118.5569836368, 1834.91866, -2478358.05743, -4553761.56176,  3705740.84371, 20260629
WATC, Waterson,           37.6643313365, -118.6538905441, 2363.78594, -2424992.65020, -4437814.50501,  3877462.40489, 20260630
WCHS, WestCovinaHSCIGN,   34.0618998944, -117.9111177912,  100.07200, -2476021.17184, -4674196.76876,  3552192.80801, 20260623
WDBN, Woddburn_Coop,      45.1708631596, -122.8700550966,   39.72544, -2444574.25957, -3783070.34940,  4500783.51831, 20260630
WES2, WESTFORD,           42.6133367052,  -71.4933309943,   85.01573,  1492232.90742, -4458089.51983,  4296046.12377, 20260630
WGPP, WGPP_SCGN_CS1999,   35.0108493956, -118.9836940232,  351.97022, -2534264.35143, -4575004.04391,  3639054.74388, 20260630
WHC1, WhittierColSCIGN,   33.9798874917, -118.0311767794,   94.19175, -2488199.84037, -4673486.64420,  3544649.46909, 20260630
WHFG, Hanning_Flat_GPS,   35.6950533307, -118.3519593606,  861.87564, -2463005.37273, -4564376.33255,  3701268.08963, 20260630
WHIT, WHITEHORSE,         60.7505093000, -135.2221167288, 1427.43646, -2218338.31496, -2201205.12543,  5543057.44048, 20260630
WIDC, Wide_CanyonSCIGN,   33.9347580006, -116.3917864533,  445.03743, -2354850.58653, -4745523.75081,  3540693.15669, 20260630
WIF3, Wife_Reset_3,       44.0596301622, -121.8175784724, 1947.40780, -2421120.99397, -3902194.71984,  4414209.56899, 20260630
WIKR, Wicker84K_AK2008,   63.5527246288, -150.9222156331, 1188.76970, -2489773.75994, -1384526.12638,  5688747.62900, 20260630
WIL1, Wilkes_Barre,       41.3052630793,  -76.0153134090,  384.37598,  1159634.76248, -4656342.33850,  4188203.37635, 20260630
WILL, Williams_Lake,      52.2368656325, -122.1678165128, 1095.71055, -2084258.52147, -3313873.00705,  5019852.92188, 20260630
WIN2, WIN2_BARD_CN2008,   37.6526531305, -122.1406350763,  -27.65174, -2689815.21550, -4281184.95226,  3874975.02906, 20260630
WINT, WINT_BARD_CN1991,   37.6526456488, -122.1405750174,  -28.80722, -2689810.51103, -4281187.42669,  3874973.66577, 20260630
WISN, SIREN,              45.8219688374,  -92.3685239396,  274.95985,  -184016.72272, -4448920.67056,  4551676.68182, 20260630
WKPK, WKPK_SCGN_CS1999,   34.5685005650, -118.7415245441, 1208.91518, -2528708.51621, -4610844.27036,  3599237.75445, 20260630
WLHG, Little_Horse_2_G,   36.1521108334, -118.3131149341, 2646.24440, -2446479.69782, -4541115.39533,  3743394.40804, 20260628
WLSN, Mt_Wilson__SCIGN,   34.2261231007, -118.0559196492, 1705.26919, -2483641.47234, -4660072.43458,  3568172.37656, 20260630
WLWY, WLWY_EBRY_WY1999,   44.6395166370, -110.2866587385, 2642.97355, -1576769.11033, -4265613.01342,  4460789.93823, 20260630
WMAP, WhitemanAirSCIGN,   34.2594266152, -118.4142985768,  268.08401, -2511186.29837, -4641572.91516,  3570418.03821, 20260630
WMOK, WichitaMtnOK2005,   34.7378930073,  -98.7805277121,  467.38820,  -801020.75580, -5185936.38452,  3614276.13832, 20260630
WNRA, WhitterNarrSCIGN,   34.0432334741, -118.0592402930,   38.49858, -2488618.11209, -4668758.20767,  3550442.81727, 20260630
WOMT, WOMT_SCGN_CS1999,   34.6690143751, -116.9316699777, 1353.02672, -2379008.27961, -4682864.42339,  3608497.66765, 20260630
WORG, Onyx_Ranch_GPS,     35.6955680278, -118.2423911240,  798.36004, -2454232.11798, -4569003.25408,  3701277.41462, 20260630
WRHS, WestchesterSCIGN,   33.9581549259, -118.4276146024,    7.86778, -2521083.67694, -4657280.25151,  3542602.00030, 20260630
WSKY, Whiskeytown_Dam,    40.6033995034, -122.5564172352,  469.22320, -2609782.37787, -4087650.04913,  4129389.53477, 20260630
WVBU, Burlington_WV,      39.3380149273,  -78.9135054306,  198.76179,   949873.40719, -4847593.23472,  4021536.35078, 20260630
WVCV, Canaan_Valley_WV,   39.0153072192,  -79.4569550233,  967.94291,   908102.60119, -4879222.88565,  3994246.86257, 20260630
WVHU, Huntington_WV,      38.4229574191,  -82.4247086129,  186.41375,   659610.57453, -4959866.27358,  3942448.70004, 20260630
WVNR, Elkins,             38.8957045762,  -79.8584167956,  581.48581,   875309.87149, -4893388.59866,  3983677.48221, 20260630
WVOH, Oak_Hill,           37.9982644884,  -81.1321714613,  596.18959,   775867.99181, -4972855.95562,  3905659.20429, 20260630
WVRA, Marshall_Univ-Ra,   38.9413593246,  -81.7513542506,  147.98169,   712688.66987, -4916146.44764,  3987348.72473, 20260630
WWFG, Wister_Waterfowl,   33.2788348017, -115.5787820295,  -93.57251, -2304470.95154, -4814376.46098,  3479801.85871, 20260622
WWMT, WhitewaterMSCIGN,   33.9553142260, -116.6538614907,  796.63283, -2376091.87051, -4733825.54122,  3542781.20310, 20260630
WYLC, Laramie_County,     41.1045312777, -104.7753748960, 1823.87846, -1227802.45492, -4655145.93467,  4172376.53611, 20260630
WYRF, Casper_2,           42.8306616201, -106.3273770909, 1633.57563, -1317342.07056, -4496980.94972,  4314835.16540, 20260630
WYSH, Sheridan,           44.8004962405, -107.0099383507, 1220.60844, -1326396.61890, -4335757.88004,  4472504.10061, 20260630
XCTY, Cross_City,         29.6310097182,  -83.1081567477,  -15.30029,   665804.70431, -5508488.67403,  3134878.10612, 20260630
YACH, YachatsCR_OR2021,   44.2929552816, -124.0804367065,  418.30536, -2562567.10416, -3787680.93658,  4431741.58886, 20260630
YAKI, YAKI,               46.6049626833, -120.5050675918,  323.71805, -2228389.42266, -3782289.52832,  4611939.50011, 20260630
YBH2, Yreka_Blue_Horn,    41.7316545115, -122.7107395124, 1065.78625, -2576448.20905, -4011576.34951,  4224116.98105, 20260630
YELL, Yellowknife,        62.4808917020, -114.4807087521,  181.04477, -1224453.11765, -2689216.23904,  5633638.29368, 20260630
YFB1, Iqaluit_WAAS,       63.7314913595,  -68.5431887044,    9.63558,  1035381.11064, -2634289.49673,  5696539.23020, 20260630
YOCR, Yocum_Ridge,        45.3791016043, -121.7435539806, 1884.27402, -2361757.72692, -3817517.70922,  4518382.36908, 20260630
YORK, YORK,               39.9870306106,  -76.7401567634,   98.35520,  1122458.22335, -4763241.56700,  4076945.52966, 20260630
YQX1, Gander_WAAS,        48.9664913683,  -54.5976348333,  146.45469,  2430424.24721, -3419640.18575,  4788223.61190, 20260630
YUHG, Yuha_Desert_GPS,    32.6475675165, -115.9222388644,  152.56732, -2350031.34018, -4834921.61113,  3421196.05139, 20260630
YUMX, yumxREGNOMmx2010,   32.0276840043, -115.1992054808,  -28.42106, -2304422.80109, -4897324.00276,  3363019.30444, 20260630
YWG1, Winnipeg_Waas,      49.9005733437,  -97.2594012059,  221.66343,  -520164.60662, -4083475.71245,  4855842.63412, 20260630
YYR1, Goose_Bay_WAAS,     53.3086483089,  -60.4194715773,   37.46871,  1885341.06964, -3321428.17826,  5091171.43276, 20260630
ZAB1, Albuquerque_WAAS,   35.1735746546, -106.5673517676, 1619.67436, -1488636.92500, -5003946.17965,  3654557.38119, 20260630
ZAU1, Aurora_WAAS_1,      41.7826580588,  -88.3313391889,  195.40788,   138703.89762, -4761243.78926,  4227763.61220, 20260630
ZBW1, Boston_WAAS_1,      42.7357211218,  -71.4804283398,   38.67239,  1490298.90971, -4448982.88296,  4306010.24687, 20260630
ZDC1, DC_WAAS_1,          39.1015962681,  -77.5427488215,   79.60244,  1069125.48669, -4839598.65503,  4001126.24827, 20260630
ZDV1, Denver_WAAS_1,      40.1873025806, -105.1272266682, 1540.90578, -1273628.72536, -4711375.23897,  4094889.76213, 20260630
ZKC1, Kansas_Cty_WAAS,    38.8801591443,  -94.7908360122,  305.44634,  -415247.67754, -4954556.04138,  3982160.80960, 20260630
ZLA1, LA_WAAS_1,          34.6035192938, -118.0838993736,  763.07156, -2474410.05962, -4637294.10177,  3602183.37431, 20260630
ZLC1, Salt_Lake_WAAS_1,   40.7860423283, -111.9521800524, 1286.98486, -1808273.30908, -4486410.49443,  4145302.64580, 20260630
ZME1, Memphis_WAAS_1,     35.0673940419,  -89.9553719402,   68.15435,     4070.71378, -5226188.93443,  3644028.15885, 20260630
ZMP1, Minneapolis_WAAS,   44.6374629532,  -93.1520881224,  262.19479,  -249978.57390, -4539297.18611,  4458954.70436, 20260630
ZNY1, New_York_WAAS_1,    40.7843294196,  -73.0971679912,    5.98846,  1406144.32978, -4627343.64831,  4144321.82619, 20260630
ZOA1, Oakland_1,          37.5430552195, -122.0159524343,   -3.96354, -2684436.97754, -4293336.80007,  3865351.69944, 20260630
ZSE1, Seattle_WAAS_1,     47.2869923448, -122.1883744276,   81.63643, -2308930.24546, -3668169.40924,  4663526.06813, 20260630
ZTL4, Atlanta_WAAS_4,     33.3796887622,  -84.2967278286,  260.68944,   529840.19667, -5305248.44634,  3489342.62068, 20260630
