site,latitude,longitude,height,source
1LSU,30.407424599,-91.1802641795,-6.61861,gage
1NSU,31.7508004354,-93.0976060235,28.01886,gage
1ULM,32.5290337232,-92.0759089686,15.93655,gage
7ODM,34.1164088465,-117.093199285,762.07883,gage
AB01,52.20950466,-174.204754769999,25.6,rtdb
AB02,52.9706018583,-168.8546722426,192.81689,gage
AB04,63.6568606362,-170.5674434061,136.54732,gage
AB06,54.885318623,-163.4234559012,500.44846,gage
AB07,55.3492704544,-160.4767572722,89.50002,gage
AB08,60.3848279521,-166.2008569138,26.50294,gage
AB09,65.6149774997,-168.0621257157,162.08038,gage
AB11,64.5644921431,-165.3734593368,349.44392,gage
AB12,58.950797,-161.746239,586.43,rtdb
AB13,56.307328,-158.503773,487.24,rtdb
AB14,59.1081620001,-159.0915334018,657.65353,gage
AB15,61.0397486539,-159.8783626092,560.32895,gage
AB17,63.8863554774,-160.6947325158,117.43249,gage
AB18,66.8583592989,-162.6135093991,37.09991,gage
AB21,51.8641478657,-176.6626506168,59.41162,gage
AB22,59.8993157907,-154.6982603651,199.86743,gage
AB25,62.9293064388,-156.023392828,961.05152,gage
AB27,67.055889,-156.904859,507.587,rtdb
AB28,62.0938110131,-152.8149204243,1582.76918,gage
AB33,67.2510088335,-150.1725471975,334.77316,gage
AB35,60.079065,-142.389846,536.433,rtdb
AB36,65.0304,-150.743955,816.039,rtdb
AB37,62.9673211693,-145.4518865048,1136.68777,gage
AB39,66.55934629,-145.212631,147.6926,rtdb
AB41,64.7773227706,-141.1580706926,285.91168,gage
AB42,59.340375,-138.898811,773.2304,rtdb
AB43,58.1988411228,-136.6408139713,27.2795,gage
AB44,59.5280371251,-135.2283016293,304.50929,gage
AB45,68.7604912971,-148.8711551588,507.02222,gage
AB46,68.120668396,-145.5679052231,647.87074,gage
AB48,56.2450593214,-134.6470020048,5.33782,gage
AB49,55.5800996281,-133.0684898939,17.52743,gage
AB50,58.4167730778,-134.5453053918,51.89293,gage
AB51,56.7976205732,-132.913565866,76.09761,gage
AB53,56.58475572,-132.867247,1016.1312,rtdb
ABVI,18.72968371,-64.33248523,-35.5512,rtdb
AC02,56.9505853943,-154.1830511906,126.88489,gage
AC03,59.770633695,-151.8645354576,19.779,gage
AC06,59.7636347486,-150.8905623145,631.59218,gage
AC07,65.9612892533,-161.2866174045,176.31814,gage
AC08,58.9287714568,-153.6447026192,644.29854,gage
AC09,59.8684792101,-144.5238561705,368.93532,gage
AC10,54.5225781556,-164.8867311267,170.53453,gage
AC11,61.8070776342,-148.3317554811,790.95663,gage
AC12,54.83097,-159.58954,83.837,rtdb
AC13,55.8218944593,-155.6224010602,222.72046,gage
AC14,60.8487034523,-147.9995889397,748.75964,gage
AC15,60.4813321249,-149.724012969,151.58766,gage
AC16,60.518204,-148.093209,33.679,rtdb
AC17,60.6638980619,-152.4038481644,882.74991,gage
AC18,58.9259545125,-152.2495338362,214.8381,gage
AC19,62.5192097934,-153.6073353086,546.54981,gage
AC20,60.9292065677,-149.3525100373,43.79347,gage
AC21,55.9210822272,-159.1277197263,170.85407,gage
AC23,60.4750897107,-150.8779576761,80.92239,gage
AC24,58.6815686551,-156.6527576718,36.38028,gage
AC25,55.0889642106,-162.3140535779,584.27503,gage
AC26,58.214552355,-154.1502949046,190.2051,gage
AC27,59.2525025342,-154.1628830535,417.547,gage
AC28,55.07849,-160.04914,364.517,rtdb
AC29,59.429589189,-146.3399819142,56.62051,gage
AC30,59.855818,-147.739208,750.355,rtdb
AC31,64.6379721003,-162.2391273632,228.33557,gage
AC32,61.4731175026,-150.736920542,1347.78333,gage
AC33,62.6711744866,-150.6850791511,1521.16485,gage
AC34,57.2200263616,-153.2791845029,103.28899,gage
AC35,59.375811,-150.793245,408.4149,rtdb
AC36,60.9553143716,-150.6083518255,46.53943,gage
AC37,60.439689,-153.865359,1626.065,rtdb
AC38,57.7536830343,-153.341877298,43.92617,gage
AC39,58.6097159439,-152.394076212,157.2961,gage
AC40,56.9303469437,-158.6185721014,39.92547,gage
AC41,55.908671,-160.407284,407.149,rtdb
AC42,54.4717728422,-162.7836535458,257.92348,gage
AC43,59.521279,-149.628711,69.109,rtdb
AC44,61.2421714221,-149.5671308249,832.19533,gage
AC45,56.5644545649,-154.1809683303,451.01075,gage
AC46,61.9862650924,-151.5240051643,619.82463,gage
AC47,60.081452,-152.62392,921.762,rtdb
AC48,60.6458650216,-147.3430255199,379.50876,gage
AC50,65.5538453216,-164.5665704599,516.83912,gage
AC51,61.4980791032,-151.8353504923,957.50774,gage
AC52,57.5672454464,-157.5742194673,51.85683,gage
AC53,61.768973,-150.068952,57.4485,rtdb
AC55,62.384445,-151.764565,1011.891,rtdb
AC57,61.138597865,-145.7427117952,826.53295,gage
AC58,57.1560847319,-170.2178208931,19.37927,gage
AC59,59.567193204,-153.585202596,308.66687,gage
AC60,52.7146188006,174.076263292,18.32837,gage
AC61,64.0292567213,-142.0758507099,745.3958,gage
AC62,63.0836043534,-146.3127040102,1347.1869,gage
AC63,63.5024231596,-145.8472485806,815.17906,gage
AC64,62.714015096,-144.3039961406,774.6374,gage
AC65,62.8315096695,-143.7042243061,735.90989,gage
AC66,51.3781272051,179.3013198441,106.77667,gage
AC67,57.7907164706,-152.4254385928,347.37082,gage
AC70,63.3047084057,-148.188327225,810.90053,gage
AC71,64.0493020526,-145.7136266529,364.02322,gage
AC72,63.6950553843,-145.8876993791,558.88066,gage
AC74,63.4643537884,-148.8072640863,668.62021,gage
AC75,62.9993017122,-149.6088263146,608.69551,gage
AC76,63.0399957415,-143.2588182228,1585.31573,gage
AC77,62.6880306873,-145.4262644163,746.92894,gage
AC78,63.1134886979,-142.0279407432,643.73298,gage
AC79,59.9978718815,-147.4030530317,287.73661,gage
AC80,62.3940743514,-151.7650452049,1114.55274,gage
AC81,61.7613129141,-150.0536949248,72.80665,gage
ACHO,7.4147326687,-80.1731032422,35.56932,gage
ACSB,33.2742669099,-117.4448964452,-12.32604,gage
ACSO,40.2323611018,-82.981534757,248.14714,gage
ACSX,33.2742669052,-117.4448964359,-12.32372,gage
ADRI,41.9189896069,-84.0242831837,205.92929,gage
AECT,4.7664,-75.95415,933.92439,rtdb
AEDA,-20.546209048221453,-70.17765663419941,90.28990050635069,rtdb
AEDO,4.68843,-74.13879,2569.10343,rtdb
AEMO,9.26297,-74.43578,16.66365,rtdb
AESI,11.11253,-74.23094,0.01,rtdb
AGMT,34.5942812753,-116.4293826992,1337.82349,gage
AGNS,42.5527648097,-124.0591143652,51.35837,gage
AGPR,18.4675343473,-67.1112341241,72.97171,gage
AGTU,5.51988,-73.3737,2907.81595,rtdb
AHID,42.773117751,-111.0637441156,1975.53234,gage
AIRS,16.7408304101,-62.2138545946,84.43824,gage
AJCM,5.21041,-74.88455,487.55669,rtdb
AL2H,48.38977968,-123.48747265,31.771,shakealert
AL30,33.5323512119,-86.8534164248,148.45437,gage
AL50,33.167974324,-87.5015168567,97.86725,gage
AL60,32.4113740984,-86.2705498758,44.68886,gage
AL90,30.6908306942,-88.0317138301,-17.38813,gage
ALAM,37.3579565928,-115.1584622069,1090.00182,gage
ALBH,48.3897796838,-123.4874726833,31.77297,gage
ALDR,39.65467435,-122.71611851,1362.9477,shakealert
ALGO,45.955800814,-78.0713726573,200.97947,gage
ALPP,34.8244919976,-118.6948055071,918.0974,gage
ALTH,36.88960584,-120.66976592,18.3073,shakealert
ANA1,34.0150089168,-119.3634777067,22.42098,gage
ANAT,46.132862999,-117.135430548,1087.26593,gage
ANIG,21.05384491705364,-104.52070982185148,1003.2377404224006,rtdb
ANTC,-37.33869744731553,-71.53206258524509,746.5293176561946,rtdb
AOPR,18.34657,-66.753687,350.6886,rtdb
AQUE,37.238118704,-116.1599137557,1909.725,gage
AR27,33.3418505129,-117.324936008,32.28478,gage
AR53,33.3811372942,-117.4765105586,111.02264,gage
ARBT,35.7098754376,-91.6285496714,91.97136,gage
ARCM,33.542404436,-92.8827343791,25.46014,gage
ARFY,36.1157980592,-94.1800495841,349.53972,gage
ARHP,33.6960552712,-93.6005550525,84.43272,gage
ARHR,36.1842386093,-93.0302133156,332.30585,gage
ARIG,18.28049708854811,-100.34749776353542,378.5047393148618,rtdb
ARLI,48.17406553,-122.14186221,23.3002,shakealert
ARLN,45.7082043138,-120.1832725672,120.38034,gage
ARM1,35.2012518553,-118.9104288869,76.15252,gage
ARM2,35.2012595493,-118.9105636776,76.14976,gage
ARPG,36.0591140558,-90.5187956431,68.35318,gage
ASBU,43.8205640298,-121.3685091224,1508.85211,gage
ASHL,42.18068991,-122.67017247,608.7142,shakealert
ASUB,36.2141313994,-81.6818550835,956.57891,gage
ASVI,4.27244,-74.79627,304.84772,rtdb
AT01,63.4840432473,-162.0064018502,21.65965,gage
ATT3,18.5069348241,-69.9791714434,29.52961,gage
ATW2,61.5977524093,-149.1322986558,97.1276,gage
AV01,59.3585257618,-153.4608032484,487.30255,gage
AV02,59.3329695324,-153.4283931622,229.89584,gage
AV04,59.362578276,-153.4446749411,915.98058,gage
AV06,54.1471756958,-165.7657224147,463.15058,gage
AV07,54.1629334591,-166.0385391629,521.21446,gage
AV08,54.1363,-166.028271,598.4007,rtdb
AV09,53.8756309663,-166.5418383488,105.73692,gage
AV10,54.0976056532,-165.9337665346,329.61437,gage
AV11,59.3706229314,-153.3546878829,114.99435,gage
AV12,54.2108,-165.897546,404.6997,rtdb
AV13,54.1530776766,-165.897816547,494.88321,gage
AV14,54.1188910255,-165.8415701303,396.41152,gage
AV15,54.1001901331,-165.7101148237,457.4791,gage
AV16,59.3859061635,-153.5350471425,25.46669,gage
AV17,59.4039418301,-153.4514474767,29.47586,gage
AV18,59.3804290609,-153.4368356494,367.17412,gage
AV19,59.354909,-153.414305,646.938,rtdb
AV20,59.347376715,-153.4282078325,542.25385,gage
AV24,54.5899813951,-164.7548058267,481.83908,gage
AV25,54.53000312,-164.779498,651.9893,rtdb
AV26,54.5716516732,-164.5804654105,577.73036,gage
AV27,54.4923468467,-164.72316566,978.0649,gage
AV29,54.4723491435,-164.5861506726,972.01707,gage
AV34,54.7249056641,-163.712920822,636.43945,gage
AV35,54.846691556,-164.3869178296,647.015,gage
AV36,54.7717910266,-164.1268053374,648.43629,gage
AV37,54.7093765085,-163.9972362266,796.07617,gage
AV38,54.8314655035,-163.7808752114,492.33392,gage
AV39,54.8113421,-163.998466,797.3963,rtdb
AV40,54.6445333592,-163.7429692888,413.98609,gage
AVCA,43.0609144855,-82.6877476687,200.46729,gage
AVRY,34.4683018891,-117.1539769507,888.90584,gage
AZAM,31.7300313743,-111.0713624878,928.93049,gage
AZFL,35.1773091735,-111.6570409483,2087.96527,gage
AZGB,33.3953575652,-110.7714569041,1097.80246,gage
AZPG,36.9086677615,-111.462692828,1301.94849,gage
AZRV,34.1319302466,-109.2810241281,2110.63479,gage
AZRY,33.5400743586,-116.6297037527,1265.68554,gage
AZSF,32.802035396,-109.7119163984,896.96699,gage
AZSV,34.2649943429,-111.2405180062,1465.25314,gage
AZTP,33.4456874507,-111.9376455956,360.37961,gage
AZU1,34.1260206882,-117.8964943091,144.73279,gage
AZUP,33.4809242117,-111.6200139722,591.6017,gage
AZVA,31.9540764488,-110.7703017301,1010.15087,gage
B001,48.04307,-123.13141,237.0,rtdb
B004,48.20193,-124.42701,30.0,rtdb
B011,48.64954,-123.44819,22.0,rtdb
B012,48.92463,-125.54198,13.0,rtdb
BACO,39.3994639902,-76.6067972245,127.03107,gage
BALD,37.7834270117,-118.9013964354,2749.55837,gage
BAMF,48.83532802,-125.13510598,10.8119,shakealert
BAMO,40.41275,-117.204566,1792.4592,rtdb
BAR1,33.48045514,-119.02974426,14.7612,shakealert
BARA,18.2087000076,-71.0982265486,6.73457,gage
BARH,44.3950493071,-68.2216944643,6.76358,gage
BARU,10.25761,-75.58998,27.54043,rtdb
BBAY,48.89907668,-122.76947092,-8.2246,shakealert
BBDM,34.582201674,-119.9815218857,204.88579,gage
BBID,44.185045,-111.526126,1789.9517,rtdb
BBRY,34.2642794455,-116.8842466351,2051.0669,gage
BBWY,44.485810683,-110.855105546,2213.60678,gage
BCES,48.42926197,-123.42871065,21.1436,shakealert
BCOV,50.54427949,-126.84264548,37.3788,shakealert
BCWR,34.920463499,-119.4058562617,1332.90262,gage
BDLA,28.9720201523,-113.5472197113,-30.33477,gage
BDRY,48.9866974486,-117.349929513,601.80427,gage
BELI,48.7552671771,-122.4789748932,10.57512,gage
BEMT,34.0005331703,-115.9981944639,1373.63481,gage
BEND,44.05715753,-121.31518905,1095.8188,shakealert
BEPK,35.8783880255,-118.0740983706,2471.08717,gage
BET1,60.7879124252,-161.8417257327,51.72771,gage
BGGY,17.0451214813,-61.8611621845,356.27435,gage
BGIS,33.9671205883,-118.1597044777,2.76527,gage
BIGD,47.9332924394,-118.9888358421,493.31473,gage
BIJA,9.7499760668,-84.5768670212,555.63031,gage
BILL,33.5782456079,-117.0646073235,470.03431,gage
BILS,47.5393441769,-124.25252665,38.37778,gage
BKAP,35.287046149,-116.0804277649,252.02705,gage
BKMS,33.9622608529,-118.0947062793,11.00468,gage
BLA1,37.2113489873,-80.4205105082,605.69464,gage
BLCL,52.38826188,-126.58925802,24.7986,shakealert
BLSA,33.79954606,-118.02868439,-23.1554,shakealert
BLW2,42.7671258368,-109.5578050124,2215.57966,gage
BLY1,42.40684387,-121.04906806,1313.4036,shakealert
BLYN,48.016058,-122.92754,613.2876,rtdb
BLYT,33.6104135024,-114.7148540279,85.92606,gage
BMHL,34.2514440188,-116.0529813226,722.63212,gage
BNGN,45.7182525,-121.475339,20.56,shakealert
BNZA,-1.8977884781,29.2972924815,1709.04421,gage
BOGT,4.6400757158,-74.080939595,2576.1567,gage
BOMG,33.3646281964,-115.7297086393,-84.22709,gage
BOMR,19.870859,-155.112148,101.5,rtdb
BP01,4.64091,-74.08026,2581.77037,rtdb
BPKT,46.88315378,-120.32712412,564.5144,shakealert
BRAN,34.184896839,-118.2770577479,246.22675,gage
BREW,48.1315220546,-119.6826374215,238.59701,gage
BRI2,37.919470064,-122.1525285689,265.12507,gage
BRIB,37.91940585,-122.15255894,263.179,shakealert
BRN3,49.2698914,-123.0155812,32.665,shakealert
BRPK,34.68228477,-118.57681305,1729.0901,shakealert
BRSP,45.4015527756,-121.7085067698,2061.28184,gage
BRTW,27.9496286665,-81.7828404646,12.03309,gage
BSRY,34.9186123324,-117.0119972364,613.48358,gage
BTDM,34.2928080135,-118.1882336343,678.2429,gage
BUEG,34.6128511634,-120.1964128534,74.7136,gage
BURN,42.7794997739,-117.8435333006,1180.88515,gage
BVHS,29.3368079289,-89.4064011007,-15.7284,gage
BVPP,35.1572768805,-119.3475129403,123.02717,gage
BYAH,-1.6627023771,29.264614124,1596.27981,gage
BYSP,18.40787,-66.160921,86.6256,rtdb
CA99,37.6445633787,-118.8966962026,2391.51355,gage
CABA,10.2378742193,-85.3435332059,26.92798,gage
CABL,42.8360989539,-124.5633474591,37.84666,gage
CACT,33.6551349319,-115.9899533837,518.45021,gage
CAGS,45.5850214293,-75.807332396,235.02094,gage
CALN,-33.39800497915333,-70.53718433228143,897.2768299335586,rtdb
CALU,41.7298452135,-87.5384430192,147.94037,gage
CAND,35.93935378,-120.43370232,568.5199,shakealert
CARH,35.888387058,-120.4308285901,480.27598,gage
CASE,33.4553523167,-117.4039888453,776.47819,gage
CAST,39.1910207437,-110.6773166692,2245.02889,gage
CAT2,33.31161983,-118.33382379,477.1819,shakealert
CAT3,33.4457648583,-118.4830136025,5.11453,gage
CATH,46.1973018946,-123.3672725497,56.29926,gage
CAYA,17.048499996177526,-100.26730000505016,25.9299283910329,rtdb
CAYU,42.9435472,-76.54035805,206.0,rtdb
CBAA,-22.746367513393405,-68.4481489143935,3514.837928682806,rtdb
CBHS,34.1385641734,-118.6298130988,284.61103,gage
CBMD,19.7379762549,-79.7582592539,18.72886,gage
CCCC,35.565314462,-117.6711776216,813.9574,gage
CCCS,33.86274514,-117.86494994,31.8323,shakealert
CCPW,46.32120272,-117.97859805,497.3455,shakealert
CCSN,-33.46317433439625,-70.66405134727796,581.1450356142192,rtdb
CCST,34.80636365,-119.01347342,1578.1023,shakealert
CDAA,47.77121407,-116.80881283,692.8709,shakealert
CDLC,-22.189628490338112,-69.76152256591067,1999.2557467398722,rtdb
CDMT,34.82946667,-116.3359344,936.5059,shakealert
CEDA,40.6806939517,-112.8604852807,1472.50668,gage
CEDR,47.41314337,-121.75334774,471.6373,shakealert
CGDM,34.2439946466,-117.964952738,704.69175,gage
CGIG,30.365130753166994,-107.977324108939,1512.153800642113,rtdb
CGUA,-25.162622670071592,-69.59032435780468,2537.913127431088,rtdb
CGUI,12.9763,-87.5587,750.0,rtdb
CHAB,37.724115,-122.11931,213.9726,rtdb
CHCM,48.0106164012,-122.7758694119,20.37899,gage
CHDA,-33.98897691964932,-70.60894281103845,668.7974298127662,rtdb
CHEL,47.8315539291,-119.9899072208,345.51165,gage
CHEM,43.2243598,-121.78583581,1439.9662,shakealert
CHIL,34.3334246327,-118.0260062011,1567.51378,gage
CHLW,49.14351575,-121.99521959,1.7134,shakealert
CHMS,34.6404632457,-117.82770667,760.31463,gage
CHOW,37.08485103,-120.21051255,45.214,shakealert
CHRS,20.191949,-155.894755,98.5,rtdb
CHUR,58.7590770501,-94.0887347934,-19.11844,gage
CHWK,49.1566062762,-122.0084301426,174.03353,gage
CHZZ,45.4865146556,-123.9781248809,50.72771,gage
CIOH,10.232728635,-75.724202246,12.521,rtdb
CIRX,34.1095566482,-118.9373036189,488.19705,gage
CIT1,34.1367109505,-118.1272927121,215.35504,gage
CJMG,34.2711958228,-117.4244675764,1584.38501,gage
CJMS,34.3138005656,-117.4793888199,933.36317,gage
CJVG,34.5303221592,-118.1442347974,1304.84575,gage
CLAR,34.1099302078,-117.7088168582,373.6053,gage
CLBD,33.1353880961,-117.3109823515,20.57967,gage
CLGO,64.8737701729,-147.8604905681,196.12661,gage
CLGX,64.873774,-147.860487,196.1069,rtdb
CLHQ,42.8958767507,-122.135999935,1952.38511,gage
CLL1,-36.595074982541476,-72.07996456081133,153.98827015460492,rtdb
CLOV,40.55834,-114.87418,2126.0,rtdb
CLRS,48.8203030584,-124.1308865306,175.67786,gage
CLWZ,42.9342512566,-122.1491612147,1869.79854,gage
CMBA,-31.18819473547944,-70.99897460012566,963.4604409679529,rtdb
CMBB,38.0341758945,-120.3860454564,695.7224,gage
CMOD,37.6413367399,-120.9999817417,28.08014,gage
CMP9,34.3531820243,-118.4114318197,1137.98923,gage
CN00,17.6685259341,-61.7855778199,-21.95288,gage
CN01,17.0484205978,-61.7653668716,16.61998,gage
CN03,18.490464257,-64.4025200185,288.34972,gage
CN04,14.0235492321,-60.9738973368,24.39268,gage
CN05,18.5639027992,-68.3593923016,-33.26752,gage
CN06,18.7898257812,-70.6561097891,2311.71549,gage
CN07,19.7576319643,-70.565852095,-32.27953,gage
CN08,17.90337338,-71.6740682,-17.1169,rtdb
CN09,19.6877467699,-72.1398186162,-15.0388,gage
CN10,17.41519,-75.97055,-16.3245,rtdb
CN11,17.0211807913,-77.7841162503,-10.71592,gage
CN12,18.0044825045,-76.7490509893,169.9182,gage
CN13,24.0651861409,-74.5337850769,-34.6127,gage
CN14,20.9753294656,-73.677951669,-34.23872,gage
CN15,26.55665578,-78.6930835,-27.5547,rtdb
CN18,17.4076736213,-83.9443281647,1.42245,gage
CN19,12.6118497396,-70.048499837,-0.37095,gage
CN20,9.3516768596,-82.2562652341,13.12666,gage
CN21,13.402740599,-87.4270948034,15.79743,gage
CN22,12.38409,-87.04469,28.8428,rtdb
CN23,17.2606072505,-88.7787584635,55.26007,gage
CN24,19.5755621209,-88.0539058295,7.88905,gage
CN25,16.2320431711,-92.1352416633,1649.2446,gage
CN26,22.382999,-89.682384,-10.067,rtdb
CN27,19.6671187618,-69.9398100607,-21.14435,gage
CN28,8.625078,-79.033712,28.694,rtdb
CN29,14.04879667,-83.37463794,30.3025,rtdb
CN30,11.99355131,-83.7720486,30.0339,rtdb
CN33,8.48723951,-80.3266679,76.7982,rtdb
CN34,8.548918,-78.014763,86.247,rtdb
CN35,13.3754961803,-81.3629193295,47.84866,gage
CN36,8.81965,-75.82113,15.3086,rtdb
CN37,10.79258,-75.26317,1.44365,rtdb
CN38,12.22182,-71.98803,10.44833,rtdb
CN40,12.1800451634,-68.9580128591,33.31432,gage
CN44,11.000453,-63.910301,837.853,rtdb
CN45,10.837017,-60.938275,33.2,rtdb
CN46,12.4868358564,-61.426986964,-22.63011,gage
CN47,13.7107883702,-60.9404938529,177.12254,gage
CN48,15.4388140787,-61.4216407487,279.8469,gage
CN53,21.7826522488,-72.2538674565,-15.67602,gage
CN55,8.243270989,-80.53933636,45.994,rtdb
CN57,10.837084942,-60.9383098066,-5.6053,gage
CN58,18.586565955,-63.4265205178,-35.20291,gage
CN59,18.20662592,-63.0538521,11.138,rtdb
CN60,8.6272202366,-79.0341065139,28.08791,gage
CN62,16.7902544878,-62.1939777366,145.86118,gage
CNC0,21.1744,-86.8208,-3.0,rtdb
CNC1,40.0771064307,-108.7895782181,1650.62429,gage
CNCR,48.5387049335,-121.7493039837,55.69042,gage
CNG2,12.5011774777,-86.6993372446,513.46657,gage
CNPP,33.8576347047,-117.6089265632,300.28518,gage
COAG,32.8634632622,-115.1233489017,3.61359,gage
COBO,45.48580549,-122.79739735,46.8539,shakealert
COFC,40.5933681735,-105.1604513624,1595.12441,gage
COKG,32.850514021,-115.7285056207,-46.89364,gage
COLA,34.0809958483,-81.1216786323,81.5674,gage
COLV,48.5447633067,-117.9032692855,486.09573,gage
COND,45.23790526,-120.18138119,865.3971,shakealert
CONS,-35.33095656912197,-72.41217205152753,39.78907034451905,rtdb
COON,40.6525898688,-112.1210150631,1609.99949,gage
COPR,34.4149107085,-119.8795336271,-22.85505,gage
CORB,38.2021832245,-77.3734992385,35.91333,gage
CORO,9.32809,-75.28785,155.7873,rtdb
CORV,44.5855345545,-123.3046066647,105.59226,gage
COSO,35.982343129,-117.808894536,1455.08879,gage
COT1,32.2244547252,-110.9718813028,733.20076,gage
COT2,32.2374822542,-110.8309353878,758.81596,gage
COTD,33.73248808,-116.38689457,27.451,shakealert
COUG,46.05921502,-122.26077667,151.4295,shakealert
COUP,48.2173095822,-122.6856072586,21.00349,gage
COVG,30.4759135939,-90.0955438169,-5.97263,gage
CPBN,35.0717353168,-117.5730272689,835.82617,gage
CPCO,43.7220997005,-121.2331583903,2117.92978,gage
CPXF,46.84008392,-122.25652131,533.6073,shakealert
CPXX,46.8400839434,-122.256521419,533.59305,gage
CRBT,35.7916147415,-120.7507621078,205.43796,gage
CRCN,36.11398648,-119.56803763,25.4521,shakealert
CRFP,34.0390532955,-117.0996883645,688.81152,gage
CRGG,35.2420919706,-119.7248272385,1173.07123,gage
CRHS,33.82350688,-118.27277342,-23.4818,shakealert
CRIG,16.73632878141324,-99.13118087383066,88.36058421000772,rtdb
CRLR,18.4166871553,-68.9369047268,-5.56139,gage
CRO1,17.7569007083,-64.5843176207,-31.97863,gage
CROK,46.2745987515,-122.912545181,1.07407,gage
CROW,37.4330193544,-121.1005845936,3.80349,gage
CRRS,33.0698086362,-115.7350463041,-81.90038,gage
CRSE,18.7680785775,-69.0437090286,86.57493,gage
CRST,30.726076288,-86.5061731591,32.53593,gage
CRU1,34.0292635323,-119.7848195008,702.17012,gage
CSCI,34.168406106,-119.0389885757,70.84624,gage
CSDH,33.8614804422,-118.2567250946,-9.16241,gage
CSHR,46.87071886,-121.732422,2881.9853,rtdb
CSIG,26.836166270745935,-108.37116026997028,166.690899515269,rtdb
CSKI,47.3805702557,-122.2358036274,10.25164,gage
CSN1,34.2535527305,-118.5238193807,261.4135,gage
CSOM,-52.78080719723641,-69.22405220187541,84.7232965209015,rtdb
CSST,34.4080928543,-119.3712577406,162.48405,gage
CTDM,34.5165512991,-118.6132175186,406.07341,gage
CTGU,41.2893828113,-72.6679078539,-19.37452,gage
CTMC,39.7215305228,-105.1928864459,1818.96329,gage
CTMS,34.1241007007,-116.3704298067,966.48735,gage
CUGR,46.05951927,-122.26105606,152.8848,shakealert
CUHS,34.9426489832,-119.6739557659,634.95251,gage
CUPR,18.307446,-65.28253,-34.576,rtdb
CUSH,47.4233430023,-123.2199259042,217.05336,gage
CVHS,34.08201327,-117.90172438,119.062,shakealert
CYTE,37.2035160748,-121.7139666875,82.68639,gage
DAEX,32.2245022088,-115.4192141344,399.30931,gage
DAM2,34.3348377098,-118.3968716005,583.41371,gage
DAM3,34.3339931468,-118.3974739926,580.00542,gage
DDMN,37.7441824085,-118.9811945985,2265.4481,gage
DDSN,43.1187900564,-123.2442446858,953.09799,gage
DECH,38.0514883113,-119.0906074272,1947.56476,gage
DEEJ,47.46883589,-123.92614399,103.6449,shakealert
DEMA,20.300371572809325,-99.03536922053748,1984.1492241357037,rtdb
DENE,39.6767452972,-75.7430153662,5.26644,gage
DESC,32.8299213,-116.64180526,957.2608,shakealert
DEVT,40.06114,-105.2058,1570.835,rtdb
DGF1,-33.457280874722734,-70.6617198546314,581.3392306094994,rtdb
DHLG,33.3898056716,-115.7880331066,-83.04893,gage
DIAB,37.8785754203,-121.9156334201,990.39377,gage
DICA,11.04014,-74.82362,-4.15837,rtdb
DIXN,38.4687148239,-121.828646436,-9.20867,gage
DLNO,35.7499964,-119.24310179,63.0657,shakealert
DLUZ,33.4305892737,-117.3072264133,212.70835,gage
DMND,48.13677021,-117.16366013,718.1109,shakealert
DNRC,39.1600884408,-75.5236029752,-15.22211,gage
DOAR,17.021137820420464,-99.65074733674261,223.71309523050826,rtdb
DOBS,36.4254287692,-80.71992778,339.30464,gage
DOND,37.26425407,-119.6901288,665.8256,shakealert
DONO,36.6924965,-119.01798018,1187.8796,shakealert
DRAO,49.3226169936,-119.6249861514,541.87521,gage
DSHS,34.02393,-118.34854,-2.1049,rtdb
DSL1,70.333433754,-148.4727524746,17.02136,gage
DSME,33.03647981,-117.24954262,56.0832,shakealert
DSSC,33.7333326463,-116.7120954092,1660.86832,gage
DTPG,35.2674647478,-117.8458803509,910.22975,gage
DUBO,50.2588081674,-95.8661858882,245.29411,gage
DUBP,37.72762406,-121.85514116,202.7455,shakealert
DVPB,34.4134142786,-117.8601344095,1430.85465,gage
DVPT,47.6560692453,-118.1478168847,727.55318,gage
DYH2,33.9383162382,-118.1274664456,10.81097,gage
EBMD,37.8150099228,-122.2838121015,-15.82225,gage
EBRD,1.98931,-77.10109,638.2676,rtdb
EC01,39.6518243079,-106.8477193199,1986.83637,gage
ECFS,33.6476866255,-117.4117017287,801.38985,gage
ECHO,37.9155320711,-114.2642512364,1684.1026,gage
ECSD,43.7336991708,-96.6140106182,444.33983,gage
EDOC,70.3102676156,-148.3184875486,22.3322,gage
EDPP,34.9461952689,-118.8304143851,379.8493,gage
EGAN,39.345244,-114.938854,1998.271,rtdb
ELDC,58.971866221,-135.2222014114,13.87189,gage
ELIZ,49.8730518862,-127.1226660328,164.7627,gage
ELKO,40.9146887769,-115.817202249,2016.88631,gage
ELLY,33.5835003538,-118.1287925426,-2.89928,gage
ELSC,34.029736005,-118.208440209,61.12378,gage
ELSG,33.6491429777,-117.4260262655,811.32259,gage
ELSR,47.4976030307,-122.7605865069,115.1727,gage
ELTN,34.70311855,-118.42573521,916.4964,shakealert
ELVI,10.394696909,-85.4458055519,81.83992,gage
ENTR,45.431255,-117.28808489,1126.5605,shakealert
ENUM,47.2062057212,-121.9555866118,227.03328,gage
EOCG,34.4508489791,-119.7697830341,42.42984,gage
EOUT,41.253197,-111.928908,1677.849,rtdb
EPHR,47.3293342663,-119.5446824081,375.40349,gage
EPZA,10.1409395763,-85.5680638119,668.55281,gage
ERL2,19.85229,-155.926809,30.5,rtdb
ERRG,33.1164461568,-115.8227367067,-92.40516,gage
ESRS,34.0736823712,-106.9188700497,1415.85396,gage
ESRX,34.073662,-106.918873,1416.3,rtdb
EUCH,44.8347409708,-123.8708121833,721.91641,gage
EWPP,34.1042001763,-117.5255918955,330.46274,gage
EXU0,23.564,-75.873,-12.0,rtdb
EYAC,60.548703845,-145.749857661,146.0604,rtdb
EYC2,60.548751583,-145.750117361,135.99,rtdb
FAI1,64.8096275237,-147.8473427612,149.56104,gage
FAIR,64.9779946626,-147.499242809,319.02531,gage
FARB,37.69721265,-123.00077582,-21.7558,shakealert
FARI,37.6972638313,-123.0007299209,-20.82493,gage
FBAQ,-20.13463236766438,-69.75541971202904,1098.3744708003098,rtdb
FCDE,25.6172560417,-80.3053514571,-24.45919,gage
FCI1,25.9057046951,-80.1374531676,-22.75722,gage
FCI2,25.9058407438,-80.138359382,-24.68404,gage
FCTF,34.06659493,-118.4421396,148.8708,shakealert
FERN,35.3418706719,-112.4547401502,1767.90643,gage
FGST,34.7330126451,-120.0093896764,904.08682,gage
FHOG,34.093547176,-116.9358732036,1588.66955,gage
FLIN,54.7255828147,-101.9780400175,311.59305,gage
FLNT,36.8490816719,-121.4527746212,44.90255,gage
FMTP,34.4098667415,-118.8941507747,362.76353,gage
FMVT,34.356339086,-118.8840392493,616.98003,gage
FOOT,39.3693952487,-113.8053768489,1547.37727,gage
FORE,40.5118952193,-111.3803314869,1796.65943,gage
FOXG,34.7339127312,-118.2405038334,688.75924,gage
FRED,36.9883305598,-112.4992205396,1529.71918,gage
FS63,61.4696712596,-149.7232829896,43.64338,gage
FS82,61.5486992733,-149.8160707675,60.83085,gage
FSHB,32.944989646,-115.7999461291,134.99077,gage
FUTF,-43.1905392796523,-71.84839541589815,381.8570611997092,rtdb
FVPK,33.66232985,-117.93572157,-11.5575,shakealert
FWBD,44.29188683,-117.2216448,631.42,shakealert
FZHS,34.800194664,-118.8933870631,1273.72741,gage
GACC,33.5457589009,-82.1338136592,98.47496,gage
GACR,32.3809611191,-83.3462321794,97.85293,gage
GARF,41.4157813941,-81.6148997778,253.07491,gage
GARL,40.4165252465,-119.3554612033,1640.22636,gage
GASB,39.65470659,-122.71593427,1361.9432,shakealert
GAST,35.3110609119,-81.1887695513,212.3569,gage
GCEA,19.2930205444,-81.3780252161,16.03384,gage
GCFS,19.312862435,-81.1835347839,-10.76454,gage
GDEC,35.1894173106,-119.8636879631,566.25417,gage
GDMA,47.7485515626,-90.3412568049,157.42162,gage
GERD,16.7948384358,-62.1942984852,123.40636,rtdb
GHRP,34.2038907181,-117.3979007988,628.58419,gage
GLDR,49.68148443,-126.1273334,-9.3198,shakealert
GLRS,33.2748107478,-115.5213749602,-48.66047,gage
GLWD,46.0198272,-121.2886099,560.9928,shakealert
GMAG,34.2914341996,-116.3825690776,866.74434,gage
GMPK,33.0510837379,-114.8273481431,591.17784,gage
GMRC,34.7839960504,-115.6602323324,1298.19808,gage
GNPS,34.3085549103,-114.1894528955,232.38692,gage
GNVL,29.6865499028,-82.2768783577,22.43872,gage
GOBS,45.8388170864,-120.8146793837,621.4592,gage
GODE,39.0217283279,-76.8268337488,14.48847,gage
GOGA,33.414741,-83.473218,123.91,rtdb
GOL2,35.4251552544,-116.8892535089,986.63811,gage
GOLD,35.4251552481,-116.8892535054,986.63979,gage
GOLY,45.8286965799,-120.8024602784,500.17116,gage
GOSH,40.6401670192,-114.1797017405,1560.18331,gage
GOUT,39.9133,-111.8954,1514.0,rtdb
GR8R,36.39901516,-120.4157353,206.0189,shakealert
GRCK,48.1435840955,-117.6645726331,669.72926,gage
GRE0,12.2217,-61.6404,20.0,rtdb
GRIS,29.2655281521,-89.9573044931,-17.14024,gage
GRMD,46.7954849775,-123.0225996746,30.71744,gage
GRNX,63.8354961434,-148.9781965631,594.48892,gage
GRTN,38.8595442567,-83.8790961798,251.98631,gage
GRZA,9.9155238382,-85.6356150517,39.65921,gage
GSC1,39.5469628534,-107.3275378837,1756.40768,gage
GTA1,-20.56568903989829,-70.18073720332492,107.71319711485792,rtdb
GTK0,21.432815,-71.14463,-30.703,rtdb
GTPS,42.43449337,-123.29738311,278.6043,shakealert
GTRG,43.2440901248,-113.2412170314,1539.1179,gage
GUAP,2.57448,-77.89468,23.56262,rtdb
GUAX,28.8834071913889,-118.289679133333,43.274,rtdb
GV01,-0.7824019325,-91.1133729469,1044.07617,gage
GV07,-0.840526322,-91.1526113723,1027.6607,gage
GV08,-0.8420071506,-91.1344045697,905.70615,gage
GV10,-0.8492581134,-91.1510447333,1046.30399,gage
GV12,-0.8064459801,-91.1703258504,1066.95167,gage
GVRS,34.0474491424,-118.1129013725,154.4777,gage
GZKA,33.2601252231,-116.3772794314,153.16195,gage
HAHD,47.2907994692,-121.7880859826,853.93788,gage
HALF,44.8723891,-117.09983238,783.4314,shakealert
HAMM,30.5130752139,-90.4676286103,5.86735,gage
HAMP,42.3177526337,-72.6395631787,41.16611,gage
HAR7,35.01154056,-117.29921521,590.2533,shakealert
HARA,35.0115407187,-117.2992152474,590.2692,gage
HBCH,43.8462542879,-82.6430834025,145.64046,gage
HBCO,33.7836490377,-118.2858025749,-26.88096,gage
HCES,36.332605,-89.171767,77.9913,rtdb
HCMN,34.7547729101,-116.4300788678,568.74243,gage
HCRO,40.8159162519,-121.4699033582,1000.08694,gage
HDIL,40.555878,-89.293981,201.064,rtdb
HELB,36.67884195,-119.02296905,1105.3405,shakealert
HELP,36.6801501,-119.02281891,1120.4319,shakealert
HIPT,35.9656987755,-80.0136016018,266.58216,gage
HIVI,34.759920749,-117.799458549,930.86483,gage
HLFX,44.6835511828,-63.6112838329,3.09036,gage
HLID,43.562581,-114.414045,1769.7075,rtdb
HLN2,-35.0098916722027,-71.9301851367705,75.61969536755193,rtdb
HLPN,-36.747826345818645,-73.19025651541699,69.93437075490483,rtdb
HLSY,44.37756385,-123.10912046,71.8878,shakealert
HMTG,33.7080979403,-117.0015076054,577.00655,gage
HNPS,33.7050045884,-115.6353387463,393.93757,gage
HNPT,38.5888173235,-76.1303772451,-28.01787,gage
HOFN,64.2672947463,-15.1979141764,82.96901,gage
HOGS,35.8667180217,-120.4795039594,762.85622,gage
HOL3,34.458156567,-117.8451326907,1239.41271,gage
HOLB,50.6403512424,-128.1350012189,559.63948,gage
HOLM,70.7363018053,-117.7612455046,0.48081,gage
HOLP,33.924542576,-118.1681788178,-6.75853,gage
HOPB,38.99518619,-123.07473449,353.2253,shakealert
HOPL,38.9951868318,-123.0747081983,354.72076,gage
HOTK,37.6585874502,-118.8212543185,2143.31853,gage
HOUM,29.5922577467,-90.7236176213,-12.78065,gage
HPIG,26.936782672468365,-105.66399305907302,1766.948086728361,rtdb
HUA2,10.0177322897,-85.3516929236,594.18078,gage
HUNT,35.8808127645,-120.4023884526,449.34274,gage
HUSB,44.1195254792,-121.8493652709,2038.5205,gage
HVWY,44.6135994685,-110.5359661232,2406.79444,gage
HVYS,34.441233161,-119.187548946,373.93544,gage
HWUT,41.6072393568,-111.5651193123,1714.93195,gage
I40A,34.7273233514,-115.9114518956,765.30901,gage
ICT1,37.5877206608,-97.3088906323,363.34136,gage
IDBY,43.8203591553,-111.7835535136,1493.11933,gage
IDDR,43.7461154201,-111.1102740309,1863.93021,gage
IDIF,43.5185820441,-112.0520051005,1438.06422,gage
IDIR,43.4094756423,-111.2967039139,1614.31302,gage
IDNP,45.939707999,-116.1212775058,996.57266,gage
IDOG,33.7967977132,-116.2215177174,434.92836,gage
IDPO,42.8655580978,-112.4317648031,1379.39714,gage
IDQG,33.7679734392,-116.2389883384,-1.32792,gage
IDSN,45.1920718438,-113.896937209,1184.58854,gage
IDTD,43.6529404261,-116.2834115228,788.62321,gage
IGUA,18.391967885525425,-99.50240666665046,929.3973375836615,rtdb
IID2,32.7061675585,-115.0318055541,9.72372,gage
ILSA,39.7786351239,-89.6103038663,152.87316,gage
ILUC,40.0989981221,-88.2203001488,232.68552,gage
IMPS,34.1575617729,-115.1451030099,563.23082,gage
INAB,40.2982547702,-85.2114552985,265.92506,gage
IND1,9.8646261576,-85.5021956823,75.12847,gage
INEG,21.8561531228,-102.2842051344,1887.09775,gage
INGG,39.3598455921,-85.5149373089,253.40222,gage
INRI,4.90859,-75.89718,931.71742,rtdb
INSJ,5.0316,-75.85438,979.19837,rtdb
INTO,4.64222,-76.04278,1015.92239,rtdb
INVK,68.3061822851,-133.5269671476,46.32701,gage
INWN,41.0794067079,-86.6043012837,188.0347,gage
IQQE,-20.273547820198225,-70.13171258855121,39.46277237799764,rtdb
IRID,40.1782,-105.0891,1507.0,rtdb
ISCO,5.5443530599,-87.0558243171,10.3413,gage
ISGN,34.932189,-4.548291,1640.0,rtdb
ISLK,35.6622708371,-118.474306087,823.3601,gage
IWAW,-1.934605,29.147255,1516.0,rtdb
JAS1,32.82792264,-116.9880891,97.5148,shakealert
JASR,37.4034133,-122.2405221233,93.80751,gage
JCT1,30.479407,-99.801075,571.8277,rtdb
JEFF,19.942376719,-155.863980353,31.05,rtdb
JFWS,42.9142713927,-90.2481100713,293.56945,gage
JLN5,35.87317724,-120.8329084,140.8774,shakealert
JME2,18.2350482471,-72.5384057306,-8.4608,gage
JNHG,34.4490652866,-117.9554436129,1276.12827,gage
JOBO,48.56236947,-122.43730179,-11.528,shakealert
JPLM,34.2048224641,-118.1732345201,423.97451,gage
JRO1,46.2751235937,-122.2176184516,1275.61249,gage
JRSC,37.40625017,-122.2274033,144.249,shakealert
KAEO,21.215422,-157.226747,170.155,rtdb
KANZ,-1.646348,29.378114,2300.0,rtdb
KBRC,34.3985301386,-119.008205504,370.49018,gage
KENI,46.1978821695,-119.1586352122,146.06527,gage
KIR0,67.8775787538,21.0602486123,498.2033,gage
KKAI,19.065899,-155.799029,411.945,rtdb
KKN4,27.800733,85.278804,1896.0,rtdb
KLTS,46.6432056941,-118.5581718882,257.23919,gage
KMBR,-1.827359954,29.2925867171,1471.79489,gage
KNGS,44.218691377,-76.5172706071,48.87091,gage
KNOL,37.6591173727,-118.9791781272,2651.76873,gage
KNTN,40.630463956,-83.6148101987,264.75172,gage
KOKB,22.1262695247,-159.6649409225,1167.36292,gage
KOOT,47.77074754,-116.80964453,685.758,shakealert
KRAC,37.7133100633,-118.8804768011,2377.74497,gage
KSU1,39.1007497566,-96.609483655,325.57443,gage
KTBW,47.5473182607,-122.7954201159,491.55848,gage
KTMT,54.08596891,-128.59808739,90.3598,shakealert
KUAH,19.051218,-155.57656,206.221,rtdb
KUGE,27.61842,85.53854,1511.0,rtdb
KVTX,27.5459502331,-97.8928848271,-2.6454,gage
KWBU,43.7523834037,-121.312006425,1762.53005,gage
KYBO,39.0383505872,-84.7236538818,233.70756,gage
KYMH,38.1841402188,-83.4365337926,221.54104,gage
KYTB,37.3532247098,-87.4967630119,134.01128,gage
KYTC,36.9891676163,-86.4745082532,115.61719,gage
KYTD,37.6818018166,-85.8506797202,207.00372,gage
KYTE,38.2766575695,-85.5983990983,156.60066,gage
KYTG,38.0755535689,-84.4922071369,263.84043,gage
KYTH,37.0703280953,-84.6182055092,263.46219,gage
KYTK,37.1514559377,-83.7595940029,243.79978,gage
KYTL,37.4833904194,-82.5354799392,185.68365,gage
KYVW,33.9253689468,-116.173399058,1498.19847,gage
L134,40.061278944,-105.2062111667,1573.264,rtdb
LAB1,1.85524,-76.09157,1311.60495,rtdb
LACR,40.85072,-115.70376,1666.0,rtdb
LAFE,9.8070631662,-84.9602819154,65.26625,gage
LAND,35.899793904,-120.4732915341,568.68358,gage
LANS,42.6738841204,-84.6633121289,241.09593,gage
LAPC,34.1819247735,-118.57465837,207.80604,gage
LBC1,33.8320726229,-118.1371909125,-21.98834,gage
LBC2,33.7916119525,-118.173249548,-28.45166,gage
LBCH,33.7877730356,-118.2033512757,-27.5812,gage
LCRS,46.81957691,-117.87861056,441.1593,shakealert
LCSO,44.63435057,-123.10666745,59.0689,shakealert
LDES,34.2673395607,-116.4328073926,978.08727,gage
LDSW,34.6994254488,-116.2091455115,640.9544,gage
LEBA,39.4305047918,-84.2831443187,224.23683,gage
LEDE,1.56647,-76.95106,2784.65026,rtdb
LEE2,34.13460343,-118.32176214,484.7878,shakealert
LEEP,34.1346032,-118.32176226,485.0862,shakealert
LEMA,36.29202534,-119.78239292,32.3973,shakealert
LEME,12.42748,-86.90963,78.0,rtdb
LEPA,9.9453753653,-85.0311934735,20.94553,gage
LESV,31.1424711077,-93.2689670225,75.64666,gage
LEWI,40.4035107965,-116.8618767004,2916.69003,gage
LFLO,43.9836052,-124.10771031,-6.4027,shakealert
LFRS,34.0950729092,-118.4128330264,146.89691,gage
LGWD,33.6405979763,-117.7644564725,88.68159,gage
LINC,37.6371927308,-119.0172920587,3056.99283,gage
LINH,47.0003338022,-120.5385046777,472.23269,gage
LINJ,34.6620231179,-118.1392062696,721.20503,gage
LITT,36.7458713476,-116.3082422075,1056.46489,gage
LJRN,34.8075247158,-118.8677472967,1422.47883,gage
LKCP,47.9443780463,-121.8308556395,178.27572,gage
LKHG,33.2360076595,-116.7587703267,823.26268,gage
LKWY,44.565074786,-110.4002240625,2424.36124,gage
LL01,34.4854593221,-117.8349613056,1005.31676,gage
LLAS,34.5859761981,-117.8379367244,812.47285,gage
LMCN,29.2549784245,-90.661301578,-16.2574,gage
LMHG,33.744202001,-117.3912893926,464.52146,gage
LMID,46.36938129,-120.28467383,211.706,shakealert
LMNL,10.2675092811,-85.0533314335,102.95356,gage
LMSG,33.8174012932,-117.4450767563,413.09035,gage
LMUT,40.2614188083,-111.9283181021,2311.98169,gage
LNDC,36.35995674,-119.05791004,144.3894,shakealert
LNIG,24.898143692216944,-99.46557934038668,275.77207793842314,rtdb
LNMT,35.0902015547,-116.9396559449,1345.29491,gage
LOLO,46.7628504037,-114.0968725406,1109.3371,gage
LOMP,34.6909240823,-120.4465873729,63.52744,gage
LONG,34.1119019993,-118.0034176713,74.2873,gage
LORS,34.133328996,-117.7540770729,448.88492,gage
LOWS,35.8287128493,-120.5942925654,428.67487,gage
LOZ1,44.619707,-74.582932,443.9172,rtdb
LPCG,34.31486469,-117.54636891,1315.2828,shakealert
LPHS,34.0267716015,-117.9567274302,68.48222,gage
LPIG,24.100996651654366,-110.309286830889,16.376497828200844,rtdb
LPSB,44.05122768,-123.09008787,117.6981,shakealert
LRRG,34.5270603838,-118.0299934856,875.00467,gage
LSIG,47.69519959,-121.68956766,527.1529,shakealert
LSON,45.3595321725,-121.6472287279,1999.4303,gage
LSUA,31.1787768856,-92.4123257527,4.66581,gage
LTAH,47.2824267597,-117.1638880607,735.56783,gage
LTUT,41.5920968783,-112.2468416443,1564.94562,gage
LUTZ,37.2868535915,-121.8652329576,94.94594,gage
LVEG,19.2227165588,-70.5310863446,78.56215,gage
LVFP,17.9811,-67.0082,-19.311,rtdb
LVLP,18.014868,-66.980141,-35.407,rtdb
LVMS,34.7336073901,-119.103693121,1543.08084,gage
LWCK,46.27813265,-124.0538468589,39.07331,gage
LWST,46.3731768872,-117.0023101925,427.11798,gage
MAHU,20.191949,-155.894755,98.5,rtdb
MAKA,6.33668,-72.66202,1632.1215,rtdb
MANA,12.1489369,-86.248994,71.04,rtdb
MAR6,60.5951465753,17.2585335032,75.62552,gage
MASW,35.83259951,-120.44306626,713.6822,shakealert
MAT2,33.8567629233,-117.4367056335,398.2956,gage
MAUI,20.7066611431,-156.2570368996,3062.08612,gage
MAWY,44.9734264828,-110.6893048585,1824.26095,gage
MBAK,48.8633089,-121.680758,1288.13,shakealert
MBGP,17.93599,-66.936766,5.331,rtdb
MBIG,32.408911849816704,-115.19598961955124,-21.455445606228576,rtdb
MC01,39.0912239897,-108.5281465085,1437.17521,gage
MC02,39.0146977468,-108.4900470044,1490.41707,gage
MC03,39.1899444883,-108.7306219902,1379.15939,gage
MC04,38.6841637919,-108.973855794,1400.8619,gage
MC05,38.7395552614,-108.0729835401,1505.06201,gage
MC06,39.222529574,-108.8516562744,1392.45333,gage
MC07,39.3177764953,-108.212880814,1488.18872,gage
MC08,39.2357150768,-107.9776588618,1834.93384,gage
MC09,38.2432301879,-108.5581499763,1792.96065,gage
MCCM,38.14478899,-122.88019511,-3.7297,shakealert
MCIG,27.877051513437547,-101.4837026262046,458.6567887686264,rtdb
MCLM,38.87857927,-122.4428989,703.5659,shakealert
MCNE,30.1805666677,-93.2177445924,-10.0482,gage
MCSO,44.9738096548,-122.9557514303,52.81497,gage
MDMT,42.4183400737,-121.2216047266,1710.52097,gage
MDO1,30.6805100627,-104.0149958724,2004.47073,gage
MDRS,44.66402865,-121.13042176,736.0239,shakealert
MEE1,36.186903,-120.758601,788.7707,rtdb
MEE2,36.180523,-120.766845,681.4367,rtdb
MERC,36.6325104753,-115.9790193901,1256.91391,gage
MFLD,44.6368420644,-90.1349805781,341.71318,gage
MGRB,48.9996951,-124.69708852,1291.0671,shakealert
MHC2,37.3415328313,-121.6425836827,1261.89146,gage
MHCB,37.34153264,-121.64258363,1261.763,shakealert
MHDL,37.84232447,-122.49433983,65.8907,shakealert
MHLD,37.84232481,-122.49433942,65.8653,shakealert
MHMS,33.9390574318,-118.2441397706,-2.50166,gage
MIAR,43.9826525064,-83.9798774086,163.22911,gage
MICW,41.9397103494,-84.9798614075,266.35616,gage
MIDA,35.92191408,-120.45883643,570.6104,shakealert
MIDS,43.0499662311,-83.5197261241,212.86545,gage
MIG1,34.0382628496,-120.3513997254,130.91461,gage
MIGD,45.0265843741,-84.6447332073,367.9424,gage
MIHO,42.8141542295,-86.0839937147,158.83709,gage
MIHT,43.6880563329,-86.3645763424,188.84954,gage
MILK,34.1368337605,-118.126263014,243.32244,gage
MILP,37.4490414537,-121.8340864174,336.27325,gage
MIMN,44.3724759989,-86.1628695957,214.80063,gage
MIMQ,46.5455479052,-87.3787008563,155.11772,gage
MINE,40.1483640313,-116.0955160406,2075.64966,gage
MINI,41.8093838065,-86.2237738725,200.74682,gage
MINS,37.653763255,-119.0609042009,2776.91107,gage
MIPR,17.886255,-66.526682,-7.7769,rtdb
MJPK,33.7144841451,-117.5504777394,1527.97393,gage
MKAH,48.3706735669,-124.5892248712,23.67074,gage
MKEA,19.8013605843,-155.4563530746,3754.64223,gage
MLAN,19.942376719,-155.863980353,31.05,rtdb
MLFP,33.9184058082,-117.3179649545,472.96023,gage
MLKE,47.13092494,-119.27407433,314.3322,shakealert
MNBD,48.6276957346,-94.0672817626,318.90598,gage
MNBE,43.662878797,-94.1221059397,302.35202,gage
MNCA,43.6329572655,-91.4962558122,339.59408,gage
MNDN,48.5723644134,-96.9146616355,224.27459,gage
MNGR,45.5583022104,-96.4940650785,310.86037,gage
MNJC,46.9782965435,-93.2737006576,350.93661,gage
MNMC,35.96947273,-120.43405748,1061.8541,shakealert
MNRC,38.87872722,-122.44280496,707.8022,shakealert
MNRM,43.6373765861,-95.7701358128,488.7785,gage
MNRT,46.490509065,-96.2912837782,345.2039,gage
MNRV,48.7893956253,-95.0512549537,336.45563,gage
MNSC,45.7130395288,-94.9312594518,354.12981,gage
MNTF,48.1191589245,-96.2074227771,326.19322,gage
MNVI,47.5232777031,-92.5615243309,414.36844,gage
MOAL,40.2557717545,-94.2997085189,253.82221,gage
MODB,41.9023239359,-120.3028352044,1567.20643,gage
MOED,40.1865782468,-92.1750923017,193.56288,gage
MOEL,38.3471393778,-92.5953827978,261.35981,gage
MOGF,37.4293174986,-93.8461142238,299.62824,gage
MOIL,40.7107,-115.41208,2197.0,rtdb
MOM0,12.406096,-86.540878,395.665,rtdb
MONB,37.48532674,-121.86687114,750.3343,shakealert
MONP,32.891942849,-116.4223573811,1842.54216,gage
MONT,46.98285388,-123.6035583,8.0078,shakealert
MOOT,44.0515421127,-121.6694228669,2254.26369,gage
MOPN,40.4173591725,-93.5775232884,273.21365,gage
MOPR,18.076904,-67.931154,-38.3,rtdb
MORA,8.95891,-73.68301,62.35219,rtdb
MORP,55.2127935058,-1.685491087,144.44226,gage
MOUM,37.1584102841,-121.9034656159,965.74193,gage
MOVB,36.9601331188,-91.0605141535,135.63221,gage
MPLE,43.6150777732,-84.7617521584,200.62579,gage
MPUT,40.015599,-111.633629,1829.1684,rtdb
MPWD,34.2955143581,-118.8780242682,190.23216,gage
MRDM,34.17523135,-117.88169454,327.9942,shakealert
MRIB,49.46701596,-123.91407737,-7.7387,shakealert
MRSD,46.7853437909,-121.7420421589,1629.71179,gage
MRSH,38.1554596,-122.86871205,155.0666,shakealert
MSCG,34.03850221,-116.64796366,913.094,shakealert
MSD1,23.16044961,-109.7176550522,103.83729,gage
MSHP,37.55632378,-121.92489617,172.208,shakealert
MSOB,34.2308452276,-117.2101310576,1733.18269,gage
MSOL,46.9294031706,-114.1088650158,960.07751,gage
MTA1,34.0552212586,-118.2455092773,72.60935,gage
MTDT,46.588501785,-111.9936194579,1217.15876,gage
MTEI,45.7464034936,-108.6002224703,970.18049,gage
MTFV,48.2274735332,-114.3268372357,905.16673,gage
MTGG,33.1991650213,-116.6472324271,1066.69299,gage
MTHC,45.9378367229,-112.5100489107,1695.98547,gage
MTLW,47.0541518099,-109.4427307982,1236.33964,gage
MTMS,48.5409565416,-109.6866465483,773.31015,gage
MTNT,25.8657724042,-80.9070025184,-20.5469,gage
MTPK,37.4853287749,-121.8668711869,750.88936,gage
MTSU,45.6612201278,-111.0450208332,1494.86951,gage
MTUM,46.9500268392,-113.4724142594,1122.27694,gage
MUIR,46.8356319401,-121.7331612021,3067.63415,gage
MULN,36.56508446,-120.0916144,24.558,shakealert
MUSB,37.1699407048,-119.3093553632,2042.52824,gage
MVFD,33.21087494,-116.52532047,1190.0685,shakealert
MWTP,37.6405188137,-118.9447349207,2317.39811,gage
MZAL,5.03,-75.47052,2101.21961,rtdb
MZNT,45.7015279437,-123.9308611313,-12.48658,gage
NAIN,56.5369782481,-61.688724039,32.89654,gage
NANO,49.2948089142,-124.0864815033,6.60852,gage
NARL,48.1766849,-122.1517255,25.1872,shakealert
NAS0,25.052559,-77.462256,-16.476,rtdb
NAST,27.6567,85.327729,1337.0,rtdb
NAYX,32.3242831172,-115.2955162767,-23.84741,gage
NBWY,44.7273458996,-110.7114125629,2303.25741,gage
NCCH,34.3445158236,-77.8749787979,-24.24163,gage
NCFW,36.5135713118,-81.095246692,835.64084,gage
NCGO,35.4213605977,-78.0585003213,12.68601,gage
NCHW,36.486583625,-81.1054088758,877.93353,gage
NCJA,36.4084982109,-77.4375926547,11.89561,gage
NCPO,34.9925558272,-80.1771904041,83.54586,gage
NCSB,50.40305184,-126.0558787,1285.6912,shakealert
NCSW,35.5961294002,-82.4234056047,658.5033,gage
NCWH,34.2804494533,-78.7164881654,-3.77684,gage
NDAP,34.7676864753,-114.618632585,241.36239,gage
NEAH,48.2978540615,-124.6249077202,459.95436,gage
NEDR,40.7725873407,-96.7003315329,348.30643,gage
NEGI,40.9222594954,-98.328166934,541.62244,gage
NEWS,39.6856149397,-117.5089400404,1770.273,gage
NHRG,34.4986594713,-119.1412669966,1648.7401,gage
NHUN,43.1425602938,-70.9519127895,7.92736,gage
NINT,47.4950962786,-121.7970873153,127.25499,gage
NJCM,39.1006751248,-74.8029025312,-26.60809,gage
NJHC,40.5016221278,-74.901122801,94.65942,gage
NJOC,39.9527937587,-74.1935050845,-9.46362,gage
NLIB,41.7715908205,-91.5748993939,206.95961,gage
NMDE,32.2672666316,-107.7260772084,1297.7933,gage
NMGR,35.2165730502,-107.9301172081,2020.69818,gage
NMRO,33.394957943,-104.589107533,1094.68703,gage
NMSF,35.6737884962,-105.9586064036,2096.28678,gage
NMSU,32.2742681513,-106.7446835444,1187.50713,gage
NOCO,33.9197109342,-117.569587765,186.78811,gage
NOMT,45.5969176625,-111.6298250726,1578.025,gage
NOPK,33.9797389907,-118.3480191806,33.11321,gage
NOR1,44.2558258964,-85.437163221,364.04291,gage
NOR3,45.0685846995,-83.5686515643,174.45327,gage
NORM,43.738874473,-121.2527235393,2161.37495,gage
NOSE,43.9119023735,-123.7387240059,848.99183,gage
NRC1,45.4541631719,-75.6238324754,82.55954,gage
NRWY,44.7148463206,-110.6777213013,2342.69479,gage
NSSS,32.57931797,-116.97268988,123.5615,shakealert
NTKA,49.5923619561,-126.6166126225,-1.482,gage
NVBM,35.9698138184,-115.157516942,712.49951,gage
NVLM,36.0696574839,-114.8132094395,362.07494,gage
NVMO,36.9397150886,-116.0801779856,1545.08431,gage
NWBG,45.3000507922,-122.9755328721,42.55595,gage
NWBL,16.8204171609,-62.2027050018,146.96219,gage
NYBA,-1.7623736157,29.3496486928,2248.88667,gage
NYBH,42.1097589559,-75.8274255505,311.88061,gage
NYBT,42.9883318664,-78.1223355035,261.08935,gage
NYCL,42.5843728499,-76.2113396062,329.72228,gage
NYCP,42.187910916,-77.1434329643,276.44798,gage
NYDV,42.5489243323,-77.6979519999,187.41035,gage
NYFD,42.4282830763,-79.3396534858,211.33292,gage
NYFS,42.204674067,-78.1438807009,441.37852,gage
NYFV,42.9391761155,-74.3533449083,103.51739,gage
NYHC,41.9583379455,-75.2927511209,259.51276,gage
NYHS,42.252332055,-73.7575518084,20.86594,gage
NYLV,43.7964665383,-75.4854401033,240.4341,gage
NYMD,41.4068215425,-74.4428067932,126.99201,gage
NYML,44.8709506382,-74.2881590816,194.15006,gage
NYON,42.4402362394,-75.111815692,305.87216,gage
NYPD,44.6525265712,-75.0418152916,108.7371,gage
NYPF,43.0931998224,-77.5253178637,112.32958,gage
NYRB,44.303877708,-74.0783621295,465.7425,gage
NYST,43.0616033288,-73.8041770246,68.461,gage
NYWL,42.8986838918,-76.8520369214,108.80961,gage
NYWT,44.0282483523,-75.9211054107,117.14793,gage
OAES,34.1410041689,-116.067739807,604.7713,gage
OAKH,30.8155068467,-92.6569834369,20.19648,gage
OAKR,43.73833763,-122.44456844,375.8632,shakealert
OAMU,5.64721,-73.55803,2109.59798,rtdb
OAXA,17.072539112401774,-96.73302417135076,1719.4277777194889,rtdb
OBSR,46.8997966086,-121.8153679834,2363.1085,gage
OCEN,46.9523711474,-124.1597145499,-17.38595,gage
OCSD,33.2406691485,-117.3467409112,42.88567,gage
ODOT,44.89666048,-123.00080922,51.2277,shakealert
ODSA,47.32897407,-118.71259096,468.2667,shakealert
OEOC,33.76586098,-117.74414251,358.6012,shakealert
OFW2,44.4511055444,-110.8311545711,2280.42512,gage
OHHU,41.1767729841,-82.5613739756,253.31638,gage
OHLI,39.9525469076,-82.4141848687,293.43772,gage
OHLN,38.00625389,-122.27299477,-0.5556,shakealert
OHMR,40.5460035446,-84.6307428606,235.55669,gage
OHPR,39.7407485017,-84.5747532607,270.35647,gage
OK03,36.3296250227,-96.858032201,258.60533,gage
OK04,36.3969016645,-96.9121227031,264.57002,gage
OK05,36.4322,-96.89361111,274.0,rtdb
OK06,36.460779022,-96.856528731,252.2452,gage
OK07,36.4543119154,-96.7639968949,237.85143,gage
OKAN,34.1952022402,-95.6213582662,140.28836,gage
OKAR,34.1684636566,-97.1692486277,235.76719,gage
OKBF,36.8280278294,-99.6413581424,538.8134,gage
OKCB,27.2660379788,-80.8553347134,-15.33539,gage
OKCL,35.4831575537,-98.9714703114,469.60344,gage
OKDT,35.4901314719,-97.5076975806,365.45278,gage
OKGM,36.6745971999,-101.4793621172,929.97751,gage
OKHV,34.9131665363,-94.6180929656,145.3257,gage
OKNG,48.37340912,-119.55151565,270.9876,shakealert
OLAR,46.96119443,-122.90846718,41.0598,shakealert
OLMP,47.0448460345,-122.8952202245,2.5874,gage
OLO1,-2.7342,35.95,988.0,rtdb
OLO3,-2.753983,35.871394,1483.0,rtdb
OLO5,-2.6336855,35.8893321,657.0,rtdb
OLO6,-2.7087,35.9055,926.0,rtdb
OLO7,-2.79694,35.91232,1441.704,rtdb
OLO8,-2.784635,35.9475,1289.16,rtdb
OLO9,-2.751567,35.86994,1449.26,rtdb
OLVN,16.7504057404,-62.2277268857,40.9245,gage
ONSA,57.3953017407,11.9255235406,45.6458,gage
ONTO,44.02317958,-116.93797603,646.0677,shakealert
OPBL,34.3698811031,-115.9180601799,1226.53288,gage
OPCL,34.427715755,-116.3054605592,1312.9143,gage
OPCP,34.3671282737,-116.0833752813,1096.65725,gage
OPCX,34.4300811854,-116.1494870528,1133.82876,gage
OPRD,34.5330307526,-116.2922826723,1400.24952,gage
ORAS,46.1856567,-123.8611381,-8.6,shakealert
ORE2,37.4598166449,-121.7519518841,600.74293,gage
ORE3,37.4615127708,-121.7508243639,661.56965,gage
OREO,37.4606541839,-121.7512583047,640.06045,gage
ORES,34.7390636295,-120.2785668318,143.61948,gage
ORMD,29.2981922506,-81.1088994216,-19.87955,gage
ORMT,34.6749039382,-116.8150961119,1893.33043,gage
OROV,48.96505641,-119.41313449,311.2394,shakealert
ORVB,39.5546265232,-121.5002960739,339.99628,gage
OSOR,-40.5972447246538,-73.10361818216082,84.34732868222143,rtdb
OSPA,43.464886918,-76.5115355836,50.01038,gage
OTHL,46.82255216,-119.16788041,313.7514,shakealert
OVLS,34.3273624782,-119.1419549643,69.19424,gage
OVSC,1.21019,-77.25663,2634.16185,rtdb
OXMT,37.4993662888,-122.4243240249,209.08983,gage
OXPE,15.88871,-97.07526,73.532,rtdb
OXTH,16.2863,-95.2408,39.0,rtdb
OXUM,15.66227,-96.49903,79.969,rtdb
OXYC,34.1288143751,-118.2073223091,209.8146,gage
OYLR,47.47462868,-122.20477192,24.6345,shakealert
OZST,34.68337298,-119.35341484,1059.1314,shakealert
P001,31.9493754906,-112.8017052536,474.69538,gage
P002,39.5211368855,-117.1865348132,1741.69299,gage
P003,32.7225432411,-114.0049544775,50.9558,gage
P004,34.7843807022,-112.1519838278,1791.76565,gage
P005,39.9101698391,-115.2786314209,2015.64863,gage
P006,36.1541863101,-114.4569151104,365.22958,gage
P007,41.7241994081,-114.8197165789,1686.56992,gage
P008,36.142819904,-111.1300507314,1522.04078,gage
P009,38.4799290846,-112.222717963,1761.51507,gage
P010,34.6672608832,-113.7313457476,1399.04342,gage
P011,36.1498267866,-109.5192307739,1728.496,gage
P012,38.0974316644,-109.3338389108,1788.48646,gage
P013,41.42873991,-117.3299979116,1433.4119,gage
P014,31.9728933335,-111.0985987625,1067.96323,gage
P015,34.2638095709,-110.0094879862,1930.19586,gage
P016,40.0781206638,-112.3614057952,1730.52419,gage
P017,41.2758948728,-119.9355141708,2390.62059,gage
P018,42.9817050116,-117.0645616398,1424.24021,gage
P019,43.3001944855,-115.3116655952,1682.35368,gage
P020,47.0022069083,-118.5657733915,480.11049,gage
P021,48.6746909345,-118.730256534,1163.1725,gage
P022,45.231784454,-118.0137762741,888.11063,gage
P023,44.8984317299,-116.1030088258,1521.58122,gage
P024,47.5622005249,-115.8424377241,1907.61242,gage
P025,48.7310124581,-116.287515449,695.4628,gage
P026,32.65896011,-107.1948755624,1236.84569,gage
P027,32.8018577571,-105.8041625313,2896.72986,gage
P028,36.0316839567,-107.9084115582,1933.10938,gage
P029,38.4391895809,-107.6380464614,2455.39066,gage
P030,41.7498138527,-110.5128134444,2149.77248,gage
P031,39.5154956135,-107.9086745202,1657.56325,gage
P032,41.7416721446,-107.255927202,2167.28749,gage
P033,43.9528981519,-107.3875507912,1375.87927,gage
P034,34.9456186588,-106.4592695105,1810.90763,gage
P035,34.6013922335,-105.1836050221,1780.35437,gage
P036,36.4202736076,-105.2936562865,2529.8977,gage
P037,38.4217528058,-105.1046870024,1616.87447,gage
P038,34.1472544173,-103.4073413817,1212.98433,gage
P039,36.4481124299,-103.153957081,1493.62475,gage
P040,38.071498243,-102.6869823821,1102.64618,gage
P041,39.9494908175,-105.1942701705,1728.83171,gage
P042,42.0515051227,-104.9105982698,1422.41982,gage
P043,43.8811447454,-104.1857065106,1490.92265,gage
P044,40.1717897651,-103.2224874377,1411.02702,gage
P045,45.3828722397,-112.6171931417,1618.19026,gage
P046,47.0295938389,-113.3317372547,1290.28405,gage
P047,48.421334407,-113.2197492249,1475.54255,gage
P048,45.65304285,-111.2042141054,1491.95459,gage
P049,47.3499629624,-110.9062363998,1186.0395,gage
P050,48.809475852,-111.2484353335,1266.8725,gage
P051,45.8065997754,-108.5461487004,1081.0804,gage
P052,47.3747347745,-107.0186808924,858.62722,gage
P053,48.726078879,-107.7254236091,814.96238,gage
P054,45.8463481148,-104.4414233963,1093.0862,gage
P055,47.1167125226,-104.6851273261,667.72164,gage
P056,36.0274373831,-119.0628757266,100.77792,gage
P057,41.756571,-112.623139,1382.2135,rtdb
P058,40.8763065317,-124.075371937,21.40787,gage
P059,38.9283497817,-123.7262051162,-11.30997,gage
P060,40.9976313838,-122.414888539,430.79717,gage
P061,42.967378,-124.014015,162.7699,rtdb
P062,43.1123858618,-121.090717175,1350.26705,gage
P063,44.9227208068,-120.9461562219,965.37817,gage
P064,47.96984508,-123.48770692,1570.7502,shakealert
P065,46.84395822,-120.9330949,1017.122,shakealert
P066,32.6165270974,-116.1697951535,822.85054,gage
P067,35.5517565685,-121.0029682254,106.98847,gage
P068,39.3056419194,-117.9847924159,1455.90795,gage
P069,39.2879392312,-117.6048985919,1886.38773,gage
P070,36.0447792298,-104.698002859,1883.52462,gage
P071,39.3465460762,-117.4011847688,2085.34447,gage
P072,39.5214537914,-116.7409000763,2061.18132,gage
P073,39.5005230655,-116.4244739961,1942.59779,gage
P074,39.5464258344,-116.0496008872,1947.66927,gage
P075,39.3742421856,-115.8888213184,1881.59312,gage
P076,39.5360611967,-115.5126021883,2006.03091,gage
P077,39.3885598098,-115.4318280692,2334.19006,gage
P078,40.4334155703,-117.8798088347,1444.83357,gage
P079,39.255205,-114.691643,2747.043,rtdb
P080,39.1194375902,-114.2772190131,1972.87641,gage
P081,39.067305644,-113.8713312788,1588.12694,gage
P082,39.2689334586,-113.5052117356,1380.98383,gage
P083,40.3205797496,-117.467640353,1642.68573,gage
P084,40.4939511594,-113.0540071352,1432.79496,gage
P085,40.4954598488,-116.73621623,1661.187,gage
P086,40.648795,-112.282072,1341.5013,rtdb
P087,40.3632042729,-116.2792679205,2358.38206,gage
P088,40.7717679604,-111.7228947827,1920.44334,gage
P090,39.5728025492,-119.7998575682,1503.64628,gage
P091,36.6143227963,-117.5315449434,1966.84633,gage
P092,36.8041929763,-117.4068056614,2157.06799,gage
P093,36.6060240736,-117.9941486193,1339.04786,gage
P094,37.2008345466,-117.7041977829,1729.2162,gage
P095,39.6984296306,-119.536909233,1608.78589,gage
P096,39.795563886,-119.3056466856,1243.27429,gage
P097,39.8388048528,-118.8738646647,1210.37308,gage
P098,39.8888808418,-118.684418299,1286.56502,gage
P099,39.2123189531,-118.1593546043,2455.6585,gage
P100,41.8567997602,-113.294219255,1883.46806,gage
P101,41.6922722746,-111.2360195425,2016.10783,gage
P102,39.9249200723,-115.5560107923,2718.07997,gage
P103,39.34514055,-113.042077,1491.3826,rtdb
P104,39.186083,-112.71712,1397.5703,rtdb
P105,39.3875423533,-112.5040918867,1431.4353,gage
P106,39.4589554705,-112.2623489902,1559.52756,gage
P107,35.1321794029,-107.8800230656,1991.64978,gage
P108,39.5888774086,-111.9445545782,1683.25811,gage
P109,39.5974844424,-111.6508362711,1760.95262,gage
P110,39.7152263772,-111.5711453632,2266.20295,gage
P111,41.8173187687,-113.0121604672,1366.22246,gage
P112,39.81690466,-111.4499996548,1930.3703,gage
P113,40.6713031007,-113.2780377157,1317.63108,gage
P114,40.6339840951,-112.5276333312,1352.3661,gage
P115,40.474421686,-112.4280009643,1641.98183,gage
P116,40.4340233467,-112.0142328218,2034.73643,gage
P117,40.4351626869,-111.7514273129,1628.95617,gage
P118,40.6354877501,-111.3498720515,2082.58046,gage
P119,40.7317842348,-111.2577342491,2045.38642,gage
P120,35.0074550518,-105.6260787902,2089.65161,gage
P121,41.803388,-112.69829,1452.4432,rtdb
P122,41.635361815,-112.331920075,1293.18865,gage
P123,36.6351705589,-105.9108498617,2411.18414,gage
P124,41.5575896935,-111.9573709397,1772.94272,gage
P125,41.589022,-111.898912,1522.112,rtdb
P126,41.5832432119,-111.7805442193,1871.7105,gage
P127,39.4992128851,-119.5999288824,1523.91106,gage
P128,39.4860973022,-119.0686448396,1319.98119,gage
P129,39.1338920937,-118.4496067731,1714.11159,gage
P130,39.2680339397,-118.9377630726,1380.05539,gage
P131,39.4546844101,-118.3512721148,1825.05245,gage
P132,38.7288424417,-118.0048724508,1549.68083,gage
P133,38.7246010394,-118.4602163155,1781.80395,gage
P134,38.980874639,-118.93041734,1885.96943,gage
P135,38.7046208294,-119.0153754281,1692.12488,gage
P136,38.7613662092,-119.4585306566,1773.2567,gage
P137,40.7797942244,-119.4767710013,1331.76329,gage
P138,40.2421769996,-119.0101688048,1243.70451,gage
P139,39.9081981436,-119.7224558969,1522.97542,gage
P140,38.8292343327,-120.6931991641,1079.21643,gage
P141,39.04663202,-120.38558847,2170.3364,shakealert
P142,39.1235323394,-119.8107217862,1784.92036,gage
P143,38.7601661128,-119.7648408849,1733.57679,gage
P144,39.4667030577,-120.8929905898,1436.84983,gage
P145,41.3576870094,-119.6243301366,1755.18016,gage
P146,39.3374629232,-120.5373045723,2347.27108,gage
P147,39.9373855123,-120.284418033,2488.88998,gage
P148,40.4185871276,-120.8059656474,1584.53611,gage
P149,39.6021290397,-120.1049794994,2634.66686,gage
P150,39.2923795085,-120.0338582135,2619.06694,gage
P151,40.288900528,-120.0772677116,1313.03612,gage
P154,41.8070819828,-123.3600535463,319.88716,gage
P155,41.2724342204,-123.1887897129,1784.07607,gage
P156,40.02444434,-123.90612366,488.9764,shakealert
P157,40.2475500417,-124.3080803519,695.80071,gage
P158,40.4224921399,-124.1072114425,873.70042,gage
P159,40.5047892221,-124.2827844383,608.18915,gage
P160,40.551253252,-124.1332737599,94.22724,gage
P161,40.637364088,-124.2130880242,32.40024,gage
P162,40.691095977,-124.237038404,-6.50111,gage
P163,40.2195734001,-124.0572955908,425.27173,gage
P164,40.1192568588,-123.6933460686,1148.30819,gage
P165,40.2455496444,-123.8532695656,545.65208,gage
P166,40.4351838738,-123.8628319207,665.28536,gage
P167,40.5437047948,-123.8801805054,1021.14199,gage
P168,40.6686379029,-123.881462761,1093.47369,gage
P169,40.7911452828,-123.9676550508,689.3913,gage
P170,40.8802324802,-123.8632841184,918.15129,gage
P171,36.4855278403,-121.7925267006,572.73433,gage
P172,36.2280779027,-121.7672528404,312.60623,gage
P173,35.9457199783,-121.2903417398,339.23326,gage
P174,36.3021548367,-121.0509068834,342.12115,gage
P175,36.4259058768,-121.1348652563,451.38679,gage
P176,37.4717752451,-122.3571471775,433.79927,gage
P177,37.5281706226,-122.4950593952,71.76921,gage
P178,37.5345213369,-122.3323712111,129.04147,gage
P179,42.0989712265,-123.6855743899,402.20176,gage
P180,36.2928356434,-121.4032466227,693.17991,gage
P181,37.9145470127,-122.3767620845,72.18929,gage
P182,38.4950177208,-123.1812527098,396.76851,gage
P183,38.3136662499,-123.0688945597,10.38065,gage
P184,39.1171677238,-123.7089450953,108.9343,gage
P185,39.2613060771,-123.749343357,146.33852,gage
P186,39.1501806221,-123.5181593873,372.80156,gage
P187,39.3524791177,-123.6025488506,164.00966,gage
P188,38.6678591096,-123.2295704138,208.8509,gage
P189,38.987450956,-123.348435999,176.93365,gage
P190,39.2419559968,-123.2040540859,202.82568,gage
P191,42.2753550917,-123.6322663114,371.39136,gage
P192,39.3197282141,-123.1051951545,259.72833,gage
P193,38.122939727,-122.908148505,66.57773,gage
P194,38.1857185135,-122.8162641289,235.10614,gage
P195,38.6646673448,-122.9593142436,146.80871,gage
P196,38.2981456628,-122.7426480449,90.50447,gage
P197,38.4285631579,-122.7673921865,0.00416,gage
P198,38.2598761456,-122.6074565739,-4.64499,gage
P199,38.2636932994,-122.5034444785,55.6199,gage
P200,38.2398325504,-122.451708127,-25.12566,gage
P201,38.5598068241,-122.6584398884,349.33485,gage
P202,38.4235816516,-122.4960060142,584.0713,gage
P203,38.8661130809,-122.9170107316,926.68614,gage
P204,38.6665006511,-122.7105390305,276.63001,gage
P205,39.3981237625,-122.9630703126,771.06882,gage
P206,38.7778174989,-122.575798664,283.57885,gage
P207,39.2600441165,-122.7185729195,1826.58382,gage
P208,39.109301078,-122.3038741437,74.28941,gage
P209,37.069248,-122.126698,577.69,rtdb
P210,36.8161405083,-121.7318501274,3.0302,gage
P211,36.8791787459,-121.6980457403,60.53728,gage
P212,36.9620133912,-121.8627413647,36.57289,gage
P213,37.2017149951,-121.9908435912,167.08512,gage
P214,37.0010226014,-121.796576248,73.26314,gage
P215,37.0487871861,-121.7629568157,708.58377,gage
P216,37.0024281141,-121.7262145435,336.91586,gage
P217,37.1044987977,-121.6506390275,72.29436,gage
P218,37.20351602,-121.71396636,82.7027,shakealert
P219,37.3424926902,-122.2848283359,300.87211,gage
P220,37.3298899101,-122.2142913876,705.24783,gage
P221,37.3369542506,-122.0990561714,155.29386,gage
P222,37.5392414601,-122.083270654,53.49475,gage
P223,37.7220549202,-122.0997848757,139.93508,gage
P224,37.8638973839,-122.2190659033,407.37079,gage
P225,37.7138666972,-122.0583339873,117.14407,gage
P226,37.3367774046,-121.8255919937,5.05989,gage
P227,37.5329746236,-121.789602646,707.43237,gage
P228,37.6018357501,-121.6869415843,399.0166,gage
P229,37.7494357759,-121.9779618425,289.32029,gage
P230,37.8189640482,-121.786404649,647.99178,gage
P231,36.6216799977,-121.9054180655,-26.35164,gage
P232,36.7240231316,-121.5790493487,105.34361,gage
P233,36.8004280915,-121.4202901473,196.80811,gage
P234,36.858528882,-121.5912334798,92.58144,gage
P235,36.8142750839,-121.54154877,361.68988,gage
P236,36.90354684,-121.55446737,56.1329,shakealert
P237,36.6370267863,-121.3868377281,711.56404,gage
P238,36.84908136,-121.45277424,44.8775,shakealert
P239,36.96246371,-121.54779341,18.4819,shakealert
P240,37.00780829,-121.54203944,25.7367,shakealert
P241,37.2130110259,-121.5742650891,834.22559,gage
P242,36.9539332492,-121.4631895603,14.69041,gage
P243,36.9181886531,-121.335157585,220.76363,gage
P244,37.0108232,-121.3545225,58.6888,shakealert
P245,37.713115759,-119.7061262954,1579.84023,gage
P247,36.5595211056,-121.1884407135,569.08341,gage
P248,37.9756080757,-121.8687022931,229.81053,gage
P249,36.6116450253,-121.0644159663,1155.75044,gage
P250,36.9500349567,-121.2684430617,584.69109,gage
P251,36.81144978,-121.34795498,128.2324,shakealert
P252,37.16955504,-121.05773416,40.1349,shakealert
P253,37.4784496239,-121.6530147654,1065.05636,gage
P254,37.4896320303,-121.4692004748,1076.1908,gage
P255,37.58188454,-121.32485762,73.4949,shakealert
P256,37.9319637812,-121.6048443992,-30.71571,gage
P257,37.75529008,-121.4640399,-24.6889,shakealert
P258,37.3853885943,-121.2832769176,390.80633,gage
P259,37.43301936,-121.10058448,3.7913,shakealert
P261,38.1529603473,-122.2175444127,118.14133,gage
P262,38.0251488753,-122.0961491591,-8.57583,gage
P263,38.5776945038,-122.4291812577,554.37624,gage
P264,38.444214463,-122.1953350188,231.03242,gage
P265,38.5301848334,-121.9541997339,7.99254,gage
P266,38.1839675595,-121.8435315235,22.4334,gage
P267,38.3803348683,-121.8232393864,-17.55307,gage
P268,38.4735255586,-121.646416358,-23.97863,gage
P269,38.9995245634,-122.3545583895,298.22063,gage
P270,39.2437691446,-122.0552181161,-12.40737,gage
P271,38.6573496064,-121.714554809,-18.49429,gage
P272,39.14548081,-121.94306726,-12.098,shakealert
P273,38.11581164,-121.38808274,-26.4982,shakealert
P274,38.28312226,-121.4605171,-27.915,shakealert
P275,38.3215283816,-121.2145911914,-5.30611,gage
P276,38.6453071113,-121.0951701122,207.25586,gage
P277,37.1923757217,-122.3668909949,115.28508,gage
P278,35.7112551379,-121.0607620294,465.89163,gage
P279,35.7906505537,-121.0620239514,469.92396,gage
P280,35.5440568997,-120.3476128208,476.4269,gage
P281,35.8410610171,-120.3894665801,383.82379,gage
P282,35.837809825,-120.3452191326,394.69687,gage
P283,35.8066704706,-120.2852612114,434.21519,gage
P284,35.9332634422,-120.9068517435,512.21938,gage
P285,36.4171796796,-120.9814862362,805.75725,gage
P286,36.5159086253,-120.8530607522,538.84417,gage
P287,36.0248381175,-120.6978391567,609.75053,gage
P288,36.1402098757,-120.8789091476,397.71431,gage
P289,36.1068448501,-120.7488235429,540.65635,gage
P290,36.1789389944,-120.7282570012,987.77067,gage
P291,35.9227802162,-120.6447781357,661.36164,gage
P292,36.00746,-120.47527,1016.0,rtdb
P293,36.089359,-120.542978,539.451,rtdb
P294,36.1232364991,-120.4398866789,509.41864,gage
P295,35.6970803675,-120.8423906025,583.49282,gage
P296,36.05165,-120.363546,265.92,rtdb
P297,35.974088781,-120.5518650936,629.30366,gage
P298,36.0158424947,-120.29406363,323.26532,gage
P299,36.256814,-120.710182,809.968,rtdb
P300,36.3044272914,-120.2769848529,137.28702,gage
P301,36.80629083,-120.74305743,89.2059,shakealert
P302,36.634727184,-120.6185798936,122.63415,gage
P303,37.0543829552,-120.7053005392,-2.44197,gage
P304,36.7390040453,-120.3566036032,16.84382,gage
P305,37.3522137337,-120.1967635641,96.06197,gage
P306,37.7951666309,-120.6444633605,82.51442,gage
P307,36.9472697841,-120.0579245968,48.60493,gage
P308,37.9011503095,-119.8402034415,1501.86342,gage
P309,38.0899898369,-120.9512425304,41.39177,gage
P310,38.7356065702,-120.3343420591,1791.30677,gage
P311,37.1775623731,-118.5198055797,3698.64295,gage
P312,39.5291805129,-123.6983822366,254.93591,gage
P313,39.5542899315,-123.5645521857,651.73962,gage
P314,39.6856650973,-123.5818559145,1251.91853,gage
P315,39.8635841771,-123.7169039244,257.99457,gage
P316,41.5591326,-124.086147,234.9561,shakealert
P317,39.9056704946,-123.5518567572,1118.64046,gage
P318,39.4523696913,-123.3718600243,594.93239,gage
P319,39.7070965658,-123.2950853057,513.04547,gage
P320,39.4928270834,-123.1867916645,392.41675,gage
P321,39.8972207622,-123.394953022,1133.65001,gage
P322,39.9621432661,-123.1824865271,1433.91679,gage
P324,40.2568380923,-123.6557421864,509.34089,gage
P325,41.151669738,-123.8826097427,914.58033,gage
P326,40.5753134688,-123.698934158,1261.68804,gage
P327,40.478859931,-123.5730685677,710.07068,gage
P329,40.0822144913,-123.4520516803,1034.61305,gage
P330,40.3240681985,-123.1355863962,1653.00729,gage
P331,40.73291379,-123.32414676,1541.9787,shakealert
P332,40.5466497869,-123.1745084911,684.47896,gage
P333,39.6213804644,-122.9757590931,2008.8322,gage
P334,39.4935912653,-122.7358766311,1936.22921,gage
P335,39.72618924,-122.87364198,2229.4809,shakealert
P336,39.5280792526,-122.4304886659,286.71206,gage
P337,40.2961881132,-122.8688094305,1193.32473,gage
P338,40.7475522602,-122.9230329351,672.21058,gage
P339,40.0341098886,-122.6682544663,979.5633,gage
P340,39.40933763,-123.04982779,864.6779,shakealert
P341,40.6506554273,-122.6069047246,406.82455,gage
P343,40.8871275206,-123.3342141521,1617.4656,gage
P344,39.9291223181,-122.0279766028,49.7427,gage
P345,40.2712336914,-122.2708112596,134.05465,gage
P346,39.7947091109,-120.8674686482,2037.3247,gage
P347,41.1833421779,-120.9484658368,1268.80274,gage
P348,40.9055448571,-121.8280074841,1668.05168,gage
P349,40.7310846542,-122.3193556104,275.37231,gage
P350,43.5327552258,-114.8628426973,2388.34463,gage
P351,43.87441464,-114.719163,2692.6076,rtdb
P352,43.8490574255,-114.0960790842,2474.66841,gage
P353,44.0545369796,-113.978805038,2041.00338,gage
P354,44.1085096975,-113.9789443815,2000.28568,gage
P355,44.2179196781,-113.7220907807,2329.21556,gage
P356,43.8166355251,-110.4891152226,2227.72515,gage
P357,44.2271037105,-113.5818951823,2295.33984,gage
P358,44.4018955787,-113.2406682045,2419.37695,gage
P359,43.4824887417,-111.5295040739,2116.43955,gage
P360,44.3178496333,-111.4506814808,1857.8338,gage
P361,44.5603461925,-111.4396932182,2930.93171,gage
P362,42.2091034794,-124.2257909952,1012.41386,gage
P363,42.860059,-124.054033,70.769,rtdb
P364,43.0903276693,-124.4092918564,6.45761,gage
P365,43.395517888,-124.2534845676,27.09819,gage
P366,43.6143101235,-123.9795959343,529.08761,gage
P367,44.5852457974,-124.0615725331,22.91221,gage
P368,42.5035238052,-123.3834233849,319.43834,gage
P369,43.14010418,-123.42946279,190.032,shakealert
P370,42.1909861497,-122.6563749403,555.03929,gage
P371,43.363272722,-123.057902283,1198.05938,gage
P372,45.4281359242,-117.2516608866,1208.30419,gage
P373,43.622518248,-123.3332773148,169.9233,gage
P374,44.3819250115,-123.5906423979,73.2155,gage
P375,44.6892537214,-123.4269888913,99.21014,gage
P376,44.9412018866,-123.1022686772,180.86616,gage
P377,44.0521176634,-122.8870607336,142.39885,gage
P378,44.5349814197,-122.9308838981,83.12024,gage
P379,44.4965,-122.577028,1222.146,rtdb
P380,42.2596692428,-121.779701205,1390.80462,gage
P381,43.0017752601,-119.9518066976,1567.45378,gage
P382,43.1770555185,-121.7695770235,1453.21721,gage
P383,44.3421833521,-122.2172231465,1295.57026,gage
P384,44.8411295165,-122.482820754,1182.56235,gage
P385,44.4348470723,-121.9458367834,1120.79646,gage
P386,44.4028261269,-118.9678205826,1103.49904,gage
P387,44.2967547313,-121.5744799742,962.58594,gage
P388,42.468778324,-120.3776142638,1405.73282,gage
P389,43.8119909907,-120.6033643667,1397.43176,gage
P390,43.0340063026,-118.9284930724,1554.84421,gage
P391,42.2546277588,-118.4124769919,1834.2298,gage
P392,43.4467573405,-119.0010042413,1315.50664,gage
P393,43.2344939185,-117.8920418671,1238.30127,gage
P394,44.8348794582,-117.7996412979,1010.6878,gage
P395,45.0222786179,-123.8575287197,53.03764,gage
P396,45.3095127127,-123.8228972069,54.5616,gage
P397,46.4216184211,-123.7991620503,566.31363,gage
P398,46.9257840523,-123.9161456329,23.54509,gage
P399,47.4339187534,-123.6129622761,919.44052,gage
P400,47.513347563,-123.8124518464,65.00751,gage
P401,47.9371872502,-124.557019111,36.22615,gage
P402,47.7662206884,-124.3058975661,23.75871,gage
P403,48.06232108,-124.14087616,284.7286,shakealert
P404,45.15853306,-123.3903300439,79.03083,gage
P405,45.6293262791,-123.6437588688,955.64866,gage
P406,45.1903714774,-123.1522589801,27.27605,gage
P407,45.9546487012,-123.9310067985,-13.10375,gage
P408,46.2005009114,-123.3765885818,35.27119,gage
P409,45.85129275,-123.2394796,177.2917,shakealert
P410,46.1111407995,-123.0786076663,173.11308,gage
P411,45.53799192,-123.15741925,83.3945,shakealert
P412,45.2211047921,-122.5891036928,53.19472,gage
P413,48.4265101558,-120.1495871262,501.24716,gage
P414,45.8348674454,-122.6928398437,63.82865,gage
P415,46.6559899361,-123.7298673714,-15.40157,gage
P416,47.0399407312,-121.5969310466,1576.50899,gage
P417,46.5747368985,-123.2979318544,102.46981,gage
P418,47.2366440604,-123.4078153142,115.15274,gage
P419,47.4092975602,-123.3665281659,935.97936,gage
P420,46.58860095,-122.86633408,74.0931,shakealert
P421,46.5318549039,-122.4292316039,220.56239,gage
P422,46.797863972,-116.9796870833,843.71746,gage
P423,47.28790232,-122.94121231,39.9585,shakealert
P424,47.8231824917,-122.8747146701,-1.58127,gage
P425,46.4526928097,-122.8454011991,64.25334,gage
P426,47.802723349,-122.5145877259,3.30583,gage
P427,45.4301775071,-122.3406337395,149.17476,gage
P429,45.6761265482,-121.8773628699,25.53714,gage
P430,47.003844,-123.436222,-4.3983,rtdb
P431,46.5720802558,-121.98845553,1422.69421,gage
P432,46.6228543304,-121.6832326264,318.86762,gage
P433,44.5325206716,-119.8720150429,1158.66774,gage
P434,47.7402009598,-121.0756117015,1698.02413,gage
P435,48.0595477826,-123.5032805301,287.33497,gage
P436,48.0453012037,-123.1343503091,190.89525,gage
P437,48.0018080013,-122.4591599444,12.45457,gage
P438,48.4191463511,-122.6702653687,-9.90743,gage
P439,48.7081910023,-122.9093059763,-13.86468,gage
P440,48.8561917195,-122.4933439037,6.35705,gage
P441,48.9159771967,-122.1396447857,115.20047,gage
P442,48.26047849,-121.61555259,146.8839,shakealert
P443,48.50964768,-121.28556,1062.1105,rtdb
P444,48.73021763,-121.06755088,493.8774,shakealert
P445,45.590121559,-120.6722492915,436.05202,gage
P446,46.1156612395,-122.8927900661,-16.46671,gage
P447,45.452819701,-119.6901278852,471.21882,gage
P448,45.9105769179,-120.005203445,261.41194,gage
P449,46.2597906986,-119.6309999241,208.41806,gage
P450,45.95333347,-119.54419754,163.6579,shakealert
P451,46.7927849825,-119.0413648548,351.42877,gage
P452,47.4035472693,-119.4872856366,323.04281,gage
P453,47.759131223,-118.7454600366,644.22177,gage
P454,47.9538142629,-118.9925817844,478.9409,gage
P455,44.485563,-112.728534,2594.547,rtdb
P456,44.8634855367,-111.2251108928,2956.33412,gage
P457,45.0412264418,-111.2726366619,2261.93743,gage
P458,44.7656860913,-111.3015138759,2393.92011,gage
P459,43.7483272538,-110.7458139618,2135.65978,gage
P460,45.1399847401,-111.0285978484,2197.82098,gage
P461,45.3542486424,-110.7586871986,1544.07406,gage
P462,36.0713151408,-116.6287112374,1334.38576,gage
P463,36.0224641918,-117.1646761004,1326.99906,gage
P464,36.15904423,-117.41000438,911.5109,shakealert
P465,36.4668334089,-118.1324375365,2901.54169,gage
P466,36.5312479856,-117.7894647748,2754.57778,gage
P467,36.5702012781,-118.0906273551,1380.1117,gage
P468,36.9756812626,-118.11836684,2853.30662,gage
P469,37.2314237605,-117.9358135446,1794.82727,gage
P470,34.4624053817,-117.393894006,991.38258,gage
P471,33.5621273368,-117.5408724849,174.74474,gage
P472,32.8892115827,-117.1047023705,137.81896,gage
P473,32.7337785182,-116.9495226568,188.53331,gage
P474,33.355195231,-117.2486988948,182.89221,gage
P475,32.6663983067,-117.2439424818,-25.07675,gage
P476,33.4396513568,-117.1896834986,309.73491,gage
P477,33.5028031699,-117.1133784073,334.43005,gage
P478,33.2357172693,-117.0715975797,371.55237,gage
P479,33.4933193899,-116.7829362358,1093.8168,gage
P480,32.9759977831,-116.3485424792,436.02009,gage
P481,32.8222408571,-116.0107977469,610.8968,gage
P482,33.2401811549,-116.6714192733,878.68853,gage
P483,33.059165931,-116.5693323257,1375.52965,gage
P484,33.3755940617,-116.6208441665,1382.46371,gage
P485,33.21021345,-116.40904542,372.1159,shakealert
P486,33.26019193,-116.32229206,126.2805,shakealert
P487,33.21353263,-116.18307834,90.2157,shakealert
P488,33.20101659,-116.07881534,61.7061,shakealert
P489,33.2962136,-116.11161334,290.2995,shakealert
P490,33.52346322,-116.4259099,2622.3994,shakealert
P491,33.5746793317,-116.2268292919,4.24315,gage
P492,32.8870494653,-115.969456698,68.83989,gage
P493,32.9547039293,-115.8248966187,197.4963,gage
P494,32.7596554191,-115.7320719379,-44.27868,gage
P495,33.0449610809,-115.6283971918,-84.07355,gage
P496,32.7506265018,-115.5959583882,-40.06714,gage
P497,32.8347357138,-115.577035611,-51.00568,gage
P498,32.8984314291,-115.5695698536,-58.05161,gage
P499,32.9796054113,-115.4879151236,-74.24806,gage
P500,32.6900458728,-115.2999344125,-20.61513,gage
P501,32.8757553842,-115.3979147355,-55.70058,gage
P502,32.9824501561,-115.4219140913,-66.08185,gage
P503,32.9489158441,-115.72018661,6.13422,gage
P504,33.5164094295,-115.7658506343,84.00757,gage
P505,33.4238726623,-115.6870027496,-57.80708,gage
P506,33.08142962,-115.51020012,-83.5399,shakealert
P507,33.1999742508,-115.6124086999,-78.63193,gage
P508,33.24777876,-115.42870845,10.7031,shakealert
P509,32.890661848,-115.2939196524,-29.65193,gage
P510,33.143573118,-115.343334915,1.51181,gage
P511,33.8869336979,-115.2961037404,273.32842,gage
P512,37.5626347049,-119.6944515851,1344.71123,gage
P513,34.9072659379,-120.6501804695,284.56433,gage
P514,35.0107176107,-120.4097570159,140.91419,gage
P515,34.8705570708,-120.2398586271,290.62357,gage
P516,35.1062038951,-120.3833994751,262.97514,gage
P517,34.3763672749,-118.1775787032,1959.16591,gage
P518,35.0200359494,-120.0753142919,1101.78792,gage
P519,34.5078139742,-119.7924451603,810.90814,gage
P520,34.6304860175,-119.6164132904,1250.83556,gage
P521,34.8885697627,-119.8153628984,1709.07703,gage
P522,35.0866125721,-119.5360683505,991.09674,gage
P523,35.3044530353,-120.860280573,41.36605,gage
P525,35.4257706855,-120.8081489421,271.36678,gage
P526,35.6359777562,-120.869744706,416.83824,gage
P527,35.754146955,-120.6047615346,347.92109,gage
P528,35.327814172,-120.5454559135,367.3537,gage
P529,35.4404541381,-120.3538352047,437.33759,gage
P530,35.6248037953,-120.4804408295,388.35575,gage
P531,35.7926929224,-120.5366071662,440.13047,gage
P532,35.6338136823,-120.267033278,533.25449,gage
P533,35.7479324759,-120.3709600137,603.19874,gage
P534,37.0612345997,-122.2376182505,204.24479,gage
P535,35.235129771,-120.1014287729,571.56978,gage
P536,35.2797699534,-120.025027189,665.38344,gage
P537,35.3167978771,-119.9353472076,581.82213,gage
P538,35.5341753153,-120.1125059854,641.19515,gage
P539,35.7026748262,-120.1820559459,601.11347,gage
P540,35.8012799112,-120.1306411353,393.72427,gage
P541,35.6867322292,-120.0006833406,209.21109,gage
P542,35.6889122276,-120.2926063575,587.96572,gage
P543,35.3189932663,-119.7132268304,544.05481,gage
P544,35.7312679094,-119.7380391953,33.53565,gage
P545,35.49984218,-119.53581196,50.5034,shakealert
P546,35.92790429,-120.15488868,635.27,shakealert
P547,35.93470377,-119.90936524,45.7743,shakealert
P548,34.4668085737,-119.5039521178,1134.84684,gage
P549,34.5996,-119.326338,1250.2763,rtdb
P550,34.6600847407,-119.114626734,1526.14498,gage
P551,34.8562001764,-119.1545765092,1550.30116,gage
P552,35.686727394,-120.2449669189,581.67983,gage
P553,34.8350951467,-118.8789737511,1335.86103,gage
P554,34.7922980504,-118.8480344463,1170.14978,gage
P555,34.6949918545,-118.669429033,1095.98493,gage
P556,34.7711097035,-118.5454586633,852.61007,gage
P557,34.9443855291,-118.6555919527,1818.22172,gage
P558,35.13860569,-118.61165934,1411.4408,shakealert
P559,34.838909,-118.617597,927.7012,rtdb
P560,34.8218118388,-118.5408718951,838.29777,gage
P561,34.6184608308,-118.3990610293,974.42986,gage
P562,34.982133,-118.188744,1241.0709,rtdb
P563,35.4186693612,-119.4211705622,56.50639,gage
P564,35.6229115238,-119.3493944668,60.43208,gage
P565,35.7438936058,-119.2366577735,62.59755,gage
P566,36.3244542264,-119.2292918637,77.91887,gage
P567,35.4209463812,-118.7535816487,706.33285,gage
P568,35.2543074909,-118.1265169536,1301.21112,gage
P569,35.3779687569,-118.1237716423,1275.72005,gage
P570,35.6673480417,-118.2600435017,810.86551,gage
P571,36.2313655055,-118.7667199996,914.20446,gage
P572,36.5855156594,-118.9546003443,1167.32268,gage
P573,36.093094246,-118.2605032572,2441.36831,gage
P574,34.2867707354,-117.6338913415,2873.77138,gage
P575,34.2155138304,-117.5421669946,1928.4095,gage
P576,35.66966626,-120.97000634,324.4087,shakealert
P577,34.3046059241,-117.3189187261,999.54253,gage
P578,35.6943326244,-120.2390367465,536.29092,gage
P579,35.0387630657,-118.0057691223,834.20278,gage
P580,35.6209465817,-117.192228007,1669.6084,gage
P581,34.5097398623,-117.7290066027,972.78855,gage
P582,34.6342592413,-117.5488643466,848.02283,gage
P583,34.987004362,-117.5433968362,730.75269,gage
P584,33.89260417,-116.9516466153,738.74546,gage
P585,34.0193482744,-116.5457507604,958.14684,gage
P586,34.53484367,-117.28052467,809.389,shakealert
P587,34.33223488,-118.0313437367,1600.76489,gage
P588,34.785437,-117.267599,709.7864,rtdb
P589,34.6206674079,-117.1101940327,1148.05279,gage
P590,35.11677751,-117.36475419,678.5052,shakealert
P591,35.1524253148,-118.0164788193,708.81369,gage
P592,35.2385519692,-117.3032330221,1049.31368,gage
P593,35.3878697139,-117.2050626951,1375.76123,gage
P594,35.8967088399,-117.3901355966,937.40541,gage
P595,35.6975567699,-117.402832164,644.45262,gage
P596,35.9981763736,-116.8895255609,430.46609,gage
P597,35.7105985884,-116.8883991591,1194.14456,gage
P598,34.1924621892,-116.7102714889,2746.46666,gage
P599,34.2171708888,-116.5374681964,1323.89818,gage
P600,33.8658460068,-116.2118800685,792.07029,gage
P601,33.9592960092,-116.0802316041,1242.627,gage
P602,35.729165834,-120.2278983238,648.23719,gage
P603,34.7169049488,-116.0295064187,624.70162,gage
P604,34.936827334,-116.6714572559,588.42282,gage
P605,34.3411289886,-117.9366720375,2419.72332,gage
P606,34.4620642688,-116.8796283663,863.35842,gage
P607,33.7410387591,-115.8206562111,958.70548,gage
P608,33.9940824608,-115.6866063684,632.29734,gage
P609,34.06268726,-116.89282227,2721.2173,shakealert
P610,34.4257458389,-115.7637279448,343.83806,gage
P611,35.2047723253,-115.6498144437,1333.01675,gage
P612,34.1873830495,-117.3155227459,531.70842,gage
P613,34.1961901347,-117.0499674773,2355.16003,gage
P614,34.7317924959,-115.2502654623,490.98165,gage
P615,35.2046082765,-116.7629126097,995.13182,gage
P616,35.4245641067,-117.893336942,1071.1787,gage
P617,35.3206419811,-116.5716477515,887.67238,gage
P618,35.1418883538,-116.103935265,263.36111,gage
P619,35.52594674,-116.1218058048,388.92554,gage
P620,35.7853629273,-116.1449229174,668.70945,gage
P621,35.4727590455,-115.5439530067,1420.4993,gage
P622,35.1629902214,-115.3658674797,1524.45618,gage
P623,34.1889323544,-114.5994076655,267.7413,gage
P625,34.8444420661,-114.9651465362,606.76644,gage
P626,35.29111808,-115.23828013,1442.6653,shakealert
P627,37.9731002534,-118.3785282124,2342.14136,gage
P628,37.9342298887,-119.249357169,2924.42741,gage
P629,37.375866103,-119.1793769867,2725.67997,gage
P630,37.6130360133,-119.0004461644,2740.58856,gage
P631,37.6053244379,-118.9159436999,2659.8162,gage
P632,37.7856644647,-119.0860787683,2389.80916,gage
P633,37.9134598958,-119.032991311,2293.00655,gage
P634,37.696591732,-119.0257840185,2467.43189,gage
P635,37.839313357,-119.137994426,2484.19932,gage
P636,37.9627708389,-119.1467107547,2739.05448,gage
P637,37.914105324,-119.0837023056,2031.6595,gage
P638,37.7343171387,-118.943482379,2491.89814,gage
P639,37.6545618941,-118.8687125264,2339.29407,gage
P640,37.8917381055,-118.9604115391,2200.93446,gage
P641,37.8781888018,-118.8519234149,2527.18983,gage
P642,37.5913663142,-118.8166741021,2667.37735,gage
P643,37.5615522884,-118.6981657712,2121.99104,gage
P644,37.4953915584,-118.6844066357,3458.63152,gage
P645,37.5412709642,-118.5934590062,2007.70729,gage
P646,37.6770340616,-118.8199914171,2102.00165,gage
P647,37.7543610814,-118.7677096853,2235.53127,gage
P648,37.800015394,-119.0192165093,2572.39674,gage
P649,37.9034559011,-118.7362332435,2153.95751,gage
P650,37.8912758948,-118.5549040982,2298.18142,gage
P651,37.5631085979,-118.3869863845,1316.70373,gage
P652,37.5891569897,-118.2384552264,3865.28886,gage
P653,37.7374989614,-118.4716637184,1826.29205,gage
P654,38.0579341839,-119.1501935933,2053.46362,gage
P655,41.2944848508,-122.2063258858,1542.50451,gage
P656,41.3448379348,-122.1958417122,2398.62807,gage
P657,41.3812382833,-122.293852206,1684.42018,gage
P658,41.4791759429,-122.1909158262,1915.17182,gage
P659,41.4537325089,-122.0926674433,1791.07335,gage
P660,41.4095904455,-122.0676816466,1587.17884,gage
P661,41.46359693,-122.31267418,1324.1689,shakealert
P663,41.53193875,-122.15292642,2237.9948,shakealert
P664,40.4731953142,-121.4959090954,2568.95702,gage
P665,40.4561275526,-121.5257586122,2326.65733,gage
P666,40.4653450111,-121.5145136063,2471.41781,gage
P667,40.4658261966,-121.467445205,2333.93375,gage
P668,40.5089927203,-121.4630815948,1982.38649,gage
P669,40.4921236988,-121.6037905599,1842.88084,gage
P670,40.5399042498,-121.5772006252,1731.67901,gage
P671,40.4091407024,-121.4282130594,1958.72278,gage
P672,41.7115690452,-121.5069418701,1435.06932,gage
P673,41.5858222494,-121.613018437,2017.77896,gage
P674,41.6163212844,-121.4899899678,1897.1646,gage
P675,42.2122199842,-112.718825764,1559.12119,gage
P676,44.6542146456,-111.3379549656,2189.80073,gage
P677,42.8789175642,-113.8683064231,1284.80519,gage
P678,43.4489622044,-112.8045547543,1535.32896,gage
P679,44.0398182355,-113.306484658,1936.40432,gage
P680,44.5983554882,-111.098753509,2315.93705,gage
P681,44.399776,-112.636473,1976.0646,rtdb
P682,42.5032993923,-110.9075300845,2323.97977,gage
P683,42.8266957914,-111.7345416745,2065.68685,gage
P684,43.9191469135,-111.4504905639,1693.91205,gage
P685,44.0679457945,-111.830158583,1606.81617,gage
P686,44.252053443,-111.1550400715,2165.30126,gage
P687,46.1095708902,-122.3546415891,391.06935,gage
P688,46.030120146,-122.1641633247,1165.72295,gage
P689,46.189552265,-122.3606225473,1359.4299,gage
P690,46.179987688,-122.1898720061,2078.86332,gage
P691,46.2314825726,-122.2269673404,1182.87918,gage
P692,46.2244972402,-122.1842103756,1491.84503,gage
P693,46.2103203389,-122.2023507076,2112.9117,gage
P694,46.2996283635,-122.1819337618,1725.65782,gage
P695,46.1989859761,-122.1642160225,2015.6298,gage
P696,46.1968799182,-122.1516386681,1599.98193,gage
P697,46.1876418073,-122.1766134751,2214.52114,gage
P698,46.1734643147,-122.1606140362,1479.34934,gage
P699,46.189783,-122.203226,2274.1161,rtdb
P700,46.178133701,-122.2173683521,1521.64246,gage
P701,46.19462,-122.133336,1247.789,rtdb
P702,46.3001601716,-122.3456505166,1305.68028,gage
P703,46.1452568396,-122.1961941016,988.37479,gage
P705,46.1729573411,-122.3105964658,1150.84371,gage
P706,45.0434685069,-112.5240931864,1810.70524,gage
P707,44.7187687674,-111.8371679435,2292.81131,gage
P708,43.78639,-110.933579,2999.256,rtdb
P709,44.3917939862,-110.2860105203,2379.70098,gage
P710,44.0957525825,-110.7321456865,2172.51669,gage
P711,44.6355632802,-110.8610703832,2118.72622,gage
P712,44.9574702529,-111.0723828515,2161.51801,gage
P713,44.38967101,-110.543734,2368.5655,rtdb
P714,44.8958478074,-110.7444262696,2250.50494,gage
P715,43.500767596,-109.6898554881,2988.23091,gage
P716,44.7182563626,-110.5115163567,2386.63913,gage
P717,44.4854048274,-109.8972955085,2270.22381,gage
P718,44.7530994446,-109.3763110176,2577.10597,gage
P719,45.2177559932,-111.7890279223,1706.33994,gage
P720,44.9430991186,-110.3062610169,1923.94482,gage
P721,45.0028741226,-110.0020530344,2236.29517,gage
P722,45.4572228519,-109.5710142623,1452.76969,gage
P723,37.380425563,-118.7247804782,3197.80942,gage
P724,37.4394764449,-118.5610729292,1371.62417,gage
P725,37.0888947309,-119.7456106423,330.95881,gage
P726,37.280527914,-118.1467000376,2202.12647,gage
P727,37.2735781399,-118.4667769155,2677.21705,gage
P728,39.1776988649,-106.973984038,3426.11341,gage
P729,34.2630833772,-119.0960664366,36.05451,gage
P730,41.3591961187,-120.8282540213,1822.47169,gage
P731,41.332513805,-120.4727658526,1391.27475,gage
P732,43.3924986119,-123.8913727445,582.09139,gage
P733,42.4420155155,-124.41329958,184.5868,gage
P734,42.0766344711,-124.2932593425,113.3566,gage
P735,42.6916090463,-123.2310020499,1577.67967,gage
P736,42.5798290265,-121.880131402,1259.54441,gage
P737,42.72714106,-122.6096386,1245.7478,shakealert
P738,42.5460796646,-119.6587051887,1706.76506,gage
P739,42.0201981557,-117.7254336168,1351.87619,gage
P740,33.5981955364,-116.5959807301,1372.07306,gage
P741,33.5574742193,-116.531026364,1371.2572,gage
P742,33.4955441515,-116.6025786997,1142.64254,gage
P744,32.8293827028,-115.5084091149,-52.73897,gage
P775,40.47538,-86.9920868,182.582,rtdb
P776,43.5432662938,-71.3785592268,476.93101,gage
P777,35.7026598882,-92.5454751392,335.37066,gage
P778,35.24034,-85.81487,552.254,rtdb
P779,35.2019419179,-82.8724816093,878.72589,gage
P780,18.0750276357,-66.5791338342,154.06131,gage
P781,37.69898,-121.07155,-9.7396,rtdb
P782,35.693814,-120.216175,538.608,rtdb
P783,40.807572032,-111.4147245969,1819.774,gage
P784,41.8308148063,-122.4204596477,802.23654,gage
P786,41.8454842716,-123.9807925544,83.9901,gage
P787,36.7994789104,-121.5808389269,113.64372,gage
P788,36.7443383002,-121.4787701642,626.64027,gage
P789,35.9465885191,-120.4717334489,503.39151,gage
P790,35.9291504328,-120.5153826974,553.7144,gage
P791,45.3445294571,-121.6726837849,1985.1791,gage
P792,46.2446209343,-122.1368927691,1256.86591,gage
P793,40.4787529922,-123.5731340948,709.8669,gage
P794,39.845678828,-122.9637613105,2088.61144,gage
P795,34.5081226763,-116.1481288993,1095.31415,gage
P796,32.4978711321,-114.7593506424,10.15765,gage
P797,33.537294075,-116.5925314624,1403.77798,gage
P798,43.7960202021,-110.9605950748,2450.52931,gage
P799,33.9276501488,-118.3063560808,24.82553,gage
P800,34.0216918541,-118.3490744026,-2.30126,gage
P801,44.3896695536,-110.5437351478,2368.57087,gage
P802,46.5575511352,-100.6234141371,572.34829,gage
P803,46.3264542422,-90.683652882,414.23067,gage
P804,32.9632880915,-84.2257569413,216.37085,gage
P805,32.96324,-84.22585,215.74,rtdb
P806,32.963311,-84.225869,215.8,rtdb
P807,30.4946432249,-98.8220435536,418.99744,gage
P808,34.836020249,-118.6214588819,914.33796,gage
P809,35.74389954,-119.23675929,62.3919,shakealert
P810,35.74395705,-119.23672251,62.2058,shakealert
P811,35.15243188,-118.01660997,708.6934,shakealert
P812,35.15249945,-118.01653805,708.3474,shakealert
P815,47.93718715,-124.55715252,36.2388,shakealert
P816,47.93710988,-124.55708777,35.7632,shakealert
P817,40.145580952,-78.5111715866,384.02331,gage
P820,42.8618511558,-124.0539473438,68.83142,gage
P821,43.1445504153,-123.4289881264,252.27548,gage
P822,42.4934666577,-122.5883051013,1164.92475,gage
P823,45.5376345867,-123.1573714551,78.07079,gage
P824,45.8530939379,-123.2477214054,177.69533,gage
P825,45.7991470496,-120.8470990139,489.08427,gage
P826,46.1819912404,-123.7991533,164.51022,gage
P827,46.7465796229,-122.8391009269,101.29944,gage
P828,47.2889733965,-122.9407177262,38.56463,gage
PABH,47.2127993444,-124.2045818777,12.90801,gage
PAFU,39.9265889906,-79.6973725878,326.74201,gage
PAL2,7.13103,-73.18417,1215.4858,rtdb
PALG,33.3890188965,-117.03178618,528.79852,gage
PALX,31.559119084,-116.0637924282,1545.46174,gage
PAMS,40.9955720301,-75.2510729248,192.57527,gage
PAPC,41.7644166776,-78.0234334971,484.60264,gage
PARY,45.3385538755,-80.0358935728,145.00377,gage
PAS1,34.07387554,-106.920944,1417.1083,rtdb
PASA,57.436,-152.4578,66.6,rtdb
PASS,40.6391553408,-76.1582798661,164.44258,gage
PB19,-23.89673765972077,-69.30226651711348,2435.5239429631865,rtdb
PB1Y,32.64793892,-115.69244526,1.1536,shakealert
PBCH,26.8462941978,-80.219256209,-16.90676,gage
PBHR,35.7089559285,-121.2724192382,152.22322,gage
PBLD,19.669197,-155.371761,1754.874,rtdb
PBPP,34.5082281006,-117.922577354,901.95078,gage
PCCL,-18.457674003727842,-70.1067444585473,1143.7277126649224,rtdb
PCOL,47.1720554186,-122.5708083714,79.10993,gage
PDIG,25.040225732113175,-105.39597628233481,1757.0615321636465,rtdb
PDTN,45.6659452195,-118.7569314132,394.44461,gage
PDXA,45.5968718381,-122.6092353684,-5.04513,gage
PEA1,36.1869066832,-120.758599656,789.68447,gage
PEA2,36.1805334986,-120.7668481661,682.46576,gage
PECL,-37.6869619559512,-73.65057142223512,100.23593227704755,rtdb
PEIG,15.997679048484619,-97.1475722272102,334.3148305180259,rtdb
PFBP,18.0383,-67.13344,3.765,rtdb
PFLD,47.8985054679,-122.282185019,160.27751,gage
PGC5,48.6485314036,-123.4511308157,3.58384,gage
PHJX,32.4900573751,-115.550455341,105.43369,gage
PHLB,34.925423905,-117.6944831483,886.14565,gage
PIE1,34.3015046427,-108.1189302211,2347.73426,gage
PIMA,32.2279572106,-111.0186334977,713.60596,gage
PIN1,33.61215726,-116.45816601,1256.1476,shakealert
PIN2,33.61214923,-116.45762373,1258.3856,shakealert
PINO,16.392773016183337,-98.1273629029607,238.9106409153062,rtdb
PJZX,32.41700685,-115.88373,1335.7489,rtdb
PKDB,35.94524157,-120.54156515,589.8769,shakealert
PKDG,35.9452421488,-120.5415664759,589.99938,gage
PKDL,45.51830211,-121.56368241,511.7247,shakealert
PKRD,34.0715627912,-118.2329114552,130.84842,gage
PKTN,39.0454709134,-83.024407133,143.20093,gage
PKWD,46.5997963407,-121.6769835003,306.71631,gage
PLCX,31.2552161349,-116.1580791809,182.97142,gage
PLMN,46.7339295123,-117.1931069916,742.95449,gage
PLNA,44.13206445,-119.96679197,1110.2133,shakealert
PLPX,31.58860016,-115.151275,813.4855,rtdb
PLTR,5.04383,-75.3321,3710.52375,rtdb
PLTX,31.8163419747,-115.4308994562,236.50931,gage
PLVP,-37.148830583501635,-73.5850296212621,58.994526509190784,rtdb
PMAR,43.9906712699,-121.686750587,2347.72939,gage
PMKZ,61.2836674595,-149.923174349,49.76363,gage
PMOB,33.35724224,-116.85955329,1662.5228,shakealert
PMTN,37.8313718494,-119.0569330878,2401.64891,gage
PMUV,18.544896345526485,-95.12265755871023,752.2793306285939,rtdb
PNE2,10.1951656166,-85.8287075753,19.59569,gage
PNNN,40.061278944,-105.2062111667,1573.264,rtdb
PNVL,44.31292126,-120.84652153,873.2329,shakealert
POBG,33.6871335112,-116.923752941,982.22049,gage
POME,46.4799437432,-117.6317108762,551.01626,gage
POMM,35.9199138211,-120.4784433456,597.15254,gage
POP1,19.06704042715359,-98.62808679153882,4017.4302527400364,rtdb
POTR,32.61841413,-116.59087035,730.2427,shakealert
POVA,2.44909,-76.61474,1749.35512,rtdb
PPBF,33.8357287622,-117.1820954975,428.09266,gage
PPPT,40.0609155,-105.205555555,1571.4,rtdb
PRDS,50.8713497115,-114.2935013968,1247.94678,gage
PRKW,19.942804,-155.66777,841.7,rtdb
PRSN,18.2171,-67.1447,28.798,rtdb
PRSR,46.2156752797,-119.7908399262,197.60337,gage
PRX5,39.9494906362,-105.1942700748,1728.89109,gage
PSAP,33.8192378633,-116.493997323,86.76554,gage
PSDM,34.091767069,-117.8070984029,278.35657,gage
PSTX,31.31312,-115.83543,902.1444,rtdb
PTAA,48.1168283416,-123.4943625754,66.84048,gage
PTAL,49.2563278259,-124.8609577424,92.82091,gage
PTAR,-53.155235955261034,-71.04962458033587,632.9759022143869,rtdb
PTAX,32.37748853,-115.45634002,1060.3222,shakealert
PTEX,32.2884543318,-116.5212414299,340.56289,gage
PTIR,46.4845831952,-84.6308451747,151.41464,gage
PTPP,8.2043395879,-82.8790362186,54.23739,gage
PTRB,37.99617918,-123.01872743,145.7467,shakealert
PTRF,48.5442673341,-124.4130603656,172.84751,gage
PTRH,38.20916317,-121.94359157,35.2597,shakealert
PTRL,37.9961814606,-123.0187288644,146.8969,gage
PTRO,38.20949465,-121.94417128,28.0281,shakealert
PTSG,41.7827410122,-124.255201908,-10.17592,gage
PTSN,45.9391572812,-119.609757966,118.57213,gage
PUH2,19.421317,-155.907647,50.7,rtdb
PUJE,10.1139786337,-85.2724781891,29.15429,gage
PUMO,10.0644996372,-84.9667128199,17.9515,gage
PUPU,47.49955802,-122.00808334,542.4449,shakealert
PVE3,33.7432996242,-118.4042633159,71.03543,gage
PVGP,17.978033,-66.788531,-2.516,rtdb
PVHS,33.7794570629,-118.3721722748,259.57206,gage
PVRS,33.7738658264,-118.320596078,59.81774,gage
PWEL,43.2367322742,-79.2196697362,43.84403,gage
PXYZ,40.0612827888,-105.00620675,1571.588,rtdb
QAQ1,60.7152660875,-46.0477694235,110.50672,gage
QCY2,36.1610691797,-121.1373554176,101.44004,gage
QHTP,34.6286821499,-118.2448194676,863.02522,gage
QIKI,67.5593412253,-64.0336773606,13.36625,gage
QLLN,-43.11418021496092,-73.66424438014005,197.94252523099559,rtdb
QMAR,47.7750987637,-120.9655679402,812.12444,gage
QSCO,-33.39188846648351,-71.70194957658353,31.074545805405165,rtdb
QSEC,9.8403806813,-85.3572715863,17.6845,gage
QUAD,50.1324932737,-125.3308336369,-7.3578,gage
QUEX,32.5492053938,-115.1532278343,-16.2664,gage
QUIN,39.9745533302,-120.9444333026,1105.75904,gage
R301,38.6565985054,-107.5909508879,2024.13103,gage
RAAP,33.04223796,-116.91725537,395.0006,shakealert
RAGG,34.68313902,-116.15145959,729.9155,shakealert
RAMT,35.338715762,-117.6833536893,1406.59283,gage
RAPT,36.66492289,-119.44870895,88.8945,shakealert
RBRU,36.75912597,-119.82867125,58.9498,shakealert
RCA2,34.4999839975,-119.7200047904,1179.21641,gage
RCHY,16.7039051657,-62.1532082665,313.13638,gage
RCSC,33.44414514,-117.58648107,160.9631,shakealert
RDBA,18.2769206163,-70.3283568105,30.17757,gage
RDCI,19.0588566016,-70.8563901989,1255.64052,gage
RDGM,36.8114498453,-121.347955146,128.25015,gage
RDLT,19.3066120432,-69.5466582923,-13.82881,gage
RDM2,19.8500957045,-71.6434977726,-22.41142,gage
RDMA,19.53879,-71.07724,65.699,rtdb
RDMC,19.848741,-71.638857,-18.868,rtdb
RDMT,34.6439403375,-116.6246907842,1782.99372,gage
RDNA,19.3689803636,-69.8469865947,-27.88425,gage
RDNE,18.500752246,-71.420455009,91.3685,rtdb
RDOM,37.6770676913,-118.897947124,2417.44324,gage
RDON,16.9341853033,-62.3462567019,106.56339,gage
RDPE,18.0372293633,-71.7395923075,-7.24109,gage
RDPP,19.811308984,-70.7132446482,-26.63154,gage
RDSD,18.461398701,-69.9113224147,-9.19636,gage
RDSF,19.2857134503,-70.2464896409,76.5541,gage
RDSJ,18.819476817,-71.2270052442,405.1244,gage
RDTO,18.47924,-69.83595,11.459,rtdb
RDTP,47.27268165,-120.75768902,1518.9035,shakealert
RDVE,19.2131228819,-70.5273304992,68.98738,gage
REDM,44.259765814,-121.1478845734,919.80775,gage
REED,43.70100665,-124.10779991,-14.1696,shakealert
REPO,36.8403511755,-116.4683460191,1479.44262,gage
RESO,74.6908192065,-94.8937107012,20.11787,gage
RG03,33.6546910021,-105.1541664889,1572.60464,gage
RG05,32.5525253424,-108.3563808387,1802.30126,gage
RG06,32.6348968226,-107.8647902126,1633.20525,gage
RG07,32.4965,-106.84331,1391.0,rtdb
RG08,32.7283518839,-104.9940653124,1488.65625,gage
RG10,36.45123,-106.53857,2217.0,rtdb
RG11,36.5231651549,-105.7791038715,2211.23112,gage
RG13,36.4912577071,-104.2114921933,2039.55853,gage
RG16,39.884356457,-106.3485122253,2597.68272,gage
RG21,37.7678461772,-107.1091980092,2763.90534,gage
RG23,37.7438717393,-105.4985175237,2621.2329,gage
RG24,37.9635238873,-104.9667694304,2211.90566,gage
RHCG,34.00090421,-118.01335639,338.6633,shakealert
RHCL,34.0190532079,-118.0261775163,176.85699,gage
RKD1,48.9643498778,-119.4130315138,313.17752,gage
RKMG,33.6741277307,-117.6094337137,377.56345,gage
RMRK,46.7494703683,-120.7923140068,477.33905,gage
RMVJ,33.4858130983,-117.5553275167,136.36733,gage
RNCH,35.8999976961,-120.5248339975,838.82085,gage
ROA0,16.3181543194,-86.5268396747,9.99936,gage
ROB1,-32.97582562361398,-71.01584535184068,2208.65685062399,rtdb
ROCK,34.2356773814,-118.6764385599,553.38734,gage
ROCP,37.81641782,-122.06295056,582.018,shakealert
ROSS,48.8337292187,-87.5196037222,149.85935,gage
RPIG,21.8849374822973,-99.98271118522558,987.3829726239312,rtdb
RPUB,48.64934929,-118.73412081,797.6484,shakealert
RSBG,43.23501686,-123.35938777,135.2218,shakealert
RSCS,33.44413,242.4135,162.5,rtdb
RSTP,34.8750818282,-118.1929301897,712.71881,gage
RSVY,34.5414783397,-119.184442013,987.41184,gage
RTHS,34.089152361,-117.3533404218,328.65491,gage
RUBO,-1.7280322052,29.2559460656,1464.98511,gage
RUBY,40.6172084906,-115.12283861,1881.73678,gage
RUNG,32.9723104207,-114.9780355745,119.66378,gage
RVRD,1.067635574029016,-79.38508652647405,48.49790908162396,rtdb
RYMD,46.6841290268,-123.7304135565,-10.45911,gage
S300,37.6665070296,-121.558273275,495.74467,gage
SABA,17.6205113068,-63.2428379194,278.9617,gage
SABN,17.6445580441,-63.2409392008,288.11088,gage
SABP,17.6250732552,-63.254783441,310.94041,gage
SABY,17.6458521966,-63.2205702013,-3.73442,gage
SACY,33.74324803,-117.89558517,-11.271,shakealert
SAJU,10.0671233324,-85.7105558487,73.73925,gage
SALM,44.9279049,-123.0065451,44.38,shakealert
SAMM,47.5398618384,-122.0331751564,7.01492,gage
SAN0,12.5804512525,-81.7157205063,10.08537,gage
SAOB,36.7653075836,-121.4471935552,359.93968,gage
SARG,36.9035468574,-121.5544675408,56.15806,gage
SAWC,37.6898963624,-118.953169955,2440.2907,gage
SBCC,33.5530029161,-117.6614937104,88.65897,gage
SBLL,-34.79208473023254,-70.78069955552341,898.5180276280622,rtdb
SBRB,37.68645121,-122.41085026,-13.2392,shakealert
SBRU,37.6864521498,-122.4108490097,-13.20341,gage
SC00,46.9509230232,-120.7246127322,1178.3801,gage
SC01,34.0679517296,-106.9665455011,2097.37938,gage
SC02,48.5461932177,-123.007612933,-15.02928,gage
SC03,47.8165858846,-123.7057395332,2018.51335,gage
SC04,48.92316251,-123.70413149,14.8844,shakealert
SCCP,37.65184564,-122.00206972,419.2999,shakealert
SCGP,34.9376986618,-82.2325829112,278.02764,gage
SCH2,54.8320912234,-66.8326219807,498.48575,gage
SCIA,34.6074474363,-117.3883058958,831.44474,gage
SCIP,32.9144309158,-118.4879462965,452.8351,gage
SCOR,70.4853374773,-21.9503425172,128.55004,gage
SCW2,12.6833,-87.0,876.0,rtdb
SDHL,34.2550106431,-116.2789011451,835.0643,gage
SE01,39.4003492441,-107.2121041685,1878.84469,gage
SEAS,45.9842249,-123.92242376,-12.0231,shakealert
SEAT,47.6539755494,-122.3094785685,44.1873,gage
SEDR,48.5215562094,-122.2238505507,29.83344,gage
SELD,59.445705351,-151.7066738897,20.53587,gage
SENU,61.069581834,-47.1413198618,667.07918,gage
SEPR,46.2003280192,-122.1910499622,2100.50429,gage
SEQM,48.09141479,-123.11354481,34.7078,shakealert
SEUB,17.4886583061,-62.9618313069,63.42706,gage
SEUH,17.4745087391,-62.9523111477,48.83638,gage
SEUT,17.4714790493,-62.9758611118,30.91433,gage
SFDM,34.4598074276,-118.754513646,291.52032,gage
SG27,71.3228909315,-156.6103351413,9.37233,gage
SGCC,3.37223,-76.52991,1006.84897,rtdb
SGCG,6.9921,-73.06432,966.7166,rtdb
SGDM,34.20563032,-117.86170863,420.7523,shakealert
SGLG,32.6492667299,-115.7263817373,78.35506,gage
SGPS,33.91253732,-116.69569106,476.7413,shakealert
SGU1,37.1131923221,-113.5703007414,894.80986,gage
SHIN,40.5916776599,-120.2250479809,1377.32347,gage
SHKE,40.1782034575,-105.0891876134,1508.99512,gage
SHLD,41.8683657951,-119.0156885305,1457.55354,gage
SHOS,35.9713439981,-116.2989877686,582.39113,gage
SHP5,35.26863525,-120.6712866,16.5632,shakealert
SHPB,49.34750665,-126.25985668,5.7417,shakealert
SHRC,37.6249378504,-118.945631232,2352.13707,gage
SHRV,32.4276863723,-93.7046395157,36.69921,gage
SIBY,42.1701629075,-83.2413362076,152.47899,gage
SIHS,31.8433828136,-91.6554439953,5.72886,gage
SILK,34.1028644236,-118.2638783735,106.2114,gage
SIMM,35.351114,-119.99780954,583.586,shakealert
SIO5,32.84073744,-117.24969669,185.5057,shakealert
SKGT,48.43343486,-122.34247122,-6.7377,shakealert
SKPU,48.43359508,-122.34517743,-0.432,shakealert
SKUL,36.7304535491,-116.2106284583,1237.29654,gage
SKYB,34.438625732,-118.4786364806,520.22858,gage
SLAC,37.4165198894,-122.2042705108,63.66013,gage
SLHG,33.1926242764,-116.2540631765,177.63329,gage
SLID,39.3142767125,-119.8842925555,2902.52341,gage
SLMS,33.2922282085,-115.9778465892,-45.93149,gage
SMAI,47.5235705255,-122.345060686,113.42664,gage
SMEL,39.4256421217,-112.844931611,1422.13449,gage
SMM1,72.579584,-38.459185,3260.293,rtdb
SMM4,72.5736936677,-38.4709214351,3264.07013,gage
SMNR,47.2088086,-122.2397346,6.97,shakealert
SMRT,18.042266767,-63.1088690982,-32.786,rtdb
SMTH,54.82374842,-127.18687581,513.5446,shakealert
SNFD,35.4735296074,-79.1580587405,94.06129,gage
SNHS,33.92733971,-117.9286348,66.4364,shakealert
SNI1,33.2478788998,-119.524373614,239.63725,gage
SNLR,1.2925226710888824,-78.84701463254768,22.677276938496437,rtdb
SNOG,34.03521254,-116.80779486,2314.684,shakealert
SNOQ,47.391308176,-121.3882841815,770.03083,gage
SNRS,46.9146126993,-121.6436037274,1938.33056,gage
SOD2,37.16640735,-121.92552661,986.8214,shakealert
SODB,37.16640704,-121.92552638,985.5205,shakealert
SOMT,34.3199421132,-119.0643404493,464.22308,gage
SONG,33.3807517051,-117.5602673276,-2.95629,gage
SPED,18.4610165464,-69.3055726134,-22.13663,gage
SPIC,39.3062128914,-112.1274788017,1670.43389,gage
SPIG,31.046069387375496,-115.46603552910274,2752.105391140747,rtdb
SPK1,34.0593456636,-118.6461690455,440.11783,gage
SPKN,47.6276622539,-117.5025824548,694.58195,gage
SPMS,33.9926563782,-117.8487824374,207.02278,gage
SPRA,44.82669034,-119.77630812,566.7914,shakealert
SPRG,47.3098542239,-117.9753359028,600.48204,gage
SPT0,57.7149615015,12.8913555241,220.04692,gage
SRB1,37.87435926,-122.26696849,54.663,shakealert
SRB2,37.8743845718,-122.2670491931,54.93544,gage
SRGD,-22.87113594776915,-69.34783388216945,1899.3538617308736,rtdb
SRIG,27.319790005884688,-112.24099766488958,6.187425361595052,rtdb
SRMP,72.9106792584,-54.3937155082,370.61101,gage
SROD,19.475251456,-71.3411616465,98.77945,gage
SRS1,34.0043396037,-120.0652291812,68.2086,gage
SSHO,47.6822983253,-122.3151674566,74.08674,gage
SSIA,13.6970857974,-89.1165942286,626.63305,gage
SSIG,24.81642985053751,-107.14492715719167,129.56290090258545,rtdb
STAY,44.8307065307,-122.8208615786,110.86318,gage
STEM,61.5496440725,-149.326948163,43.262,gage
STFU,37.42690914,-122.17329658,20.3794,shakealert
STHM,44.39618028,-122.73423039,144.732,shakealert
STJO,47.5952424255,-52.6777538511,152.83514,gage
STVI,18.340101,-64.97445,-21.621,rtdb
SUAM,5.70987,-72.9247,2529.59168,rtdb
SUP3,46.3026642508,-85.5128089213,221.67831,gage
SUTB,39.2058353487,-121.8206042555,616.5288,gage
SVIC,43.6430617906,-121.2532795245,1751.33689,gage
SVIN,38.0331814222,-122.5263259713,-27.56868,gage
SWEP,37.61168618,-122.45770349,349.295,shakealert
SWNB,43.6727362353,-121.3554477814,1550.35212,gage
SYNG,34.6072330346,-120.0695627221,167.84425,gage
T2IG,14.882264269508342,-92.29589774995287,112.46494019497179,rtdb
T3RP,37.9278911,-122.58826246,732.3741,shakealert
TABL,34.3818503638,-117.6782881355,2228.0353,gage
TACO,47.2288660735,-122.4715098125,81.08438,gage
TAFT,35.15654572,-119.48517305,287.0287,shakealert
TALH,30.3965293625,-84.3558512754,-7.29668,gage
TALL,32.4003380116,-91.18301357,6.0743,gage
TBLP,35.9174117038,-120.3603414928,937.53954,gage
TCA0,26.741468,-77.382529,-24.857,rtdb
TDLS,45.6077096404,-121.1295094637,26.50012,gage
TEAT,5.42178,-73.53931,3291.97219,rtdb
TECO,18.9845531194,-103.861021318,213.22627,gage
TEG2,14.0900745381,-87.2056434444,951.37589,gage
TEHA,35.1430597,-118.46979831,1174.5732,shakealert
TFNO,49.1541418448,-125.9078400738,-3.84131,gage
TGDR,18.208057,-71.091974,25.977,rtdb
TGIG,16.778184995811575,-93.12225951346961,610.0232877780176,rtdb
TGMX,20.868118,-86.866857,-3.576,rtdb
TGUA,46.2191956811,-122.1923349647,1618.30065,gage
THAR,46.2752502368,-122.1740374613,1430.60253,gage
THCP,35.1581828803,-118.4145762593,1652.39565,gage
THM2,33.5495456373,-117.7668202293,188.30364,gage
THMG,33.6506398865,-116.0772540247,33.62302,gage
THMS,33.54963923,-117.76680249,189.1935,shakealert
THU2,76.5370485217,-68.8250552954,36.24753,gage
TIBB,37.8908775115,-122.4476094183,-21.10662,gage
TILC,37.618887093,-118.8628585144,2165.28361,gage
TILL,45.4551288,-123.83076901,-4.5985,shakealert
TIVA,36.9348476471,-116.2297093179,2034.16398,gage
TJRN,34.483477611,-120.1325712321,157.16101,gage
TLGT,-33.776325321518456,-70.98878871444069,1347.3292733606972,rtdb
TLIG,17.562641120668268,-98.56646344273591,1098.6762655135203,rtdb
TMAP,33.6412458966,-116.1604657686,-66.93816,gage
TN13,35.9436274697,-83.2073466593,359.1865,gage
TN16,35.9027303453,-84.6012212703,216.59764,gage
TN24,36.1343675899,-85.4994031925,308.31863,gage
TN35,36.1039385405,-87.6226552933,230.16971,gage
TN37,35.6038285622,-87.0938145161,192.67299,gage
TN44,35.6404239698,-88.9190736674,91.11917,gage
TNAL,19.118715511,-98.6552389819,3987.25033,gage
TNAM,20.5356382151,-103.9668233223,1222.7021,gage
TNAT,18.1301785917,-98.0411308034,1301.00776,gage
TNBA,28.971917,-113.547285,5.8,rtdb
TNCC,18.7910798608,-103.1729575854,1074.23056,gage
TNCM,19.4981382867,-105.0448280209,83.08631,gage
TNCN,18.5537533706,-101.9708201892,331.68033,gage
TNCU,28.4505540707,-106.7940506778,2106.9468,gage
TNCY,16.0585354093,-97.759148319,26.99788,gage
TNGF,19.326944,-99.17607,2273.0,rtdb
TNHM,29.0813111081,-110.970305769,174.26586,gage
TNIF,18.2715049491,-101.8956091099,282.21341,gage
TNLC,19.5061115393,-104.5492303522,267.84628,gage
TNMO,19.64878,-101.22784,1963.89,rtdb
TNMQ,16.7102816771,-98.6116305146,407.21944,gage
TNMR,18.28847636875251,-103.34553830293642,44.17933243683734,rtdb
TNMS,20.5347692992,-104.7966985375,1221.87954,gage
TNMT,19.5857187306,-104.2741195384,1933.58317,gage
TNMZ,19.123606,-104.401534,2.67,rtdb
TNNP,16.12052,-97.14198,493.0,rtdb
TNNX,17.4075712647,-97.2238995848,2123.07012,gage
TNPJ,15.704610594882723,-93.21890271048167,68.42978356859088,rtdb
TNPP,31.3355177582,-113.6316383663,27.63539,gage
TNSJ,16.1724193029,-96.4895371901,2741.81366,gage
TNTM,19.2391486518,-104.7899180908,12.71544,gage
TOIY,39.5421712917,-117.0494113552,2299.04839,gage
TONO,38.0971923513,-117.1840442569,2066.00744,gage
TORP,33.7978011431,-118.3306113104,-5.22983,gage
TOST,34.2479588225,-118.836672362,274.35734,gage
TOWG,35.8085641166,-117.7649042523,657.12061,gage
TPOG,34.8788598,-118.2285777856,772.22854,gage
TPW2,46.20737197,-123.76836504,-14.9538,shakealert
TRAI,49.09810981,-117.70995896,416.1005,shakealert
TRAK,33.6179380566,-117.803442575,115.51875,gage
TRAT,0.8616356296193082,-79.85934108351127,161.72246017562142,rtdb
TRCP,37.9974257282,-122.6158632976,217.60947,gage
TRLK,37.46664236,-120.82865298,2.4439,shakealert
TRLP,1.1019293021150447,-79.15366954862132,26.41502178756622,rtdb
TRND,41.0538866784,-124.1508688891,78.15347,gage
TRNT,16.7642856495,-62.1632939779,-23.32299,gage
TRPD,-33.022810932364386,-71.64746685688725,61.845092261140614,rtdb
TRPG,0.8165055916754305,-80.01442338544886,39.86888345921026,rtdb
TRTH,0.9787858282901923,-79.62542234592102,23.365479938146834,rtdb
TSFX,30.9339285945,-114.8106420719,-7.11549,gage
TSTU,46.2368655773,-122.224068414,1248.59681,gage
TSWY,43.6740882845,-110.5974801797,2190.71934,gage
TTSF,10.2767062844,-61.4655032373,-3.14528,gage
TTUW,10.6395390596,-61.399083811,-7.523,gage
TUCO,1.81485,-78.7477,18.70809,rtdb
TUKW,47.4638591,-122.2542055,21.36,shakealert
TUMW,46.9842996386,-122.9121633573,46.01583,gage
TUNG,40.403199618,-118.2575088776,1414.7562,gage
TWHL,47.015904212,-122.9228777814,107.27202,gage
TWIW,46.2129144467,-122.1587348728,1630.53496,gage
TWMS,33.9724568156,-117.7255280122,208.05621,gage
TWRI,46.1979009363,-122.2119302381,2070.85853,gage
TWSP,48.36554275,-120.12167331,477.7047,shakealert
TXAB,32.5032572152,-99.7568233682,488.59227,gage
TXAM,35.1535615621,-101.8784681052,1098.1159,gage
TXBA,31.7655936776,-106.4464404132,1113.08327,gage
TXC1,31.8136909112,-94.1602640542,69.43755,gage
TXCH,34.4596009186,-100.2782830365,563.98077,gage
TXDR,29.3644095797,-100.8995121633,280.15087,gage
TXEL,31.691514157,-106.2715703485,1122.01338,gage
TXHE,30.0990247182,-96.0634959141,47.4233,gage
TXJA,33.1948202303,-98.1456277354,326.04424,gage
TXKM,31.842603159,-103.1086956258,848.02281,gage
TXKR,30.0649366678,-99.1214924293,505.41376,gage
TXLF,31.3563504281,-94.7183199463,77.44309,gage
TXLL,30.733535618,-98.6785968241,306.33289,gage
TXLR,27.5138683242,-99.4479308171,113.63088,gage
TXLU,33.5354184831,-101.8428360318,956.04328,gage
TXPR,26.2084833741,-98.1892593932,15.1176,gage
TXSA,31.4143243989,-100.4728891641,566.05322,gage
TXSN,30.1525770674,-102.4094906814,850.86446,gage
TXSO,32.1411711163,-101.807612714,801.49472,gage
TXST,32.232592053,-98.1821962729,376.56812,gage
TXTI,28.4680303851,-98.5643024975,57.87735,gage
TXTY,32.2496154757,-95.3936137071,120.11469,gage
TXUV,29.2005180372,-99.8271078506,262.51246,gage
TXVA,28.8349316888,-96.9096012573,9.77734,gage
TXWA,31.5777155507,-97.1105143901,101.6763,gage
TXWF,33.8539241545,-98.5055576294,280.16251,gage
TXWT,31.8701145034,-106.4426847045,1193.31465,gage
UAGU,21.9185336886,-102.3149671581,1858.801,rtdb
UAIB,-33.49323564047445,-70.50977467809209,1079.5074605292364,rtdb
UAPE,-20.24299819333112,-70.14126404011719,56.13806202591875,rtdb
UCD1,38.53623916,-121.75123607,-0.5327,shakealert
UCLP,34.0691237239,-118.4419175548,111.52732,gage
UCLU,48.9256365547,-125.5416416298,10.10083,gage
UCOE,19.81321,-101.69442,1973.382,rtdb
UCSB,34.4133094543,-119.8438225449,-9.61179,gage
UCSF,37.7629702135,-122.458157178,154.59122,gage
UDAT,-27.357234027180773,-70.35443051734951,404.8905387846558,rtdb
UDEC,-37.47230069889236,-72.3447893260823,178.20248814782627,rtdb
UFDA,47.7550079196,-122.6674184446,76.59088,gage
UGEO,20.6938,-103.2511,1540.9,rtdb
UJUR,20.70419975,-100.446973305555,1944.852,rtdb
UKIA,45.13279637,-118.93658504,1009.0162,shakealert
UNIV,42.2856201671,-84.3859243711,264.4932,gage
UNPM,20.8685027654,-86.8681759409,-0.48041,gage
UNTO,19.319574478925826,-99.59762074147932,2600.08915437414,rtdb
UPSA,39.6271107779,-118.8022840356,1233.26875,gage
UPTC,41.6288149097,-79.6640707144,342.00668,gage
USC2,34.0195164258,-118.2773318015,55.91372,gage
USGC,33.0300655322,-116.0853412357,133.43449,gage
USLO,35.3118077928,-120.6611012475,134.63571,gage
USMX,29.8216527794,-109.6810518791,625.46376,gage
USN7,38.9205665414,-77.0662785882,58.91544,gage
UTON,19.0334468987,-98.3162418481,2157.31399,gage
UVFM,37.8787488316,-78.6936879804,512.94637,gage
UXAL,19.516385329,-96.92475699,1360.988,rtdb
UXUV,17.318035008116677,-94.1459361729507,102.3252897918178,rtdb
VAGP,37.2486221557,-76.4993767137,-21.1884,gage
VALN,-33.02793420081387,-71.6350256750521,118.53444084206522,rtdb
VBAM,9.04587,-73.96928,34.01402,rtdb
VBUV,5.53321,-73.85894,3035.62999,rtdb
VCAP,44.2619844998,-72.5823837223,159.41755,gage
VCAR,6.18253,-67.49485,46.01535,rtdb
VCST,34.8515050656,-119.4838668942,809.5835,gage
VCTG,10.20865,-75.50547,23.98574,rtdb
VCVL,38.394529986,-121.9469451354,0.34276,gage
VCWA,45.6176261393,-122.5160743448,77.0068,gage
VDCY,34.1785676199,-118.2200073529,318.16362,gage
VERA,10.8536190378,-84.8690400661,64.30245,gage
VIKH,17.7161849001,-64.7981234868,-6.3976,gage
VIMT,34.126450414,-118.5144210178,553.69636,gage
VINZ,34.96239354,-118.93901213,382.0473,shakealert
VIS0,57.6538726694,18.3673240669,79.89087,gage
VITH,18.3433334106,-64.969211944,4.42383,gage
VMAG,9.28674,-74.84732,61.09184,rtdb
VMER,1.78501,-77.1533,1199.9635,rtdb
VMES,6.88333,-73.09168,1644.49631,rtdb
VNCO,34.2757680649,-119.2376773872,25.62785,gage
VNCX,34.2931953309,-118.4845473128,328.58571,gage
VNDP,34.5563154225,-120.6164593345,-11.52826,gage
VNPS,34.5014827637,-118.1211644169,961.89254,gage
VPOL,10.79377,-74.86084,89.20836,rtdb
VQUI,5.69232,-76.6417,82.5116,rtdb
VRAI,9.924849229,-83.1906378781,438.29877,gage
VRNT,46.6368565536,-119.7320351651,115.837,gage
VSJG,2.53251,-72.63897,227.76769,rtdb
VSOA,4.60258,-74.27288,2668.83479,rtdb
VTAM,6.4524,-71.75348,353.39797,rtdb
VTD9,44.9509825969,-72.1602084847,283.33222,gage
VTIS,33.7126430578,-118.2938308443,59.47657,gage
VTOR,33.2250171113,-117.1931920638,379.89864,gage
VTOX,44.0078343366,-72.1143430991,125.26936,gage
VTRU,43.6071323412,-72.9794251293,160.30186,gage
VTSP,43.2814661877,-72.4775732997,155.29017,gage
VZPQ,5.01902,-73.98697,2594.6282,rtdb
WAAK,61.5678968493,-149.5538570735,110.29679,gage
WALA,46.0915085856,-118.258145656,368.76361,gage
WASG,35.7383889881,-118.5569836368,1834.91866,gage
WATC,37.6643313365,-118.6538905441,2363.78594,gage
WCHS,34.0618998944,-117.9111177912,100.072,gage
WDBN,45.1708631596,-122.8700550966,39.72544,gage
WDCB,40.58009935,-122.54065412,259.6062,shakealert
WEBG,45.77957561,-122.5628291,67.2888,shakealert
WES2,42.6133367052,-71.4933309943,85.01573,gage
WGPP,35.0108493956,-118.9836940232,351.97022,gage
WHC1,33.9798874917,-118.0311767794,94.19175,gage
WHFG,35.6950533307,-118.3519593606,861.87564,gage
WHIT,60.7505093,-135.2221167288,1427.43646,gage
WHYT,33.67449335,-117.64346459,265.3987,shakealert
WIDC,33.9347580006,-116.3917864533,445.03743,gage
WIF3,44.0596301622,-121.8175784724,1947.4078,gage
WIKR,63.5527246288,-150.9222156331,1188.7697,gage
WIL1,41.3052630793,-76.015313409,384.37598,gage
WILL,52.2368656325,-122.1678165128,1095.71055,gage
WIN2,37.6526531305,-122.1406350763,-27.65174,gage
WINT,37.6526456488,-122.1405750174,-28.80722,gage
WISN,45.8219688374,-92.3685239396,274.95985,gage
WKPK,34.568500565,-118.7415245441,1208.91518,gage
WLHG,36.1521108334,-118.3131149341,2646.2444,gage
WLSN,34.2261231007,-118.0559196492,1705.26919,gage
WLWY,44.639516637,-110.2866587385,2642.97355,gage
WMAP,34.2594266152,-118.4142985768,268.08401,gage
WMDG,33.03832347,-115.58189818,-78.5679,shakealert
WMOK,34.7378930073,-98.7805277121,467.3882,gage
WMSG,45.13126326,-121.59727796,1048.0216,shakealert
WNRA,34.0432334741,-118.059240293,38.49858,gage
WOMT,34.6690143751,-116.9316699777,1353.02672,gage
WORG,35.6955680278,-118.242391124,798.36004,gage
WOSB,50.16074176,-126.57036377,945.297,shakealert
WRHS,33.9581549259,-118.4276146024,7.86778,gage
WSKY,40.6033995034,-122.5564172352,469.2232,gage
WSLB,50.12653818,-122.92119226,909.6587,shakealert
WVBU,39.3380149273,-78.9135054306,198.76179,gage
WVCV,39.0153072192,-79.4569550233,967.94291,gage
WVHU,38.4229574191,-82.4247086129,186.41375,gage
WVNR,38.8957045762,-79.8584167956,581.48581,gage
WVOH,37.9982644884,-81.1321714613,596.18959,gage
WVRA,38.9413593246,-81.7513542506,147.98169,gage
WWFG,33.2788348017,-115.5787820295,-93.57251,gage
WWMT,33.955314226,-116.6538614907,796.63283,gage
WYLC,41.1045312777,-104.775374896,1823.87846,gage
WYRF,42.8306616201,-106.3273770909,1633.57563,gage
WYSH,44.8004962405,-107.0099383507,1220.60844,gage
XANE,47.44489244,-120.36622172,413.6125,shakealert
XCTY,29.6310097182,-83.1081567477,-15.30029,gage
XPLO,-46.484038810545336,-73.19481023279559,93.98478024340307,rtdb
YACH,44.2929552816,-124.0804367065,418.30536,gage
YAIG,18.86242768060332,-99.06693332876424,1288.667152082589,rtdb
YAKI,46.6049626833,-120.5050675918,323.71805,gage
YBH2,41.7316545115,-122.7107395124,1065.78625,gage
YBHB,41.73165457,-122.71073944,1065.6717,shakealert
YELL,62.480891702,-114.4807087521,181.04477,gage
YFB1,63.7314913595,-68.5431887044,9.63558,gage
YOCR,45.3791016043,-121.7435539806,1884.27402,gage
YONC,43.63411055,-123.29830329,86.8953,shakealert
YORK,39.9870306106,-76.7401567634,98.3552,gage
YQX1,48.9664913683,-54.5976348333,146.45469,gage
YUHG,32.6475675165,-115.9222388644,152.56732,gage
YUMX,32.0276840043,-115.1992054808,-28.42106,gage
YWG1,49.9005733437,-97.2594012059,221.66343,gage
YYR1,53.3086483089,-60.4194715773,37.46871,gage
ZAB1,35.1735746546,-106.5673517676,1619.67436,gage
ZAU1,41.7826580588,-88.3313391889,195.40788,gage
ZBW1,42.7357211218,-71.4804283398,38.67239,gage
ZDC1,39.1015962681,-77.5427488215,79.60244,gage
ZDV1,40.1873025806,-105.1272266682,1540.90578,gage
ZIHU,17.606906307755864,-101.46497168012993,15.417293941679663,rtdb
ZKC1,38.8801591443,-94.7908360122,305.44634,gage
ZLA1,34.6035192938,-118.0838993736,763.07156,gage
ZLC1,40.7860423283,-111.9521800524,1286.98486,gage
ZME1,35.0673940419,-89.9553719402,68.15435,gage
ZMP1,44.6374629532,-93.1520881224,262.19479,gage
ZNY1,40.7843294196,-73.0971679912,5.98846,gage
ZOA1,37.5430552195,-122.0159524343,-3.96354,gage
ZSE1,47.2869923448,-122.1883744276,81.63643,gage
ZTL4,33.3796887622,-84.2967278286,260.68944,gage
